source_file	line	flag	text
《坐牢家爸爸给女儿的八十封信》目录.txt	4		　　001.猫狗谚
《坐牢家爸爸给女儿的八十封信》目录.txt	31		　　028.说姓道名
《坐牢家爸爸给女儿的八十封信》目录.txt	59		　　056.从达芬奇到蒲公英
《坐牢家爸爸给女儿的八十封信》目录.txt	63		　　060.萨摩亚与自挽诗
《坐牢家爸爸给女儿的八十封信》自序.txt	3		　　我的独生女儿李文（Hedy Lee）生在1964年9月22日，生在美国纽约。她的降世，是偶然的，因为尚勤去美国时，局面已是分手，不料去了不久，来电说有了小孩，就这样的，李文生在美国，我阴错阳差的变成美国人的爸爸。
《坐牢家爸爸给女儿的八十封信》自序.txt	11		　　在我写的信中，为了增加趣味和理解，我尽量酌配插图，这些插图都是从书上割下来的。牢中没有剪刀或刀片，我把破皮鞋中的钢片抽出来，在水泥台上磨出锋口，用来切割，与刀片无异。冯音汝少校有一次奇怪我为什么能把图片割得那么整齐，我说我神通广大，他也没再追问。回想这些写信往事，实在恍然如昨。
001.猫狗谚.txt	1		猫狗谚
001.猫狗谚.txt	7		　　下大雨是rain cats and dogs，正是中文“大雨倾盆”的意思。中文描写雨大，说一盆水翻下来；英文则是猫狗都下下来。夫妻两人整天吵架，英文是He and his wife led a cat-and-dog life．（过猫狗一样的生活）。 
001.猫狗谚.txt	9		　　每个人都有得意的日子，瓦片也有翻身时候，英文是The cat will mew and dog will have his day．（猫会咪咪叫，狗有他的好日子），也可以说Every dog has his day． 
001.猫狗谚.txt	15		　　猫很灵巧，很多困难都可以闪过，所以有句话说“一条猫有九条命”（A cat has nine lives.）。其实猫只能活十四年，最高活到三十年（狗只活十二、三年）。猫虽有九条命，但操心也会操死，何况人只有一条命，英文有一句Care killed the cat．就是“忧能伤身”的意思。还有一句Curiosity killed a cat．（好奇会要了猫的命），是劝人不要太好打听。 
001.猫狗谚.txt	17		　　猫碰到吃的，总是不可靠的，中文说“猫枕着大鱼头睡，不吃也要摸几下”；英文也有类似的话——Honest as a cat when the cream is out of reach.也是描写一个人不可靠。 
001.猫狗谚.txt	29		　　2．Before you hit the dog, look at the master．（打狗看主人。这一句是中文成语翻成英文。因为打一个人的狗，你就得罪了它的主人。If you beat a dog, you insult his master.） 
001.猫狗谚.txt	31		　　3．When the dog is beaten, the lion is tamed．（狮子驯，狗挨捶。在中文中，有一句很像的成语：“高鸟尽，良弓藏；狡兔死，走狗烹。”也可以简单地说“兔死狗烹”，翻成英文是After the cunning hare is killed，the hound is boiled．这里hound是猎犬，hare是野兔。hare的多数也是hare，有一种游戏叫hare and hounds，装兔的一边撒纸一边跑，装狗的在后面追。还有一句英文是Run with the hare and hunt with the hounds.意思是跟兔子跑又跟狗追，表示一个人骑墙滑头，两边讨好，两边都不得罪。） 
001.猫狗谚.txt	35		　　5．Every dog has his day．是成语，但说成Every dog has its day and every cat its night．更有意思（每条狗都有它得意的一天，每只猫都有它得意的一晚上）。 
001.猫狗谚.txt	37		　　6．The more I see of men，the more I admire dogs．（我看到的人愈多，我愈欣赏狗。）狗的特色是忠心，尤其不因为主人倒霉就做打落水狗的事。打落水狗是人干的事，不是狗干的事。这句英文的意思是人不如狗。说这句话的是法国名女人罗兰夫人（Madame Roland）。她后来被老同志害死了。 
002.再会呀，鳄鱼呀！.txt	7		　　“鳄鱼的眼泪”（crocodile tears）就是中文“猫哭耗子”（假慈悲）的意思。因为传说鳄鱼吃被它咬死的动物的时候要哭。 
002.再会呀，鳄鱼呀！.txt	11		　　还有一个描写假哭的英文，就是“洋葱”（onion），因为用洋葱擦眼睛人就会被辣出眼泪来，但这是莎士比亚（Shakespeare）剧本中的用法，很旧了。 
002.再会呀，鳄鱼呀！.txt	13		　　当你跟小朋友们说再会（good-by）的时候，你可以说： 
002.再会呀，鳄鱼呀！.txt	19		　　美国俗语把crocodile简说成croc，把alligator简说成gator或gater。 
002.再会呀，鳄鱼呀！.txt	27		　　中国古代一个文学家叫韩愈，在广东做官，送了一只羊一只猪给一群鳄鱼，还写了一篇《祭鳄鱼文》警告它们，要它们“其率丑类南徙于海”！（带着你们那些丑八怪搬到南边的海里去吧！）你说这个书呆子多好玩！
003.纸上谈钱.txt	13		　　二十五分叫两毛五，就是一块钱的四分之一，所以叫quarter，另外有三个词儿只是算的时候用，并没有这种角子： 
003.纸上谈钱.txt	51	risk	　　但他人好，老百姓说他好，他竟当了两次（不是连任）美国总统。在他当总统前九十年，他的一位亲戚建了全Ohio州最大的城，就是克利夫兰。 
004.喊一声“芝麻开门！”就行了.txt	5		　　过生日姑姑给你烤蛋糕，多好啊！蛋糕叫sponge cake，sponge是海绵，蛋糕蓬蓬的，不是正像海绵吗？cake就是糕饼的意思，美国有一种“饼步舞”（cakewalk），谁表演得最好就给谁一块cake。有一句成语叫take the cake，怎么用，姐姐做完功课时，向她请教。“两者不可得兼”是You cannot eat your cake and have it．“望梅止渴，画饼充饥”是to gaze at plums to quench one's thirst, to sketch a cake to satisfy one's hunger.有一个故事说请人吃饭，主人光用嘴说一道一道的菜，并没有真的菜端上来，这叫“巴米赛德酒席”（a Barmecide feast），也正是“画饼充饥”的意思。这个故事是《天方夜谭》里头的，天方就是现在的伊朗（Iran）。《天方夜谭》是一本一千多年的故事书，非常有意思，你要把它看一遍。姥姥给八舅写信，一开头就叫“辛巴”，就是《天方夜谭》里的“辛巴达”（Sinbad或Sindbad the Sailor），因为姥姥想叫八舅七航妖岛，所以这样叫。这本书里还有中国小孩阿拉丁（Aladdin）神灯故事，还有阿里巴巴与四十大盗（Ali Baba and the Forty Thieves）， 一喊咒话（charm）“芝麻开门！”（open sesame!）（芝麻是由中国经墨西哥（Mexico）传到美国去的）门就开了（他们若活到今天，若想开六姑锁来锁去的保险箱，喊一声“芝麻开门！”就行了）。《天方夜谭》英文名字叫《阿拉伯之夜》（Arabian Nights），也叫《一千零一夜》（The Thousand and One Nights），英文中跟阿拉伯有关的还有： 
004.喊一声“芝麻开门！”就行了.txt	7		　　Arabic numerals，也叫Arabic figures（阿拉伯数字），就是你算术上用的1，2，3，4，5，6，7，8，9，0（姥姥说你算术很好，爸爸很高兴）。street Arab意思是街上阿拉伯人，就是无家可归流浪街头又偷又讨的小孩。 
004.喊一声“芝麻开门！”就行了.txt	9		　　Arabian camel（阿拉伯骆驼）也叫单峰驼（dromedary），另外有两个峰的叫双峰驼（Bactrian camel）。骆驼虽然能负重致远（一天可走100英里），但若背东西背过了头，最后一根稻草（the last straw）也会压垮了它。英文有句格言叫The last straw breaks the camel's back。意思就是最后的小负担也会弄垮了全部、小事酿成大祸、凡事要适可而止。亲爱的小文，你喜欢爸爸写给你这些“台北夜谭”吗？
005.头头大观.txt	7	risk	　　美国第三十一任总统胡佛（Herbert C．Hoover他的太太会说中国话，他没当总统前，在中国做工程师）预言女人当美国总统的成绩会比男人好，你就好好干吧！“班主席”是头儿，英文中表示头儿的字，最普通是head，例如四姑父是“一家之主”，英文就是head of （the） family，校长也是head，电报局局长是the head of the telegraph office。 
005.头头大观.txt	9	risk	　　Boss是老板、领袖，但有时翻成中文“说了算”的意思最传神。His wife's the boss in his family．（在他家他老婆说了算；他老婆是他一家之主。）老板娘是boss's wife，小开是young boss of a business，就是小老板。chief也是常用的，the chief of police（警察局长），chief justice（首席法官），Chief of （the General） Staff（参谋[总]长），the Chief Executive（大写美国总统，小写各州州长），commander in chief（总司令），俗语chief itch and rub是指重要的人（校长也算），有点中文“巨头”的意思。另有一个字叫VIP或V．I．P．是very important person的缩写。美国有一种鱼叫“王鱼”（kingfish），也被用来叫boss，“祸首”则是chief culprit（罪魁）。 
006.指教.txt	5		　　你说姥姥手指肿了，要不要紧？肿的是哪一只？
006.指教.txt	7		　　手指是finger，指头尖是fingertip，She was a lady to her fingertips．是“她浑身都是淑女”，连指头尖（里）都是。指甲是nail，钉子也是，也叫fingernail He is witty to the fingernails是说浑身都是机智，机智都跑到指甲里头去了，连指甲里都有机智。 
006.指教.txt	11		    大拇指是thumb，童话里有一个Tom Thumb，任何小东西矮东西也叫Tom Thumb，喜欢吮大拇指叫thumb-sucker。thumb one's nose是一种做鬼脸。你在路上，若看到有人伸大拇指拦车，这种动作就叫thumb（也叫hitch-hike），这种人就叫thumb-pusher（也叫hitch-hiker），thumber就是揩油搭便车的。说这个人笨手笨脚的，常用His fingers are all thumbs. 十个指头全跟大拇指一样，不是完蛋了吗？ 
006.指教.txt	19		　　小指是little finger，说“玩弄别人于股（大腿）掌（手心）之上”，英文则是He has a remarkable talent for twisting people around his little finger．这 turn （twist） around one's little finger是成语，要记住。 
007.理发匠就是外科医生，外科医生就是理发匠.txt	9		　　意思就是一失掉机会，就抓也抓不住了——秃秃的，怎么抓？这句名言出自《伊索寓言》（Aesop's Fables），伊索是2600年前希腊的一名奴隶（a Greek slave），这本书非常好，你要看看，像小孩子喊：“狼来了！狼来了！”（Wolf！Wolf！）像“狗占马槽”（dog in the manger“占着毛坑不拉屎”）都是这本书里的故事。 
008.送礼·向厕所跑.txt	5		　　你的生日礼物（birthday gift or present）连同圣诞节礼物（Christmas gift），一并折成礼金（cashgift）30元，由姥姥转给你，再由你自己选要买的东西，好不好？同时你还该送礼（give gifts）给姐姐哥哥等，自然他们也会送礼给你，这叫“礼尚往还”。“礼尚往还”是中文，英文的意思则是“礼物像鱼钩”（Gifts are like fish hooks.）。就是可以“钓”到别人的，转成中文，又是“抛砖引玉”（to throw a brick and to get a gem in return）的意思。中国的规矩是礼物当面不打开，所以你送一盒砖头给人，人家也不知道。但美国规矩却要当面打开看，大概是过去有人送了砖头，所以人家不再上当，为保险起见，干脆当面看个清楚，（若还是砖头，可以立刻跟你算账！）这也是美国人比中国人“实际”的地方。如果你真的送的不是砖头，那你就“真金不怕火炼”（Genuine gold is not afraid of fire．），不怕别人当面打开。所以当姐姐说May I open it now？（我现在可以打开看吗？）的时候，你就可以大胆地说Sure，I wish you would．（当然，我恨不得你打开看看）。但如果你真的送的是砖头，那你就“做贼心虚”（One who has done something bad secretly cannot look others in the eye.）你就要赶紧跑到厕所去！（If you don't mind，I'd like to wash my hands.）锁上厕所门后，你可以大声向姐姐喊：Don't look a gift horse in the mouth!（不要挑人家礼物呀！）如果姐姐气得用砖头打门，说I wouldn't take it as a gift！（就是白给我我也不要！）那你就做一个“送了礼又收回去的人”（Indian giver），包起来，再送给哥哥吧！哈哈！ 
008.送礼·向厕所跑.txt	9		　　马愈老，牙愈多，公马最后可生40颗牙，母马36。送马给人家，人家从马嘴里可以看到这礼物的好坏，四百年前英文格言No man ought to look a given horse in the mouth.就是说不要挑剔人家的礼物。中文说“马齿徒增”则表示自惭老大。小马有两种：年纪小的是colt，身体小的是pony。 
009.你羊我就马，你马我就羊.txt	5		　　姥姥说感恩节带你去纽约看妈妈，多好啊！感恩节（Thanksgiving Day）其实就是谢谢节，谢谢谁呢？信教的人说是谢谢上帝。 
009.你羊我就马，你马我就羊.txt	15		　　你马我就羊，你羊我就马，小文你说，英文是不是故意跟中文捣蛋？ 
010.打老虎秘诀.txt	5		　　你看这画片上的两只小老虎多可爱。那头白的很少有，值一万美金，并且愈大愈贵。老虎只在亚洲才有，印度、中国、伊朗（就是10月21日信上跟你提到过的天方）、日本，都有。老虎可以长到四五百磅，能爬树、会游泳，虽然狮子是“百兽之王”（king of beasts），但专家说老虎比狮子还有力量。 
010.打老虎秘诀.txt	7		　　因为老虎厉害，所以中国人说惹厉害的人叫“捋虎须”，美国人则说“拧狮子尾巴”（twist lion's tail），老虎厉害，惹了它就收不了场，所以中国有成语说“骑虎难下”Once mounted it is hard to get off，也叫“势成骑虎”Like riding on tiger。“捉虎容易放虎难”It's easier to catch a tiger than to set it free，英文也有一句话说Supposing you miss your tiger，he is not likely to miss you.（你打不着老虎，老虎不见得吃不着你）。 
010.打老虎秘诀.txt	9		　　惹老虎虽然危险，但人间有很多事要冒险才有收获，中国话说“不入虎穴，焉得虎子”（“不到老虎窝里去，哪里找得到小老虎？）也正是英文中Nothing venture，nothing have的意思。 
010.打老虎秘诀.txt	11		　　中国人说老虎厉害，不但人怕它，鬼也怕它。有一种鬼叫“伥”，神话里说这种鬼专门听老虎使唤，于是就出来一句成语叫“为虎做伥”，意思就是帮着坏东西做坏事（to help an evil person do evil）。 
011.你送神像我搭台.txt	5		　　21日收到你与姥姥5、6日的信，知道你们在纽约玩得很开心。纽约的外号叫“沟泽姆”Gotham，Gotham在英国叫“沟特姆”，是一个傻瓜们住的村子。最早住在纽约的人据说傻不鸡鸡，所以纽约就被叫做Gotham，纽约人也被叫做“沟泽麦特”Gothamite，有一句英文成语叫“沟泽姆的聪明人”wise man of Gotham，就是指傻瓜fool。纽约人的正式称呼叫New Yorker，翻成中文，正好是“纽约客”，妈妈是New Yorker，六姑他们也是New Yorker，有一个有名的杂志也叫The new Yorker。 
011.你送神像我搭台.txt	13		　　美国在第二次世界大战，花了3410亿，可以买十一个曼哈顿，你说打仗多费钱！ 
012.千年王八万年龟.txt	5		　　中国有一句俗话叫“千年王八万年龟”，表示乌龟活得很长，但据动物学家说，乌龟只活一百多年。乌龟在一千多年前，本不是骂人的字眼，那时候祝人长寿都说“龟龄”（long-lived like the turtle），有人名字叫“龟年”。中国古人常烧乌龟，看背上的裂纹，用来算命，中国字中“用”这个字，古写是（金文“用”），就表示一根铁条侧面插进龟背（甲骨文“用”）去烧，烧出来的纹如吉祥，就可以“用”了。 
012.千年王八万年龟.txt	7		　　一般来说，turtle是指海龟，就是鳖，也叫甲鱼（鳖中有一种叫玳瑁：hawksbill最有名，也叫“陆龟壳海龟”tortoise-shell turtle），tortoise是指陆龟，不过大家也随使用。乌龟有的只活在水里，有的只活在陆上，有的水陆两“用”。乌龟虽然是冷血动物cold-blooded animals，可是它却要住在暖和的地方。母乌龟下了蛋，就不管了，它让太阳光去孵这些蛋，所以小乌龟从来不知道爸爸妈妈是谁。 
012.千年王八万年龟.txt	9		　　爸爸过去在澎湖当排长，夜里睡在一间据说闹鬼的房子里，房后有一扇老是关着的小门，当天晚上老是有东西在挤这扇门。到第二天天亮了一看，原来是一只大海龟。捉乌龟，尤其是捉大海龟，非常简单，只要把它四脚朝天一翻，它就呆在那儿了。所以抓乌龟就叫“翻乌龟”turn turtle，任何东西把它底部朝天翻过来，也叫turn turtle。 
013.不飞的鸟.txt	17		　　孵蛋：白天母的孵，晚上公的孵/母的管生不管孵，公的只好孵/母的管生不管孵，公的只好孵（不吃东西，孵两个月）/母的说“反正我不孵，要孵你孵”，于是公的只好孵（75天） 
013.不飞的鸟.txt	19		　　各有千秋：公的可以讨小老婆。传说被追得没法时，把头钻到沙子里，自己只要看不见敌人，就放心了，不管敌人看不看到它。这种不肯正视的自欺，英文叫ostrichlike（事实上这传说不对，ostrich走投无路时，它会踢人，并不藏头露尾。）//会游泳，游得很棒，吃鱼。不怕冷，孵出小企鹅就好像孵出一件皮大衣。南极冷的冬天要到零下40度至80度下，但是公企鹅孵小企鹅体温比人还高。企鹅不大认得清男女，公企鹅如认为某一只企鹅好像是母的，它就找一块小石头丢到对方面前，如果对方是母的，便接受小石头做礼物；如果对方是公的，便有权为这一误会发脾气，便有权咬它，它要甘心被咬，不能还嘴。/鼻孔长在嘴前端，别的鸟的鼻孔都长在嘴后端。空军中地勤人员（不飞的）就被挖苦叫kiwi。 
014.你杀鹅我就杀鸡.txt	5		　　中文里说人走起路来慢吞吞的，又摇摇晃晃的，叫“鹅行鸭步”，英文里把鹅走路描写军队检阅时走的“正步”——goose step，中文里说冷、害怕或恶心的时候起的“鸡皮疙瘩”，英文里叫“鹅肉”goose flesh——你鸡我就鹅，英文又跟中文捣起蛋来了。 
014.你杀鹅我就杀鸡.txt	7		　　伊索寓言里有一个故事说，一个人有一只会生金蛋的鹅，但每天只生一个，这人嫌生的慢，拿刀把鹅杀了取蛋，结果鹅死了，蛋也没了，这个故事写人又笨又贪心。由这个故事，出来一句英文成语，叫 
014.你杀鹅我就杀鸡.txt	19		　　骂人胆小说这人连向鹅说声“呸！”都不敢。unable to say “bo” to a goose． 
015.原子弹与沉鱼落雁.txt	5		　　上次跟你说的那种鹅是家鹅，有关鹅的种类的英文和中文，你该注意的是： 
015.原子弹与沉鱼落雁.txt	21		　　中国古时候人写诗，常常提到雁。有一首李颀写的《古从军行》——“白日登山望烽火，黄昏饮马傍交河。行人刁斗风沙暗，公主琵琶幽怨多。野营万里无城郭，雨雪纷纷连大漠。胡雁哀鸣夜夜飞，胡儿眼泪双双落。闻道玉门犹被遮，应将性命逐轻车。年年战骨埋荒外，空见葡萄入汉家。”请姥姥讲给你听。这首诗收在《唐诗三百首》，这是一本有名的诗选，一共选了310首诗，为什么310首诗叫“三百首”呢？因为更古的一本诗选，叫《诗经》，有三百篇，但实际是311个题目，为了跟《诗经》学，就来了唐诗310首，少一首，是表示客气，你看中国人多妙呵！ 
016.他所有的鹅都是天鹅.txt	5	risk	　　英文中说一个人吹牛，就说All his geese are swans.（他所有的鹅都是天鹅）。天鹅比鹅珍贵，珍贵得人人都想吃，包括癞蛤蟆。请姥姥给你讲什么叫“癞蛤蟆想吃天鹅肉”（a toad dreaming of eating the swan's meat）。爸爸有一个朋友，在台北衡阳街口卖芝麻饼，他追一个阔家小姐，阔家小姐的妈妈把他告到警察局，警察骂他“想吃天鹅肉”，他后来把卖的饼改名“天鹅饼”。 
016.他所有的鹅都是天鹅.txt	7		　　因为天鹅优雅美丽，所以很多诗、歌都写它。德国名作曲家瓦格纳（Richard Wagner）作过名曲Lohengrin（这个h字不发音），描写天鹅，四姑父四姑会有这唱片。写《丑小鸭》（The Ugly Ducking）的丹麦童话家安徒生（Hans Christian Andersen），也写过《野天鹅》（The Wild Swans），你看安徒生童话的时候，可以特别注意这一篇。另外俄国作曲家柴可夫斯基（Peter Tchaikovsky）也作过舞剧《天鹅湖》（The Swan Lake）。 
016.他所有的鹅都是天鹅.txt	9		　　虽然说人像鹅一样笨（as silly as a goose），但却称赞人举止像天鹅一样闲雅（graceful as a swan），闲雅也可以写做娴雅。 
016.他所有的鹅都是天鹅.txt	13		　　传说天鹅死前要唱歌，所以英文“天鹅之歌”（swan song）就转用来表示最后的行动或作品（诗、歌等等都算）。 
016.他所有的鹅都是天鹅.txt	15		　　神话中有“天鹅少女”（swan maiden），只要穿上一种“天鹅衫”（swan shift），就变成女天鹅，谁要检到这天鹅衫，这个少女就要听谁的话。 
018.破锅有烂灶、李大有张嫂.txt	5		　　你有没有跟小朋友们玩jack的游戏？jack是一个好玩的字，很多英文字里头都有它。大写Jack是人名，英文有句成语All work and no play makes Jack a dull boy（光用功，也不玩，杰克变成个笨小孩）。这句成语已经有三百多年的历史了。 
018.破锅有烂灶、李大有张嫂.txt	7		　　Jack指男的，Jill（或Gill）指女的。又有英文成语Every Jack has his Jill就是中文“物各有偶”的意思，破锅有烂灶、李大有张嫂。 
018.破锅有烂灶、李大有张嫂.txt	25		　　jack-o' -lantern是南瓜灯。把南瓜挖成人脸，里头放蜡烛。万圣节（Halloween）的时候，你有没有看到？万圣节点灯笼，是因为爱尔兰传说有个人叫Jack的，因为太吝啬，上不了天堂；又因为寻魔鬼开心，下不了地狱，所以只好点个灯笼在地上逛，等待最后审判。 
018.破锅有烂灶、李大有张嫂.txt	27		　　中国人有“上天无路，入地无门”的话，但没有这故事。 
019.情人与天使.txt	5		　　昨天收到你2月13的信和卡片。你有那么好的成绩——在短短几个月中就有那么好的成绩，爸爸很高兴。你现在正是赶功课的时候，所以不和别的小朋友一样，你必须比他们多花一些时间在功课上面，等到功课赶过他们，才好大玩特玩，你说对不对？ 
019.情人与天使.txt	13		　　瓦伦丁节卡片上有一颗心，心上又被箭射穿，你给爸爸的卡片上也这样画着，你知道为什么吗？在神话里，爱和美的女神叫维纳斯（Venus），她的小孩叫爱神丘比特（Cupid），手上有弓和箭，箭有金的银的，被他射上金箭就爱得快乐，被他射上银箭就爱得痛苦。丘比特不但射别人，也射自己，他爱上一个美得被维纳斯嫉妒的女人，闹得天翻地覆。 
020.看那熊相.txt	9		　　熊老是独来独往，公熊（he-bear）和母熊（she-bear）在一块个把月就分开了。小熊（cub）由妈妈带。熊掌（bear's paw）是中国古人的名菜，孟夫子说：“鱼我所欲也，熊掌亦我所欲也。”熊掌上有个肉疙瘩，叫熊丸（a pill of bear's paw），是给小熊咬着玩的。 
020.看那熊相.txt	17		　　熊在森林里，美国森林防火，用了一个熊的画片，叫Smoky the Bear。有一个很好玩的巧合，中文中用来形容大火就说“熊熊大火”（a blazing fire），“熊熊”是火光，很亮的火光。 
020.看那熊相.txt	29		　　熊和做生意还有一句谚语Sell the skin before one has killed the bear.（熊没到手先卖皮）。正式说法是Never sell the bear's skin until you have killed the bear.（没宰到熊以前你先别卖熊皮）。 
020.看那熊相.txt	37		　　中文中有一个“罴”（pi）字，就是褐色的熊（brown bear），“熊罴入梦”的意思是：“祝你生个儿子！”（May you bear a son!）如果六姑肚子大了，你就可以这样祝贺她。bear的动词有生小孩的意思，所以这句话要硬翻成英文则是May you bear a“ he-bear””，外国人就不懂了。六姑如果也不清楚“熊罴入梦”的典故，也会发脾气，说：“小文你什么意思！六姑是人，怎么你倒盼她生个熊！” 
021.为什么还叫别人是姥姥？.txt	5		　　在短短的几个月中你的英文能有这么大的进步，证明了你又用功又聪明，以前清华研究院（现在清华大学）的校长孙观汉博士，曾发表过一篇文章叫《李敖和天才》，用他科学家的方法，证明为什么李敖是天才。如果他证明的有几分道理，那么李敖也愿说：李文是天才（Hedy Lee is a genius.）。 
021.为什么还叫别人是姥姥？.txt	7		　　记得去年十一、十八爸爸信上跟你提到大发明家爱迪生吗？他说：“天才是百分之一的灵感，百分之九十九的流汗”。（Genius is one percent inspiration and ninety-nine percent perspiration.）这就是说，天才要靠用功才行，用了功，天才才能冒出来；不用功天才就埋没下去了。 
021.为什么还叫别人是姥姥？.txt	11		　　19世纪英国有一个文学家叫王尔德（Oscar Wilde），非常有天才，他1882年到美国，上岸的时候，海关收税的问他要申报（declare）些什么该缴税的，他神气的说：“除了我的天才外还有什么好报的。”（I have nothing to declare except my genius．） 
021.为什么还叫别人是姥姥？.txt	13		　　你特别注意这nothing的用法。你在信上已会用nothing to do，爸爸很高兴，但你不能只写I nothing to do，因为这样缺了动词，你该写I have nothing to do，写There is nothing to do也可以。如果把主词、动词都不用，单用nothing to do却可以，用法可看这首诗： 
021.为什么还叫别人是姥姥？.txt	29		　　又美国俗话中Nothing doing是“我才不干呢！”“不行！”的意思。北平土话中说“姥姥！”正是这个意思，但你只跟北平人说他才懂，否则他会奇怪：你有那么好的姥姥为什么还叫别人是姥姥？
022.苍蝇的老婆最多.txt	5		　　爸爸认识一个人，他的眼睛有毛病，看什么东西都是两个，爸爸跟他说：“这也不错呀！在你手里只有一块钱，可是在你眼里却有两块钱！”他说：“我看两块没用，要别人看两块才划得来。”爸爸说：“那你讨一个老婆就等于讨一对姐妹花双胞胎了。”他说：“就有这么一点好处！” 
023.英文回文·中文回文.txt	7		　　eye（眼睛）did（do的过去式）Eve（夏娃）gag（不许说话）pop（砰）bob（上下快动） 
023.英文回文·中文回文.txt	27		　　这种顺着念和倒着念是一样的句子，在英文中叫“回文”（palindrome）。中文也有回文，但念法跟英文不一样。一个笑话说老师给三个作文做不好的学生批作文，三个人中：
023.英文回文·中文回文.txt	101		　　清朝有个文学家叫纳兰性德（满洲人，姓纳兰，名性德），他有一句词是“花落正啼鸦”，若反着念“鸦啼正落花”也可以。 
024.关于脖子的种种.txt	11		　　这真是一个怪风俗，但比起中国人缠小脚来（to bind the feet，也叫foot binding，foot是单数，但并不是只缠一只脚），也不过是“班门弄斧”呢！这也可以说是“小巫见大巫”。 
024.关于脖子的种种.txt	15		　　长颈鹿：不能说长脖子鹿 
024.关于脖子的种种.txt	17		　　项链：不能说脖子链，英文是necklace 
024.关于脖子的种种.txt	19		　　领带：不能说脖子带，英文是necktie 
024.关于脖子的种种.txt	21		　　围巾：不能说脖子巾，但可以叫“围脖儿”，英文是scarf或muffler 
024.关于脖子的种种.txt	27		　　Neck or nothing是冒险干一下、拼命干一下。打棒球偷垒时，你自己就可以同自己说： 
024.关于脖子的种种.txt	35		　　中国人说最要好的朋友是“刎颈之交”。“刎”是拿刀切脖子，“刎”字别写成“吻”字，因为若写错了，写成“吻颈”，就变成英文necking的意思了。 
025.眼睛有时候会上当.txt	25		　　《伊索寓言》说一个狮子听到青蛙叫（hearing the frog croaking），以为一定是个大得不得了的动物，后来脚踩（tramp）到青蛙，才知道原来这么小，这个寓言引出一句英文： 
025.眼睛有时候会上当.txt	45		　　你3月27日的信爸爸本月11号收到，你剪的画片和说明都非常好。
025.眼睛有时候会上当.txt	51		　　小文你说两条线除箭头外哪条长？下边的？不对，其实两条一样长，这就是说，眼睛有时候会上当。
026.“妈妈骑马，马慢，妈妈骂马”.txt	5		　　你会说“绕口令”吗？ 
026.“妈妈骑马，马慢，妈妈骂马”.txt	7		　　你快说：“妈妈骑马，马慢，妈妈骂马。” 
026.“妈妈骑马，马慢，妈妈骂马”.txt	9		　　你快说：“妞妞骑牛，牛扭，妞妞扭牛。” 
026.“妈妈骑马，马慢，妈妈骂马”.txt	11		　　你快说：“门后头的刀，刀倒挂着。” 
026.“妈妈骑马，马慢，妈妈骂马”.txt	13		　　你快说：“吃葡萄不吐葡萄皮，不吃葡萄倒吐葡萄皮。” 
026.“妈妈骑马，马慢，妈妈骂马”.txt	17		　　你快说She sells seashells at the sea-shore. 
026.“妈妈骑马，马慢，妈妈骂马”.txt	21		　　你快说A big black bug bites a big black bear. 
026.“妈妈骑马，马慢，妈妈骂马”.txt	25		　　英文中不但有绕口令的话，还有绕口令的诗，这叫tongue-twisting lyrics。 
026.“妈妈骑马，马慢，妈妈骂马”.txt	27		　　你快说下面这四句： 
027.老鼠不信任一个洞.txt	11		　　老鼠胆子很小，所以中文说“胆小如鼠”，但英文却说“胆小如鸡”（chicken或chickenhearted）。但中文说“落汤鸡”，英文却说：“湿得像淹在水里的老鼠”（wet as a drowned rat）。——你鼠我就鸡，你鸡我就鼠，英文老是跟中文别扭。如果你在雨中淋得湿淋淋的回来，你就可以说： 
027.老鼠不信任一个洞.txt	15		　　英文中说人穷，就说“穷得像教堂的老鼠”（as poor as a church mouse）。 
027.老鼠不信任一个洞.txt	25		　　传说船要沉了或房子要塌了或着火了以前，船里或房里的老鼠就先跑了。英文是： 
027.老鼠不信任一个洞.txt	35		　　由这个现象，变出来另一种意义，就是患难时候不可靠的家伙，就叫rat。这种人出卖别人，最可恶。跟这个字很近的一个字叫Judas（犹大），就是出卖他老师耶稣的。别人给犹大三十块钱（当时这数目可买一个奴隶slave），他后来很后悔，于是钱也不要了，吊死在树上，这树就叫“犹大树”（Judas tree，就是植物学上的“洋苏木”）。别人收买犹大，因为他们认不出谁是耶稣，犹大说你们看我吻谁谁就是，于是他给了耶稣一个kiss，这种吻，就叫“犹大之吻”（Judas kiss）。就是表面上很亲热，骨子里却有阴谋的吻。美国黑社会头子要干掉谁，有时候就来一个Judas kiss，所以谁都怕这种kiss。爸爸信上跟你谈过的天才王尔德，有诗写人总杀掉他心爱的东西，但 
027.老鼠不信任一个洞.txt	47		　　就是劝人“别往淹了水的老鼠身上浇水”，也是中文“别打落水狗”的意思。但人好像总喜欢打落水狗，这些谚语很多 
027.老鼠不信任一个洞.txt	59		　　爸爸常说英文要一窝一窝的学，上面这些，就是一窝一窝的学的例子。 
027.老鼠不信任一个洞.txt	63		　　本周只给你写信。你11、17日的信和卡片同于今天收到。传说中大寿星玛士撒拉（Methuselah）活了969岁，亚当（Adam）活了930岁，他们两个老头儿岁数相减的零头是39岁。爸爸昨天一个人静静的过39岁生日，一天之内，看了一本传记，又看了一个剧本。 
028.说姓道名.txt	1		说姓道名
028.说姓道名.txt	5		　　前天收到你8号的信，你的名字叫Hedy，姥姥说Hidy，大概是姥姥起的。 
028.说姓道名.txt	35		　　1931年她印出小说叫《大地》（The Good Earth），就用上面这名字。1935年她离婚，1938年得诺贝尔文学奖，虽然她又和出版商Richard J. Walsh结婚，但因为用Pearl S. Buck的名字太出名了，所以也没改。可见人分开比名字分开容易得多。 
029.猫头鹰为什么跟在智慧女神屁股后面？.txt	15		　　英文中还有表示这种白费劲，徒劳无功的事的成语： 
029.猫头鹰为什么跟在智慧女神屁股后面？.txt	21		　　雅典是希腊（Greece）国的首都，猫头鹰很多，古时候智慧女神叫Athena，雅典的名字Athens就是跟她来的，猫头鹰传说是跟着智慧女神的，所以就借了光，变成了“智慧的象征”（a symbol of wisdom），其实在鸟中，鹅和乌鸦都比它聪明。 
029.猫头鹰为什么跟在智慧女神屁股后面？.txt	25		　　猫头鹰在中国古称“枭”，也叫“鸮”，俗话叫“夜猫子”，中国人喜欢养鸟的，没人养它，养它就是怪人了，北平有一种“歇后语”（就是话只说前一半，后面一半歇一歇再说或跟本不说的），也算是谜语的一种，有一句是： 
030.狼来了！狼来了！.txt	5		　　六十多年前，美国有一个文学家叫杰克·伦敦（Jack London），他的姓，跟英国的首都完全一样。他曾写过一部小说，叫《野性的呼声》（The Call of the Wild），这书是他33岁（1903）出版的，里头写一条狗，是爸爸1973年6月17日信上跟你提过的圣伯纳（Saint Bernard）种和别的种的混血，又壮又聪明，它的主人被印地安人杀了，它替主人报了仇，然后跟狼做了朋友。每年一次，它总要回到它的主人死的地方，哀呼一阵——这个故事，说明了狗在许多方面，都比人够意思。 
030.狼来了！狼来了！.txt	9		　　关于狼的成语，中国外国都有很多，你请姥姥给你讲“狼狈为奸”“狼狈得很”（狼狈不堪）“狼子野心”“狼心狗肺”“狼吞虎咽”（和英文wolf down正巧意思一样，但英文wolf当动词用）“鬼哭狼号”“声名狼藉”“杯盘狼藉”“狼戾不仁”“狼烟四起”。 
030.狼来了！狼来了！.txt	11		　　《伊索寓言》里有三十七个关于狼的故事，你可以自己看。其中最有名的是牧羊小孩骗人喊：“狼来了！”The wolf is coming!（这是合文法的句子，但狼真来了，只要喊Wolf！Wolf！就可以了。）后来狼真来了，他再喊也没人信了。这故事变成英文成语cry wolf，现在让我们造一个句子： 
030.狼来了！狼来了！.txt	15		　　意思是她真病了呢，还是她只不过是发假警报？cry wolf就是give a false alarm。cry wolf too often以后，说真话也没人信了。This is the punishment of a liar：He is not believed, even when he speaks the truth.（说谎话的惩罚是：即使他说真话时候，人家也不信他。）中文有“江山易改，本性难移”的话，英文有“狼可能丢了它们的牙，但丢不了它们的本性”Wolves may lose their teeth, but not their nature.。 
030.狼来了！狼来了！.txt	17		　　在杰克·伦敦以前的美国文学家奥尔科特（Louisa M. Alcott），写过名著《小妇人》（Little Women），她说她写书的目的是Keep the wolf from the door。有一个笑话，老师问学生：What do you think Miss Alcott meant by saying she was trying to keep the wolf from the door？（你想奥尔科特女士说她设法不让狼进门是怎么回事？）一个学生答道：I suppose she just didn't want the guys bothering her.（我想她不过不要男人打扰她罢了。）这为什么是笑话呢？因为Keep the wolf from the door的意思并不是“不让狼进门”而是“免得挨饿”。wolf在美国俗语中有“色狼”的意思，那个学生以为wolf是指“色狼”，所以把整个意思给弄拧了。 
031.谁先完蛋？.txt	15		　　中文有成语“覆巢之下，安有完卵”，翻译成英文该是When the nest falls, there are mo whole eggs。中文还有成语“以卵击石”，英文和它相当的是： 
031.谁先完蛋？.txt	29		　　有一个故事说，一个少女头上顶了一篮蛋，走在路上，盘算着蛋生鸡，鸡生蛋，蛋又生鸡，鸡又生蛋，蛋再生鸡，鸡再生蛋。……愈算愈多，发了大财。突然一不小心，篮子掉了下来，蛋都碎了。所以英文有成语劝人要稳健： 
032.猴相.txt	7		　　中国寓言里说一个养猴子的人叫“狙公”，向猴子们说，我早上给四个果子，晚上给三个，猴子们都生气；狙公说，那么我早上给三个，晚上给四个好不好？猴子们没学会算术，就高兴了。后来变成“朝三暮四”的成语。
032.猴相.txt	11		　　所有的猴子都会爬树。既然会爬，若还教它如何爬，在中文成语就叫“教猱升木”，翻成英文就是teach monkeys to climb a tree，意思就是鼓励坏人做坏事（encourage wicked people to do wicked things）。 
032.猴相.txt	15		    猴子的腮有小空间，可以藏吃的（They can carry food in pouches inside their cheeks.）。中国的名小说《西游记》（英文译本有四种，其中一种就叫Monkey）写孙悟空（猴子成精）偷了仙丹，就藏在腮里，炼丹的太上老君急了，抓住它，它就吐了出来，并且骂太上老君小家子相。 
033.从人猿到猿人.txt	9		　　第二种是“长臂猿”（gibbon），是猿里最小的一种。其实并不只长臂猿长臂，所有的猩猩都是长臂的。中国小说里描写三国时候的刘备这个人，说他“两耳垂肩，两手过膝”，所有的猩猩站起来都可以两手过膝。 
033.从人猿到猿人.txt	15		　　有一个传说，说如果一个女人终身不嫁，她死了，就要到地狱去领（牵）猩猩。所以如果一个女人说： 
033.从人猿到猿人.txt	19		　　就表示说，她不要结婚了。 
033.从人猿到猿人.txt	21		　　古代希腊的哲学家柏拉图（Plato）说： 
033.从人猿到猿人.txt	25		　　因为是丑八怪，所以不论怎么打扮，还是它。德国有句谚语： 
033.从人猿到猿人.txt	29		　　跟这句德国谚语像的，也有三句中国的： 
033.从人猿到猿人.txt	47		　　这是刺罗马统治者凯撒的刺客说的话。 
033.从人猿到猿人.txt	49		　　美国有一位作家叫Edgar Rice Burroughs，他写了小说Tarzan of the Apes，就是人猿泰山。泰山是英国爵士的儿子，丢在非洲，被猩猩养大，非常有本领，所以英文中说人在树林里又能跑又能跳又会在树中间飞来荡去，这种大力士，就叫Tarzan，因为发音和中国“泰山”很像，所以翻成“泰山”，其实泰山若指人，在中国乃是指丈人，都是老头子了。 
033.从人猿到猿人.txt	51		　　在喜马拉雅山中（全世界最高的山），传说有一种“雪人”叫Yeti，也叫Abominable Snowman，身像猩猩脸像人（ape like body and a face that resembles a man's），但是二十一年前，New Zealand一个养蜜蜂的Edmund P. Hillary和尼泊尔人Tenzing Norgay爬上了喜马拉雅的最高峰Mount Everest（29028英尺），并没有看到这种雪人（29028英尺只是五英里半，但是爬山爬五英里半，就是难事了。） 
033.从人猿到猿人.txt	53		　　科学家说人是从猩猩这类动物演变出来的，所以在猩猩和人之间，有一种又像猩猩又像人的“猿人”（Homo erectus）。Homo是人的意思，erect是直立的意思，猩猩直立立不久，但猿人和人都可以直立。在河北省周口店就发现过“北京人”的骨头，推断是五十万年以前的“猿人”。可惜这骨头在第二次世界大战前给弄丢了。 
034.蘑菇个没完.txt	5		　　如果你向姥姥有什么要求，姥姥不答应，你在旁边，说个没完，非要姥姥答应不可，这在北平话，就叫“蘑菇”。姥姥就会说你：“别蘑菇好不好？你怎么老是蘑菇个没完？” 
034.蘑菇个没完.txt	27		　　中国人说的什么“灵芝”，其实就是一种硬一点的菌，一点都不神秘。“灵芝仙草”不但不能治病，搞不好，还要给毒死呢！ 
035.非驴非马.txt	5		　　美国Hader夫妇常给小朋友的书画插图，你看他们画的这张骑驴的画片，把这头小驴画得多可爱！驴叫ass，也叫donkey，用ass比较正式，在《圣经》（Bible）上、在动物学上，都用ass，两个字都用来叫“傻瓜”、“呆子”、“蠢蛋”，用donkey意思更深，有“呆得可爱”或“呆不可当”的味儿。 
035.非驴非马.txt	7		　　中国成语上“骑驴觅驴”是looking for donkey on donkey back，意思是在驴背上找驴，忘了自己在干什么了，是“心不在焉”的意思（absent-minded）。 
035.非驴非马.txt	21		　　He has made an ass of himself．（他做傻事而弄出笑话来。）
036.骑小马·回台湾.txt	9		　　中文英文都有太多太多和马有关的故事和成语，爸爸写一些好玩的给你： 
036.骑小马·回台湾.txt	33		　　但在中国古代，有国王叫人去买千里马，结果马死了，那人却花了很多钱，买了马骨头回来，国王问那人什么意思？那人说，消息传出去，人家听说你国王这样爱马——爱得连马骨头都要买，天下的好马就都送来给你买了，在好马中，一定有千里马。可见在死马身上花钱，有时也不冤枉。 
037.鸽子·囮子·凯子.txt	17		　　英文中decoy这个字也是这种意思，但比stool-pigeon用得宽，可以用来指“饵兽”，也可用来指人，还可当动词来用，像 
037.鸽子·囮子·凯子.txt	23		　　Pigeon-English也叫Pidgin-English，就是洋泾浜英文，洋泾浜是上海附近的一个地方，最早跟英国人做生意的中国人，说英文说不好，自己用中文的意思造出不通的英文，就叫洋泾浜英文。比如说“人山人海”该是英文的huge crowds，但说成people-mountain-people-sea，就是笑话了，这就是洋泾浜英文。 
038.斗出自大来.txt	5		　　你有没有见过“斗鸡眼”？“斗鸡眼”就是一种斜眼，英文叫cockeye，形容词是cockeyed，在美国俗语中表示疯狂的、荒谬的、笨蛋、全错了的意思： 
038.斗出自大来.txt	7		　　Anybody who thinks I'm kidding is cockeyed.（谁以为我说着玩谁就是疯了。） 
038.斗出自大来.txt	35		　　英国19世纪一位女小说家George Eliot，曾描写一个人“他像个公鸡一样以为太阳升起是为了听他叫”（He was like a cock who thought the sun had risen to hear him crow.）。这是一句写自大像公鸡的一个好句子。 
039.谁在瞎忙？.txt	5		　　Mule是骡，mole是鼹鼠，也可写成偃鼠。中国古书里说“偃鼠饮河，不过满腹”，表示它的肚子容量很少。 
039.谁在瞎忙？.txt	15		　　阿耳戈斯（Argus）是希腊神话中的百眼巨人。Argus-eyed就是眼光锐利的、机警的、警戒周到的。We badly need an Argus-eyed janitor.我们急需一个机警的看门的。 
039.谁在瞎忙？.txt	23		　　承诺的是山，做出来的是鼹鼠窝。这是表示人不守信用的意味，有中文“说大话，使小钱”的意味。人间有很多人是这样的人，老拿空话骗人。英文这类意味的有很多： 
039.谁在瞎忙？.txt	37		　　意思就是假忙的人。中国名小说《红楼梦》的男主角贾宝玉说的“无事忙”，就是指这种意思。 
040.运动道德吗？.txt	5		　　扑克的英文是poker，若说成card也可以，说playing card或playing-card也可以，但不能说成poker card，说poker card就是洋泾滨英文了。 
040.运动道德吗？.txt	7		　　spade是铲子，poker有黑铲子样子的，也叫spade，中国叫黑桃，英文有成语 
040.运动道德吗？.txt	11		　　意思就是“是什么就说什么”、“该叫什么就叫什么”、“老实说”、“直言无隐”、“不拐弯抹角的说”。英文还有 
040.运动道德吗？.txt	17		　　如果该叫什么却不叫什么，就是“颠倒黑白”。中国有“指鹿为马”的故事，请姥姥讲给你听。莎士比亚剧本中有《驯悍记》（The Taming of the Shrew），写丈夫驯服他那个凶老婆。指月亮叫太阳，凶老婆最后屈服，也跟着月亮叫太阳了。 
040.运动道德吗？.txt	19		　　不该叫什么，反倒叫什么，就是“名不副实”（名字和实在的不符合）。孔夫子曾在《四书》里有一句话（《四书》里头有三书算是孔子作的，一书算是孟子作的，孟子就是孟伯伯的老老老老老老老老老老老老老老老（写累了，歇一会儿）老老老老老老……祖宗），那句话是 
040.运动道德吗？.txt	27	risk	　　这种句子，可以有许多变化，如果孟伯伯的胡子被警察给剪掉了，你就可以说： 
040.运动道德吗？.txt	31		　　如果有的姑姑好，有的姑姑是坏蛋，那么坏蛋姑姑就会被孔夫子质问：“姑，不姑。姑哉？姑哉？”你说对不对？ 
041.小文十岁生日歌.txt	61		　　姥姥说我得第一， 
041.小文十岁生日歌.txt	63		　　妈妈你说对不对？ 
042.生日与十二宫图.txt	7		　　有一位科学家，叫法拉第（Michael Faraday），也是9月22生的，但他生在1791年，足足比你大173岁。你看到的电扇啦、抽风机啦、吸尘器啦、打蜡机啦……凡是里头有个嗡嗡响的，都一定有个会转的机器，这种机器，就叫电动机。电动机的原理，便是法拉第创设的。发电机也是电动机，没有发电机，电灯也不亮了，电视也看不到了……现在你知道法拉第是多么重要的人了吧？所以9月22，对人类说来，有一点光明的意思。 
042.生日与十二宫图.txt	9	risk	　　有一位伟人，叫林肯，爸爸写信跟你提到过的。他在112年前的9月22，发布了解放美国黑奴的宣告（美国的黑人本来是奴隶，白人欺负他们，不把他们当人，在宪法上只把他们算做three-fifths（3／5）的人，还打他们，把他们卖来卖去），直到林肯出来，黑人才慢慢抬头。所以9月22，对人类说来，除有一点光明以外，还有一点自由的意思。 
042.生日与十二宫图.txt	57		　　Virgo就是处女（Virgin）等于巳蛇（中国人说蛇蝎美人，其实女人和蛇很近），也叫处女座。 
042.生日与十二宫图.txt	67		　　人马座里的半人半马（half horse，half man）的怪物叫森陶尔（Centaur），所以人马座也叫Centaur，这些半人半马的怪物是希腊神话里的角色。有一个有名的Centaur叫Nessus，被大力士Hercules射了一毒箭，但他临死前安排了一条秘计，借Hercules老婆之手，害死了Hercules。将来你看《三国演义》看“死诸葛（诸葛亮）走生仲达（司马懿）”那一章，也可看到这类好玩的故事
043.林肯·栗子·笑.txt	7		　　林肯一辈子所受的教育不到一年，他家里太穷了，但他刻苦读书，最后能说出写出非常巧妙的英文（但他写的英文字，始终很蹩脚）。 
043.林肯·栗子·笑.txt	9		　　英文中笑的字很多，最普通的是smile，是微笑、笑眯眯的意思，比较斯文。有时是快乐的笑，有时是特别的，所以要注意它前面的形容词，才能决定是哪种笑。 
043.林肯·栗子·笑.txt	19		　　中文成语也有： 
043.林肯·栗子·笑.txt	25		　　英文中也有笑里藏刀的意思，爸爸看到过一句A woman will laugh in your face and cut your throat。另在莎士比亚的Macbeth悲剧里看到There's daggers in men's smiles，跟中文的成语不谋而合。 
043.林肯·栗子·笑.txt	29		　　中文中还有一句成语叫“啼笑皆非”，就是“哭笑不得”的意思，等于英文的between tears and laughter，林肯竞选参议员失败了，人家问他感觉，他说：I suppose that I feel very much like the overgrown boy who stumped his toe.（很像大孩子的脚趾头给撞疼了。）人家又问这是什么意思？（How was that？）他解释道：Well, when some one asked him how he felt, he said that he was hurt too bad to laugh and was too big to cry.（人家问他有什么感觉，他说他疼得没法笑，又年纪大得不好意思哭。）这是一句很巧妙的英文，小文你要把它背下来。 
043.林肯·栗子·笑.txt	43		　　一个故事说猴子（monkey）要吃火里面的栗子，可是自己怕烫，就骗猫去代它拿，猫伸手去拿（就是猫脚爪cat's paw），结果给烫了，于是出来一句英文成语，叫： 
043.林肯·栗子·笑.txt	55		　　林肯跟道格拉斯（Stephen A. Douglas）辩论的时候（1858年竞选参议员the U. S. ——Senate），林肯挖苦Douglas胡说八道，说他A man can prove a horse-chestnut to be a chestnut horse.（一个想把七叶树证明是栗色马的人）。 
044.“浪费蜡烛去找针”.txt	5		　　你和姥姥9月27的信，2号收到。姥姥已同意到宏恩医院，做一次身体检查，年纪大了的人都该每年做这样的检查，这叫做“有备无患”“防患未然”。旧式的老人家不晓得例行检查的重要，总是自信没病或说什么小病不算病，结果因小失大，后悔也来不及了。姥姥不是旧式的老人家，她头脑很新派，这次检查以后，医生若要她服用一些保健药品，由你每天督促她吃，因为她可能忙忘了。你要切记做到爸爸这一嘱咐。并把你经常照顾姥姥的情形，写信告诉爸爸。
044.“浪费蜡烛去找针”.txt	7		　　因小失大的意思爸爸在去年10月7日信上给你写过，你还记得吗？还有一句法国成语，叫“浪费蜡烛去找针”（Waste a candle to find pin），因为针比蜡烛便宜，所以这样做是划不来的。旧式的老人家为了省几个检查费常常拖出大麻烦，结果要花好几倍的钱甚至花钱也save不了了。这叫
044.“浪费蜡烛去找针”.txt	11		　　英文to look for a needle in a bundle of hay（一捆干草里找针），正是中文“海底捞针” “水中捞月” “镜中摘花”，很多观念，英文和中文都是巧合的，这叫“不谋而合”，也可说“人同此心，心同此理”。
044.“浪费蜡烛去找针”.txt	21		　　一起叫hands。钟表的针指示时间说成英文是：The hands of a clock or watch show the time。英文用手（hand）表针，又跟中文的“指”针有很类似的意思。
045.坐牢的名人.txt	5	risk	　　姥姥说你想来看爸爸，并说妈妈已告诉你爸爸坐牢的事。这三年七个月来，一直没告诉你的原因是因为你年纪太小，现在你渐渐大起来了，可以知道了。 
045.坐牢的名人.txt	9	risk	　　很多很卓越的人、很多名人，都坐过牢。现在印度（India）的总理甘地夫人（Mrs. Indira Gandhi）就坐过一年一个月。她的爸爸是尼赫鲁（Nehru这个字h不发音，翻成赫音是中国人以前的错误），也做过印度总理，坐过十年半的牢。另一位印度的名人叫“圣雄”甘地（Mohandas K. Gandhi）坐过二千三百三十八天的牢，他的太太死在牢里了。现在印度总理的这位甘地夫人，嫁的另一位甘地，跟这位甘地并无亲属关系。现在西德的总理勃兰特（Willy Brandt），他的爸爸妈妈没结婚，他也坐过牢。突尼斯（Tunisia）总统布尔吉巴（Habib Bourguiba）也坐牢、流亡十多年。肯尼亚（Kenya）的总理、总统肯雅塔（Jomo Kenyatta）也坐牢、看管九年。英国的女王伊丽莎白一世（Elizabeth I，现在的是伊丽莎白二世Elizabeth II）二十岁起也坐过牢，她不是她爸爸妈妈合法的女儿，但她后来做了英国历史上最伟大的女王，比谁都合法。她活了七十岁，自二十五岁起做“女皇帝”做了四十五年，是英国历史上的“黄金时代”（the golden age），人才文物极盛，大文学家莎士比亚就是那时候的人（16世纪到17世纪）。 
045.坐牢的名人.txt	11		　　13到14世纪的时候，有一个人叫马可波罗，曾从意大利越过亚洲大陆到了中国，二十四年后回到意大利，被关在牢里，他闲着没事，乃由他口述，由同房难友写了一部书，就是《马可波罗行记（游记）》（The Book of Marco Polo），这书引起欧洲人对东方的兴趣，便设法到东方来，可是陆路不通了。因为听说地球是圆的，所以想从海上绕过去，于是向西航行，终于发现了美洲。哥伦布虽发现了美洲，可是他不知道，他以为他到了东方的印度，他以为印地安人是印度人，所以把他们叫做Indian，又叫他们是红人，其实他们是亚洲黄种人，既不红，也不印度。小文你看，多好玩，人在牢里写一本书，竟演变出这么多的发现和故事。 
045.坐牢的名人.txt	13		　　写书的作家常常被关在牢里。你看过《鲁滨逊漂流记》吗？这书英文名是Robinson Crusoe，作者笛福（Daniel Defoe）就被关了一年多。跟笛福这英国人同时的法国文学家伏尔泰（Voltaire）也被关过。20世纪后世界上最有名的奖是诺贝尔奖（Nobel Prizes），得诺贝尔文学奖的，英国哲学家罗素（Bertrand Russell）、苏联文学家索尔仁尼琴（Solzhenitsyn）都坐过牢。 
045.坐牢的名人.txt	17	risk	　　有两个好玩的坐牢故事写给你： 
045.坐牢的名人.txt	19	risk	　　一、德国以前的元首希特勒（Hitler）坐牢时想写书，书名叫《我的奋斗》，但他的德文很蹩脚，于是由同房的难友赫斯（Rudolf Hess）捉刀，出狱后赫斯坐了第二把交椅。他在四十七岁的时候，自己开了一架飞机到英国谈判，结果被英国首相丘吉尔（也坐过牢）关起来，直关到德国投降，在纽伦堡大审里被判无期徒刑。跟他一起被判刑的十一个人绞死了，七个人坐十年二十年等长牢，到爸爸坐牢前一年（1970），别人都出狱了，只有赫斯一个人在坐，那时他已经七十六了，已经眼看就坐了三十年的牢了。英法美苏四国派人关他，一年要花三十万美金，即每天花八百三十块美金，三万两千新台币，但赫斯身体好得很，他还要他的敌人继续花钱花下去，他说他没有罪。监狱方面每星期供应他十本书，每天四份报纸。 
045.坐牢的名人.txt	21	risk	　　二、另一个好玩的坐牢故事是美国的劳工领袖戴布兹（Eugene V. Debs），1920年美国选总统时，戴布斯坐在牢里，还得了一百万张票。他虽被判了十年徒刑，可是美国哈定（Harding）总统看他太得人心了，只好把他特赦出来。 
046.水肉·水月·影子戏.txt	5		　　寓言里头狗偷了一块肉，在水边看到水里有另一条狗嘴里有肉，它很贪心，想去抢肉，结果跳到水里连自己嘴里那块肉也丢了。——这是一个写又笨又贪心的故事。 
046.水肉·水月·影子戏.txt	7		　　中国古代的大诗人李白，听说喝醉了酒到水里去捞月亮淹死的，后来有了句成语，叫“水中捞月”；还有一句诗，叫“镜花水月总成空”。 
046.水肉·水月·影子戏.txt	11		　　人间有很多现象是很好玩的；每个吝啬爱钱省吃俭用的守财奴父亲都会摊到一个花天酒地浪费钱的儿子；每个自以为聪明的老太太都会摊到一个永远把她骗得神不知鬼不觉的小儿子。你将来若看到法国文学家莫泊桑（De Maupassant）的《女人的一生》的小说，你就可以看到那些小儿子一再骗老母亲，老母亲一再原谅一再上当的妙事。这种情形，中国外国都一样的，可惜每位老母亲都认为她的小儿子跟别人的小儿子不一样，是好人。而在不知不觉间，成为小儿子做恶的同谋，骗爸爸哥哥。 
046.水肉·水月·影子戏.txt	15		　　有一种“皮人影子戏”使影子可以动。汉武帝想李夫人，艺人就做出影子戏骗汉武帝说李夫人的魂来了，汉武帝说：“是耶？非耶？偏何姗姗其来迟！”从此就出来一句“姗姗来迟”的成语。
047.怪签名.txt	15		　　当时签字后John Hancock警告大家，说一定得团结呀，We must all hang together（我们所有人都要团结在一起）。富兰克林立刻答了一句有名的双关语（pun）：
047.怪签名.txt	21		　　清朝大臣李鸿章说了一句“庭前桃未发”，他的朋友就接了一句“阁下李先生”。第二句连用两个双关语，“阁下”可解释做“您”，也可解释做“在豪华大楼前面”；“李先生”可解释做“李鸿章先生”，也可解释做“李子树先长出来了”。
048.你看中国人分得多细.txt	41		　　如果问的是中国人，怡怡就要说有三姐妹（把自己也算进去）。 
048.你看中国人分得多细.txt	43		　　如果问的是外国人，怡怡就要说I have two sisters.——安安and宁宁（不把自己算进去）。 
049.天上天堂与人间天堂.txt	5		　　信教的人和迷信的人都相信有天堂，天堂的英文是heaven，也叫paradise（乐园）。英国大诗人，17世纪的弥尔顿（John Milton）——也坐过牢——的名著《失乐园》（Paradise Lost），就是写亚当（Adam）和夏娃（Eve）被赶出乐园的长诗，那个乐园有一个专门名字叫“伊甸园”（the Garden of Eden），因为夏娃被蛇骗，吃了上帝不准吃的苹果，所以被赶出来。 
049.天上天堂与人间天堂.txt	7		　　基督教《圣经》（Bible）里头创世纪（第二章），关于这伊甸园的故事，其中天堂的观念是抄自波斯的。天堂本是人从人间想出来的好地方，所以不论中外，都有大同小异的描写，不但描写天堂在天上，在人死后，还描写天堂在人间——人间天堂（earthly paradise），也就是弥尔顿书里所说的A Heaven on Earth.。 
049.天上天堂与人间天堂.txt	9		　　天堂像个大楼房似的，也分层，佛教说“三十三天”，犹太教和伊斯兰教说“七重天”，台北有家歌厅就叫七重天，大概那就是人间天堂啦！ 
049.天上天堂与人间天堂.txt	11	risk	　　中国古代的大诗人陶渊明（因为喜欢喝酒，生的儿子都是笨蛋）写过一篇《桃花源记》，就是写人间天堂，写一个渔夫迷了路，到了那地方，后来再去找，也找不到了。因此出来一句成语——“世外桃源”。二次大战的时候，人间问罗斯福总统空袭日本东京的美国飞机是从哪儿起飞的？他说“香格里拉”（Shangrila），香格里拉是美国小说家James Hilton小说中的一个世外桃源，在这里比喻做秘密基地的意思。 
049.天上天堂与人间天堂.txt	13		　　英国小说家Samuel Butler写过一本怪书叫《艾瑞荒》，英文是Erehwon，这字反过来就是Nowhere。 
050.猫抓耗子法案.txt	15	risk	　　和cat and mouse这字有关的有一个好玩的词儿叫Cat-and-mouse Act“猫抓耗子法案”。过去女人没有权利投票或参加政治活动，于是有些女人便出来捣乱，英国政府便把这些捣乱鬼抓到牢里，她们就赌气绝食（不吃饭，英文叫fast，吃饭就打破了break这fast，所以早餐就叫breakfast）。于是1913年英国国会通过了这个“猫抓耗子法案”，规定坐牢不吃饭，就放她出去，可是在外面吃饭了，再抓回来，意思就是不让犯人投机。猫抓耗子，习惯并不立刻吃，猫让耗子跑，跑了几步又抓回来，所以这个法案才有这么个怪名字。印度的甘地七十四岁的时候在牢里宣布要绝食二十一天，英国政府要他出去绝，绝好了再回来，他不肯，结果居然熬过了这么久（只喝橘子汁活），英国cat对这只印度mouse，实在也没什么好法子。 
051.谈年论孝.txt	5		　　一年就要过去了，一个新的一年又要开始了。对小朋友说来，是一年又开始了；对老年人说来，是一年又过去了。对王小二说来，是一年不如一年了（中国俗谚“王小二过年，一年不如一年”）。 
051.谈年论孝.txt	7		　　王小二“一年到头”（all the year round）混、拖，但总是“一年不如一年”（Every year gets worse.），总是“年景不好”（This year's business is not good.），一快到“急景凋年”（Time slips away fast, and the year is approaching its end.）就“抓耳挠腮”（uneasy）了。中国宋朝时候有一个名词人写过： 
051.谈年论孝.txt	11		　　就是王小二处境的文雅说法。 
051.谈年论孝.txt	17		　　366天叫“闰年”（闰是多出来的意思leap year）。小朋友玩的跳背游戏叫leap frog（跳蛙），年说小朋友你们要leap，我也leap。找闰年很容易，用4去除公元就行，凡能被四除尽的，就是，不然就不是。1972能除尽，所以1972是闰年。1973、1974、1975都不能除尽，都不是，但1976又能除尽，所以1976又是。 
051.谈年论孝.txt	45		　　A leap-year proposal（闰年求婚）是说平年的时候男人向女人求婚，闰年时候却相反，女人要向男人求婚，爸爸看过一句英文：But I don't remember any one having given me an “engaged ring” before；and it's not leap year neither.是抱怨又不是在闰年，为什么收不到订婚戒指的意思。 
051.谈年论孝.txt	63		　　爷爷死的时候，爸爸20岁，讨厌中国丧礼中许多虚伪的风俗，所以来了一次丧礼改革，当时台中一中的老师学生上千人为爷爷送丧，看到爸爸这种作风真看不惯，他们认为爸爸不是“孝子”。但他们以为他们守的是中国传统，其实守的是最坏的一部分，最好的一部分都被他们忘了。像《四书》中孟子说的那种“自反而缩，虽千万人，吾往矣”（如我自己反省我没错，虽然有千万人反对我、骂我，我也勇往直前，满不在乎），这种好传统，一般落伍的人是不能了解的。爷爷死后十年，爸爸费了许多力气，把爷爷写的一部《中国文学史》稿本整理出来，印成漂亮的两本书纪念。而那些当年指责爸爸的“孝子”们，却没看见他们为他们的爸爸做了些什么。 
052.“爸”·“爹”·“妈”.txt	5		　　小孩子刚学说话，最先发的音也就是最容易发的音就是“爸”、“爹”、“妈”这些音，中外都是一样的。英文Pa或Papa或Dad或Daddy都是“父亲”（Father）的意思，但比Father亲热得多。所以你以后写信，不要写Dear Father而该写Dear Dad，我附一封英文给爸爸信的样本在下面： 
052.“爸”·“爹”·“妈”.txt	17		　　但Mother这个字，却不像Father这个字这么正式，所以常和Mom或Ma或Mamma或Mama混用，我再附一段英文小说在下面： 
052.“爸”·“爹”·“妈”.txt	25		　　当然正式的说法都用Father，尤其成语里都是固定用Father的，如： 
052.“爸”·“爹”·“妈”.txt	41		　　“长腿爹爹”（Daddy long legs）不是人，是一种不咬人的蜘蛛，也叫“收割者”（harvestman），在动物学上，翻作“盲蜘蛛”。它的腿，可以说丢就丢，遇到危险，它就丢个腿骗敌人，敌人注意到腿，它就趁机跑了。（壁虎也有这种本领，不过壁虎丢的是尾巴。） 
053.木字头的.txt	7		　　中文“木”字跟人和动物有一些词儿： 
053.木字头的.txt	15		　　木鸡——在中文有两个意思，一个相当于英文的wood cock，是一种也叫“山鹬”的鸟，另一意思是形容人呆住了，成语叫“呆若木鸡”（as dull as a wooden chicken），同时也有骂人笨的意思。（“木鸡”本来是称赞，在古代《庄子》一书里说一个人训练斗鸡，把鸡训练到不轻举妄动，到呆若木鸡的程度，别的鸡见了都害怕的程度，才算到家。后来这个词变得不是称赞了。可见人会变，鸡会变，木头鸡也会变，世界是变的呀！）真巧，英文wood cock也可骂人笨。 
053.木字头的.txt	17		　　木马——木马可多了，有木马屠城记的木马，有运动场上的木马，有小朋友的木马。希腊人攻Troy城，把兵藏在木马（wooden horse）内，这故事很有趣，你可以问老师。
054.踏脚石与马铃薯.txt	5		　　你开始学植物（plant），你要爸爸写一点植物给你。好，你看，植物来了，这是什么花？这是五月花（Mayflower），这是美国麻州的州花（state flower of Massachusetts）。麻州就是美国东边那个有小挂衣钩的小州，州虽小，资格却很老，1620年——哥伦布（Columbus）发现美洲后128年，一条叫Mayflower的船，到了这挂衣钩的Provincetown的地方，这船上有102个Pilgrims（都是清教徒Pilgrims），有老有少有男有女（有的还有仆人），他们是从英国Plymouth港上船的，走了65天，到了挂衣钩（这钩叫Cape Cod），但到了这里的102个人不是完全上船那102个，因为死了一个，又生了一个，这天是1620年November 21，到了December 21，他们到了西边的陆地，因为他们是从Plymouth来的，所以就把这地方叫做Plymouth（你记得前年9月23爸爸给你信上提到的美国对英国饮水思源，英国有一个Plymouth，美国来它六个吗？）到了这地方，102个人又变了，死了3个，又生了1个，一共只有99了。传说他们踩了一块踏脚石（stepping-stone），现在这块石头是美国国宝。 
054.踏脚石与马铃薯.txt	11		　　美国白人有的很神气，总是炫耀他们Mayflower来的老祖宗，认为他们最老资格，但忘了在白人到美洲前，早有黄种人印地安（Indian）人在那儿了。美国历史上最有名的牛仔哲学家（the cowboy philosopher），最会表演挥鞭子、说笑话的Will Rogers（1935年爸爸出世后三个多月，他坐飞机失事死了）说过一句挖苦这些美国白人的话： 
054.踏脚石与马铃薯.txt	17		　　可见一个人不要老吹自己的祖宗，要自己有本领才好。Thomas Overbury用植物中的马铃薯（potato）做过一个比喻，他说自己乏善可陈老是吹他有名的祖宗的家伙，就像马铃薯——属于他的好东西都在地底下（祖宗都死了，埋在地底下）。The man who has not anything to boast of but his illustrious ancestors is like a potato-the only good belonging to him is under ground.（Sir Thomas Overbury：Characters） 
054.踏脚石与马铃薯.txt	19		　　小文你说，这个比喻好不好玩？ 
055.我讨厌日本.txt	21		　　五、日本人和德国人是全世界最不会把简单的事弄简单的人，他们常常弄得复杂，日本人写的书多犯这个毛病。日本的小说，没有一本是能看的。日本文字的啰嗦，使他们在二次世界大战的通讯方面，吃了大亏。 
055.我讨厌日本.txt	29		　　九、日本画和电影，在表情上，男人都是夸张过度的凶相，女人都是“爱哭面”，台湾的歌仔戏一路哭到底，大概受了日本的影响，台湾被日本统治了半个世纪，所以很日本味，很多台湾人说了一口好日本话，但有的不行，日本人考台湾人日语，要他们分别： 
055.我讨厌日本.txt	45		　　十四、英文成语： 
055.我讨厌日本.txt	51		　　Sayonara！（Japanese good-bye）美国小说家James A. Michener的一本小说就用这字做书名。 
055.我讨厌日本.txt	53	risk	　　请姥姥给你讲中文成语“指鹿为马”的故事。日本人后来偷去这个故事，成了一句日本骂人语——“马鹿野郎”（拔个牙路），意思是人连马和鹿都分不清，是个混蛋的家伙。日本人最喜欢骂“马鹿野郎”，有次首相吉田茂在国会里骂出来了，结果丢了首相宝座。 
055.我讨厌日本.txt	55		　　中国东北人说日本，发音是一本；湖北人说日本，发音是二本。 
056.从达芬奇到蒲公英.txt	1		从达芬奇到蒲公英
056.从达芬奇到蒲公英.txt	5		　　五百年前，Italy（意大利）有一个天才，名叫列奥纳多达芬奇（Leonardo Da Vinci），他的爸爸和妈妈没结婚，他的爸爸是律师。Leonardo从小就会画，十三岁，他爸爸把他送到一个大画家那儿学画，大画家叫Andrea Del Verrocchio，比他大十七岁，但他慢慢画得比他老师还要棒。他的老师画了一幅《基督受洗图》（Baptism of Christ），其中一个天使（one of the angels）和背景（the background）让他来画，大家看了，都说这天使是画里最好的部分（The angel was the best part of the painting）。后来他老师“气”得不画画了，改行搞雕刻（sculpture）了。用中国成语，这叫“青出于蓝而胜于蓝”（Green comes from blue but excels blue）。
056.从达芬奇到蒲公英.txt	9		　　Leonardo画了许多有名的画，这个要笑又不笑的女人叫Mona Lisa。这种似笑非笑，变成一种神秘的象征（the symbol of mystery）。Leonardo自己说：“Paint the face in such a way that it will be easy to understand what is going on in the mind. ”但大家都猜来猜去，不知道她到底笑什么。Leonardo还画过一幅 The Last Supper，画基督死前同学生们一块儿吃晚饭，也很有名，但这画已经褪色了，并且在战争中受了损害。
056.从达芬奇到蒲公英.txt	21		　　诗人 Helen Gray Cone（1859-1934）写过一首 The Dandelions的诗，最后四句是：
057.瞎子可以摸出象来.txt	5		　　感官（senses）一般说有五种（Most people speak of the five senses：sight——眼，视觉；hearing——耳，听觉；smell——鼻，嗅觉；taste——舌，味觉；feeling——皮肤，触觉），事实上不只五种，人类有十一种。 
057.瞎子可以摸出象来.txt	7		　　还有一种叫“第六感”的“直觉”（sixth sense，an unusual power of perception；intuition；a power of perception beyond the five senses）。很多人信这第六种，但它没有科学的根据。这就是说，“第六感”有迷信的（superstitious）味儿。 
057.瞎子可以摸出象来.txt	9		　　爸爸在去年3月22日信上告诉过你蜻蜓（dragonfly）有最好的眼睛，它可以看到十八英尺远的一只小蚊子（gnat）。另外鹰（eagle）也有极好的眼睛，可以看到半里以外的小兔子，中国诗人描写说“草枯鹰眼疾”，就是夸它的目光犀利。一只小鹰的眼力就比人类好八倍，可见人类真是“目光如豆”（short-sighted）。人类不但不能“鸟瞰”（a bird's eye view）事物，还常常不肯“正视”（face），常常“视而不见”（look but do not see）他所“目睹”（see with one's own eyes）的，所以常常是“打马虎眼”（pretend not to see或to overlook）。所以人常常是睁着眼睛的瞎子，尤其在love的时候，因为大诗人Chaucer说love is blind.。 
057.瞎子可以摸出象来.txt	11		　　瞎了一只眼，叫“独眼龙”（one-eyed person），独眼龙如果运气好，还可以做国王，“In the land of the blind, the one-eyed is king．”（在盲人之国，独眼龙就是王。）这是一句好玩的英文谚语，这才真是中文谚语里头的“别具只眼”呢！（英文eye for eye大概是独眼龙发明的，中文的意思是以眼还眼，一报还一报，报复，一拳来一脚去。） 
057.瞎子可以摸出象来.txt	17		　　现在谈“触觉”。触觉瞎子最灵，中国有一个笑话说“盲人摸象”，因为象太大了，盲人们each touching merely a small part of the elephant's body，结果每个人说出的象的形状都不一样。其实这是时间不够的缘故。如果时间够，瞎子一定可以摸出象的模样来。 
057.瞎子可以摸出象来.txt	21		　　美国的海伦凯勒（Helen Keller），她克服了聋、哑、瞎的困难，她的故事极动人，你可请老师讲给你听。触觉当然不限于手，皮肤都有这种感觉。山鹬（woodcock）鸟能用嘴放在地上，凭触觉确定出地下的蚯蚓在哪儿动，你说多厉害！这种触觉多精细啊！植物中含羞草（sensitive plant）也有这种感觉，你说怪不怪？ 
057.瞎子可以摸出象来.txt	29		　　嗅觉会疲劳，所以刚闻的时候最觉得臭或香，闻久了就不觉得了，中文成语叫“久而不闻其臭”，并且还要做“逐臭之夫”，因为“臭味相投”啊！ 
057.瞎子可以摸出象来.txt	35		　　一般说味有五种，就是“五味”：酸（sour）、甜（sweet）、苦（bitter）、辣（hot）、咸（salty），没有味道，中国成语是“味同嚼蜡”（tastes like chewing candle）。还有—句叫“索然无味”（uninteresting，tasteless）。“鸡肋”（chicken's ribs）的意思是“弃之可惜，食之无味”，有点进退两难的矛盾。 
057.瞎子可以摸出象来.txt	43		　　中文有“装聋作哑”（pretend to be deaf and dumb），所以有时候对声音会故意“听而不闻”（I hear, but I don't listen），有时候人要故意听别人说什么，于是就plant “bug”，这是不对的，所以Nixon下台了。所以中国古人希望的“顺风耳”，实行起来，要有限度才好。 
057.瞎子可以摸出象来.txt	47		　　更奇怪的就是小瞎子蝙蝠（bat）了，英文说全瞎像蝙蝠一样瞎（as blind as a bat），但蝙蝠的声觉，却比人类的雷达（radar，可问老师是什么）还高明，它凭声波抓小虫来吃，它根本用不着眼睛！ 
057.瞎子可以摸出象来.txt	49		　　鲨鱼（shark）也是个听音专家，浑身是“耳”（佛经上说“通身是眼”，它却“通身是耳”），正常的声音它听而不闻，但声音中一有异动，哪怕300码（一码yard是三呎，呎就是英尺foot）外，它也不会“充耳不闻”（turn a deaf ear to），它立刻游过去，准备大吃特吃一顿。 
058.彼得·潘·潘彼得.txt	5		　　上月23号，给你信上提到的Leonardo Da Vinci画的那幅《最后的晚餐》（The Last Supper），爸爸把它贴在下面。画的意思是耶稣（Jesus）说One of you shall betray me.（你们之中有一个要出卖我了），于是大家纷纷问他Is it I？（是我吗？） 
058.彼得·潘·潘彼得.txt	7		　　画上有Jesus的十二个徒弟，但并不是“十二使徒”Twelve Apostles-the twelve disciples and associates of Jesus（Peter, James, John, Andrew, Thomas, James the Less, Jude, Philip, Bartholomew, Matthew, Simon, and Judas）, Who were chosen as His Apostles.画上说明（The Last Supper, as painted by Leonardo Da Vinci, shows Jesus and the twelve apostles, left to right：Bartholomew, James the Less, Andrew, Judas, Peter, John, Thomas, James, Philip, Matthew Thaddeus, and Simon.）说是the twelve apostles，是不妥的，因为十二使徒里的Judas（犹大），并不是画里那个Judas，但一般人总以为画里那个Judas是十二使徒之一，这是一般人看书没有爸爸仔细的缘故。 
058.彼得·潘·潘彼得.txt	9		　　坐在画里Judas旁的白胡子老头叫彼得（Peter），Jesus死后，Peter是头牌的使徒。他原来是打鱼的，Jesus招他做徒弟，说做了Jesus徒弟就“得人如得鱼一样”（I will make you fishers of men.）。于是Peter就跟Jesus传道了。Jesus死后十五年，Peter因传教被关在牢里，但传说天使帮他越狱，天使来的时候，看守他的兵也睡了，锁着他的两条铁链也开了。可见天使的本领真大，不但会催眠术（hypnotism），还是锁匠（locksmith），也许锁就是Peter自己开的，因为Jesus早就说给Peter“天国的钥匙”（I will give to thee the keys of the kingdom of heaven.），这keys既然能开天门，开个铁链上的锁自然不在话下。 
058.彼得·潘·潘彼得.txt	13		　　谈完了Peter，再谈Pan（潘）。Pan是牧羊神，是希腊神话里半人半羊的神，怪吓人的，所以英文panic一个字，便是被他“吓”出来的，如说They fall into a panic.就是“他们大感恐慌”。 
058.彼得·潘·潘彼得.txt	21		　　Peter Pan是谁？Peter Pan是一个童话里的小男孩，他不肯长大（refuses to grow up），下面是他的履历： 
058.彼得·潘·潘彼得.txt	29		　　Peter Pan这书你学校里一定有。中文也有译本，叫《潘彼德》，重庆南路商务印书馆可以买到。译者梁实秋，现在有七十五六岁了，他是三姑三姑父在师范大学时的文学院院长，他给爸爸写的一本书《胡适评传》写过书评，说“李敖先生收集材料的本领很大”。 
058.彼得·潘·潘彼得.txt	35	risk	　　有人用middel name，反而不用前面的，美国前总统Nixon的太太叫Thelma Patricia（Pat）Ryan只用middle name。1952年大选的时候，政敌Nixon说收了slush fund（红包），A fund or sum of money set aside for political purposes, to use to buy influence or votes, or to use in bribery.说他太太Pat有貂皮大衣（mink coat），于是Nixon上了电视，称呼他太太就用Pat这middle name：He discussed his personal finances in detail, showing that he had not profited personally from the fund. He said that “Pat doesn't have a mink coat. But she does have a respectable Republican cloth coat.”And he vowed to keep Checkers, a cocker spaniel that had been a gift to his daughters. After the program, Republicans hailed Nixon as a hero. Eisenhower put his arm around Nixon when they next met and declared：“You're my boy.”Eisenhower and Nixon went on to defeat their Democratic opponents.他说他只收了人家送他的一条cocker spaniel（这是一种短腿、长毛、大耳朵下垂的小猎犬），“不论他们说什么，我们也把它留下来。”（Regardless of what they say about it, we're going to keep it.）当然一条小狗不能算是slush fund，所以Nixon当选了。 
059.记印度阿三.txt	5		　　古时候，有人有一种特技，能够一只脚站很久，他向斯巴达（Sparta，在今天Greece）人说：“我不信你们有这本事。”（I do not believe you can do as much.）但斯巴达人回他一句，这有什么了不起，“每条鹅都能。”（True, but every goose can.） 
059.记印度阿三.txt	9		　　这些无聊的特技，都是印度人的本事。这一套本事，最像样的部分就叫“瑜伽”（yoga 1.[in Hindu religious philosophy] a system of ascetic practice, abstract meditation, and mental concentration, used as a method of attaining union with the supreme spirit. 2. a system of exercises or rigid physical positions for achieving serenity and well-being.），信瑜伽的就叫yogi，印度人很多都信。去年10月19日爸爸给你信上提到的现在印度总理甘地夫人的爸爸（坐过十年半牢的），每天早起就要拿大顶，据说这样可relax himself（Nehru's wife died in 1936 and his only daughter is his official hostess. He likes playing with his two grandsons. Every morning he starts his day by standing on his head to relax himself.）。中国古话说，救老百姓是“解民倒悬”，如果老百姓都这样以“倒悬”为乐，那还解个屁！（上次信上谈到Peter要求倒钉十字架以表示他对他老师耶稣的敬意，大概Peter也是一个yogi！） 
059.记印度阿三.txt	21		　　印度教（Hinduism）（The religious[Polytheistic] and social systems of the Hindus, developed from Brahmanism, and embodying animistic beliefs. The caste system is the chief characteristic.印度多神教，为婆罗门教的变相，并信灵魂造生命之说，社会阶级制度是它主要特点）虽然对牛客气，对人却极不客气。印度教把人分四种阶级（caste），每一阶级干什么，永远干什么（从爷爷的爷爷到孙子的孙子）。四阶级中，第三级是农人商人（甘地就属于这一级，甘地坐过近六年五个月的牢，爸爸在去年10月19日信上跟你谈过），第四级是奴隶、仆人。另有一种不入级的叫“不能碰的”（Untouchables），连做奴隶、仆人都不准，甚至不准他们工作，只准讨饭（even forbidden to work, and can only beg），讨饭还不准在给钱的人的身边讨，要躲得远远的，钱由给钱的人丢在地下，Untouchables再去捡，直接给是不行的，这叫“授受不亲”！ 
059.记印度阿三.txt	23		　　Untouchables的影子碰到了上面说的四阶级都不行！被影子碰到了就得赶快洗澡！ 
059.记印度阿三.txt	29		　　你看过《西游记》吗？西游记里唐僧、孙悟空、猪八戒去西天取经，就是去印度，印度是佛教（Buddhism）的发源地，佛教的教主是释迦牟尼（Sakyamuni），比耶稣大560岁，比孔夫子大12岁。佛教很奇怪，它在印度传了一千年，传丢了——印度自己没了，却跑到别人家里去了，印度的邻居（像中国）和邻居的邻居（像日本），都到处是佛教徒，可是印度今天自己的佛教徒，只不过三四百万（两百多个人里头，才有一个信佛的），你说怪不怪？ 
059.记印度阿三.txt	55		　　India ink就是中国的墨汁。India paper就是中国的圣经纸。这两样东西明明是中国的却用上印度名字。 
060.萨摩亚与自挽诗.txt	1		萨摩亚与自挽诗
060.萨摩亚与自挽诗.txt	31		　　中国古话说“画地为牢”（to draw a circle on the ground for a prison, as was done in the “good old days”）、说“夜不闭户”（There's no need to close doors at night.）……这些世界大同的标准，西萨摩亚人都做到了。 
060.萨摩亚与自挽诗.txt	35		　　《金银岛》（Treasure Island）的作者斯蒂文森（R. L. Stevenson）九十年前死在西萨摩亚。只活了四十四岁（他的太太比他大十一岁），死前他写了一首《安魂曲》（Requiem）。（Requiem-1. A Mass for the repose of a departed soul or souls, 安魂祭（安去世灵魂的弥撒祭）。2. A setting of the Mass for the dead, 安魂曲（即死者弥撒祭时所奏之曲）的一段乐谱。Also, a piece of like character for other words, 又指吊歌、挽歌。3. Any grand musical service of hymn in honor of the dead, 对于死者表示敬意的严肃音乐演奏或壮丽的圣歌。）中国的文学家陶渊明也写过《自祭文》。爸爸把它翻译给你看： 
060.萨摩亚与自挽诗.txt	55		　　自挽诗 
060.萨摩亚与自挽诗.txt	65		　　请刻这首诗，在我坟场： 
060.萨摩亚与自挽诗.txt	73		　　画片上小狗背后刻的诗，就是上面这首。 
060.萨摩亚与自挽诗.txt	75		　　《金银岛》是一本写海盗的小说，你一定要看一看。写得非常好。英文的学校图书馆一定有，中文的翻译有开明书店的《宝岛》和东方出版社的两种带注音的《金银岛》。
061.素食种种.txt	5		　　英文里有四句诗： 
061.素食种种.txt	29		　　很多名人是吃素的，这种人叫vegetarian，18世纪法国大哲学家、思想家卢梭（Rousseau）是吃素的、19到20世纪的俄国文学家托尔斯泰（Leo Tolstoy）是吃素的、19到20世纪的英国文学家萧伯纳（George Bernard Shaw）是吃素的、爸爸一再跟你提到过的印度甘地（Gandhi）也是吃素的。吃素的人比较长寿，Shaw活了九十四、Tolstoy活了八十二、Gandhi活了七十八（被刺的）、Rousseau活了六十六（传说被害），由此可见，蛋白质光吃植物性的好像也够了。 
061.素食种种.txt	55		　　六、水（water）——水占人体重的60%—65%。有人说女人是水做的，男人是泥做的，其实男女都是水做的。 
062.专门吃大鱼.txt	5		　　中文俗谚：“大鱼吃小鱼，小鱼吃虾米。”
062.专门吃大鱼.txt	21		　　你请姥姥每周来看爸爸的时候，顺便从家里书架上取两本中文书带来，以翻译小说、章回小说、历史最理想，或什么书都可以（不要买）。
063.“海外人鱼”.txt	5		　　安徒生（Andersen）的童话你看了吗？童话里的《丑小鸭》（The Ugly Duckling）、《国王的新衣》（The Emperor’s New Clothes），你都记得吗？安徒生是丹麦（Danmark）人，1875年死的，今年正好是一百年。他童话里的小美人鱼（The Little Mermaid），被丹麦人做成铜像，放在首都哥本哈根（Copenhagen）的港口。 
063.“海外人鱼”.txt	7		　　美人鱼并不是安徒生创造的，美人鱼是神话里的人儿，很早很早就有了。不谋而合的是，中国也有，中国小说《镜花缘》里说的“海外人鱼”——“上身宛似妇人，下身仍是鱼形”，就是她。 
064.他们六个.txt	7		　　第一个是亚里士多德（Aristotle），活了六十二岁。 
064.他们六个.txt	15		    亚里士多德：Aristotle Plato's greatest pupil
064.他们六个.txt	27		　　第二个科学家——伽利略（Galileo），活了七十八岁。Galileo was the first great experimenter and the father of modern astronomy. He was also an outstanding mathematician. Galileo说Aristotle认为重东西先落地，不对，他跑上比萨斜塔（the Leaning Tower of Pisa），拿两个不同重量的球实验，结果证明Aristotle错了。——但别人都错的时候，他一个人对没有用，他被大学赶走了。 
064.他们六个.txt	29		　　Galileo又印了一本书，说太阳不动，动的是地球，于是，惹起公愤，虽然他对了。——但别人都错的时候，他一个人对没有用，他被抓到“宗教裁判所”，宗教法庭（Inquisition）。Inquisition动不动就把人烧死，因为Galileo是大学者，又太老了（七十岁），又有点后台（有贵人保护），又“认错”，于是“优待”，改判为“终身软禁”（permanent house arrest）。House arrest, a form of arrest in which a person is confined under guard in his own house：Authorities insisted no one had been jailed but said some strikers were under house arrest.（Tuscaloosa News） 
064.他们六个.txt	31		　　他“认错”以后，偷偷在一个朋友耳边说：“但它（地球）还在动啊！”Yet it does move！（E pur si muove！） 
064.他们六个.txt	33		　　他被关在家里，大诗人John Milton（当时三十岁）到Italy旅行，到Galileo家里拜访，Galileo已经瞎了，真巧，十四年后，Milton也瞎了。 
064.他们六个.txt	43		　　中文有句成语叫“周而复始”（to repeat the cycle all over again）。血在人身体里就是周而复始的。发现这一现象很不容易。 
064.他们六个.txt	61		　　第五个科学家——牛顿（Isaac Newton），活了八十五岁。 
064.他们六个.txt	65		　　Galileo死在年头，Newton生在年尾。他们都没结婚，但Galileo有两个女儿一个儿子。Galileo的一些观察是错的，他虽然把球从斜塔朝下丢，但并没发现落体的真正速度，也没成立定律（law），直到Newton出来，才完成了这一解释。牛顿是个“遗腹子”（an infant born after the death of its father；a posthumous child），从小妈妈不在身边，跟姥姥长大，他从小就喜欢科学。 
064.他们六个.txt	73		　　Newton的成绩，英国诗人Alexander Pope有两句诗描写得最好： 
064.他们六个.txt	83		　　Newton虽然有那么大的成绩，但他很谦虚（humble），他说： 
064.他们六个.txt	89		　　第六个科学家——爱因斯坦（Albert Einstein），活了七十六岁。 
064.他们六个.txt	91	risk	　　爱因斯坦是German（德国人），又变成了Swiss（瑞士人），又变成了German，又变成了American（美国人），但他的blood是Jew（犹太人）。他帮助Jews复国，但成立Israel（以色列）的时候，他拒绝做总统，结果由他的朋友，会六国语言的Weizmann做了。 
064.他们六个.txt	93		　　Einstein的新学说是“相对论”（the Theory of Relativity），使Newton的学说一部分动摇。 
065.从鸭嘴兽到水獭.txt	5		　　一个半世纪前，科学家刚听说有一种下蛋的哺乳动物（egg-laying mammal），他们都不相信，说胡扯（a hoax），没想到世界上真有这么一种动物，就是“鸭嘴兽”（platypus）。鸭嘴兽只在澳洲（Australia）东海岸才有，澳洲也叫澳大利亚，是世界上最小的洲，也是一个国家。 
065.从鸭嘴兽到水獭.txt	17	risk	　　美国有俗语“袋鼠法庭”kangaroo court, U.S. Informal. an unauthorized or unofficial court, usually self constituted, as a mock court by prisoners in a jail or a frontier court：…shot down over North Korea in 1952 and condemned to prison by a Red kangaroo court.（Newsweek），类似中文所说的“私设公堂”。以前在Kansas州，法官巡回各地办案，由这跑到那，很像袋鼠跳来跳去，所以叫袋鼠法庭。（Kangaroo court：A kangaroo court is an illegal mock or sham court, usually one set up by inmates of a prison to levy fines and punishment on other inmates who violate the “code”. Such organizations, usually very informal in nature, exist in most large prisons and are even encouraged by some wardens as a useful device for maintaining order. The name probably originated at the time when Australia, land of the kangaroo, was the penal colony for the British Empire. The term has occasionally-and inaccurately-been applied to the kind of roadside justice of the peace court which exists only to collect fines from motorists caught in speed traps.） 
065.从鸭嘴兽到水獭.txt	59		　　澳洲“得天独厚”to be particularly favored by nature （said of a land rich in natural resources or a gifted person）却是从不公平来的。澳洲有“白澳政策”，限制有色人种到他们那儿去。但白种人又少，所以将来问题一定很多，不是铁蒺藜（barbed-wire fence）拦得住的。澳洲人自己也说：“We've got a big, empty country here, and we have to fill it up. You Know,‘populate or perish’.” 
065.从鸭嘴兽到水獭.txt	75		　　水獭还是一个会用工具的家伙（a tool user），它吃蛤蜊（clam），会朝石头上敲，你说它多聪明！ 
066.“那么让他们吃饼嘛！”.txt	5		　　法文有一个字叫“顾而媚”（gourmet），就是讲究吃的人（a connoisseur in eating and drinking，善于判别饮食美恶之人；an epicure，美食者），很像中文中的“老饕”，但老饕有一点挖苦的意味。法国的“烹饪”被当做一种艺术（Cooking is considered an art by the French. They are world famous for their salads, sauces, and soups. Almost every region, city, and restaurant of France has its own food specialty. These specialties include truffles（mushroomikel plants）in the Guyenne region, snails in Burgundy, sausages in Arles and Lyou, omelets in Mont St. Michel, and pressed duck in Paris.），一个笑话说美国人嚼口香糖去饭店，法国饭店老板（patron，注意英文patron和法文patron意思不同）拒绝伺候他——阁下嘴含“橡皮”，安能品味！ 
066.“那么让他们吃饼嘛！”.txt	7	risk	　　法国人因为讲究吃，所以foods的花样也多，cheeses就有两百多种做法。法国的党（party）也多，十个以上（美国英国只有两党），法国英雄戴高乐（Charles de Gaulle）说有两百多种cheese花样的国家岂能只有一个党？（How can one conceive of a one-party system in a country that has over two hundred varieties of cheese.）戴高乐也坐过牢，后来当了法国总统。 
066.“那么让他们吃饼嘛！”.txt	9	risk	　　戴高乐的一个老上司叫贝当（Pétain），第一次世界大战时防守凡尔登（Verdun），曾说：“他们过不来！”（They shall not pass!）成为抗德英雄。但是二十四年后，在第二次世界大战的时候，他竟同德国人合作了，那时他已八十四岁。到了八十九岁，被判死刑。戴高乐给他减为无期徒刑（life imprisonment）。他真能活，活到九十五岁才死在牢里！他大概是全世界年纪最大的囚犯了。 
066.“那么让他们吃饼嘛！”.txt	15		　　还有一个能活的，是法国在第一次世界大战时的总理克里蒙梭（George Clemenceau），活了八十八岁。死的时候叫护士走开，他说他不要死在女人面前！他要人把他的棺材立起来，他说他死也要站着死！他的外号叫“老虎”（The Tiger），这个人有多历害，可想而知。 
066.“那么让他们吃饼嘛！”.txt	21	risk	　　法国大革命的时候，皇帝和皇后（皇帝是路易十六Louis ⅩⅥ，皇后是玛丽安托瓦内特Marie Antoinette）正在凡尔赛宫。当时老百姓吵着要面包，手下报告说巴黎大乱，“因为他们没有面包。”（Because they have no bread.）皇后说：“那么让他们吃饼嘛！”（Then let them eat cake.）中国也有这种不知道民间疾苦的笑话，在玛丽安托瓦内特说这话前一千五百年，中国大乱，手下向皇帝（晋惠帝）报告老百姓没饭吃了，皇帝奇怪，反问：“他们为什么不吃肉啊？”（“何不食肉糜？”）（糜congee；porridge；rice gruel）后来玛丽安托瓦内特死在断头台（guillotine）上。断头台是一个医生发明的。 
066.“那么让他们吃饼嘛！”.txt	25	risk	　　在玛丽安托瓦内特才九岁的时候，一个四十三岁的名女人死在凡尔赛宫，她是路易十六的爷爷路易十五Louis XV的情妇（mistress），她影响了法国政治二十年，名字是蓬巴杜夫人（Madame de Pompadour）。她对文学、艺术很赞助（to patronize），被她赞助的人中，有一个叫伏尔泰（Voltaire）。伏尔泰是philosopher（哲学家）、poet（诗人）、historian（历史家）、novelist（小说家）、dramatist（戏剧家）、satirist（讽刺家）。他因为写文章惹祸，在Bastille监狱住过，他的文字极有影响力，影响到French Revolution——在他死后第十一年，French Revolution发生，捣毁Bastille了。 
066.“那么让他们吃饼嘛！”.txt	27		　　伏尔泰写文章惹祸太多，他虽生在巴黎，可是在外面二十八年，无法回老家。他很会做生意，赚了钱，在法国靠瑞士日内瓦（Geneva）边上，造了住宅，法国抓他，他就逃到瑞士；瑞士抓他，他就逃到法国，他说哲学家该在地下有两三个洞以防走狗抓他们（Philosophers should always have two or three holes under ground against the dogs hunting them.）。中国古话说“狡兔三窟”（A wily rabbit has three burrows.），他真是狡哲三窟啊！ 
066.“那么让他们吃饼嘛！”.txt	37		　　再写四个有French的词念给你： 
067.嘴含一根草.txt	17		　　你说我很坏，
067.嘴含一根草.txt	19		　　我说你不好。
068.我的本领就是臭.txt	5		　　中文成语：“各人自扫门前雪（Everybody minds his own business.），休管他人瓦上霜（the frost on neighbor's roof-none of one's business.）。”用英文来说，就是Let every man skin his own skunk.（让每个人剥他自己的臭鼬的皮）。 
069.飞上枝头看飞枝.txt	19	risk	　　现代的飞枝人虽然怕台湾警察，胆子很小，但他们以前胆子可不小，他们是吃人肉的（cannibals——A human being that eats human flesh吃人肉的人；by extension, any animal that eats its own kind，广义来说，吃同类的动物），还是猎头的（head-hunters. head-hunting, n. The custom, characteristic esp. of heathen Malayan peoples, of decapitating enemies and preserving their heads as trophies. 奉异教的马来民族所特有的斩敌人头留作战胜纪念品的习俗）。 
069.飞上枝头看飞枝.txt	33		　　（后记）这封信中所引有关吴凤的英文解说，当然是从“神话”立论的。事实上，吴凤是因背约、骂人、与曹族格斗下被杀的。详见连横《吴凤列传》。 
070.古国神游.txt	25		　　金字塔前面的狮身人面像，叫Sphinx（the “Strangler”）。最有名的Sphinx故事是叫人猜谜语的故事。 
070.古国神游.txt	29		　　法老们不用金字塔以后，开始在地底下挖坟。1922年，考古学家Howard Carter（an English archaeologist, specialized in excavating ancient Egyptian tombs）挖到了小法老Tutankhamen的坟——3300年前的宝贝全部出土。小法老十八岁就死了，装在金棺材里，棺材盖是用金子做的小法老的全身雕像。坟共有四个房间，在chiff中挖成的，里面宝贝多极了，琳琅满目。（Good gems fill the eyes, a vast array of beautiful and fine things.）小法老Tutankhamen的名字，在3300年后，名闻全世界。Will Rogers（爸爸跟你谈过的美国牛仔哲学家，印地安祖先）甚至把Tutankhamen这个名词（noun）当动词（verb）来用。他说： 
071.“古希腊的辉煌”.txt	5		　　爱伦坡（Edgar Allan Poe，1809-1849）是West Point（西点军校）开除的，但后来西点拍他马屁，给他立了铜像。你在西点时注意到了吗？他是美国文学家，活到爸爸这个年纪（四十岁）就死了，他最会写神秘和侦探小说，他是给神秘和侦探小说开山的人。他也是诗人，他十四岁写了一首有名的诗——《给海伦》（To Helen），诗里最有名的句子是： 
071.“古希腊的辉煌”.txt	25		　　比方说Poe这首诗里提到hyacinth就是希腊的美少年Hyacinthus。用铁饼（discus）误杀Hyacinthus的，就是太阳神阿波罗（Apollo）。 
071.“古希腊的辉煌”.txt	27		　　Apollo无所不在，到处插一脚，他虽然是神，可是也参加人的纠纷。前面Poe的诗给Helen，她惹出Trojan war、她是天仙化人（as beautiful as an angel from heaven；a stunning beauty）因为她本是Apollo的爸爸Zeus（Jupiter）的私生女。Trojan war就是后来《木马屠城记》的故事。Troy城是个倒霉的城，前后一千八百年间，被毁九次，Helen那次只是第六次。考古家希勒曼（H. Schliemann）不知道Troy城有这么多，他挖过了头，挖到了木马屠城记以前的城——更早一千年的城。 
071.“古希腊的辉煌”.txt	29		　　在《木马屠城记》中，Apollo是帮守城的一边。Apollo的Priest叫Laocoon，他警告说木马有问题，不要信Greeks。即使他们带礼物来，但Laocoon和他儿子共三个被两条海蛇咬死了，结果他的警告没人信，最后木马拖进城来，半夜里，Greeks都从肚子里跳出来了。 
071.“古希腊的辉煌”.txt	31		　　英文谚语A cat has nine lives.（猫有九命）City with nine lives是套这一谚语。 
071.“古希腊的辉煌”.txt	33		　　中国人说“人非圣贤，孰能无过？”但外国人却说圣贤也有过，在英文中，这Even Homer nods.。Even Homer sometimes nods.（连荷马也打磕睡）荷马是第一个西方作家，是个瞎子（中国最老的作家之一左丘明Tso Chiu-ming也是个瞎子！）荷马活的时候穷得讨饭，死后有七个城拍他的马屁，说荷马是他们老乡。 
071.“古希腊的辉煌”.txt	41		　　荷马的Odyssey里说Greeks从Troy回来，路上经过千辛万苦。他们的大英雄是Odysseus（英文多叫他Odysses），带着Greeks逃离了Lotus-Eaters等等要命的地方。 
071.“古希腊的辉煌”.txt	53		　　希腊的建筑后来被人学，到处都是。英国哲学家A. N. Whitehead有一段说这种希腊其实最不希腊，因为希腊人并不学人家。（The most un-Greek thing we can do is copy the Greeks. For emphatically they were not copyists.） 
071.“古希腊的辉煌”.txt	57		　　Zeus有一个儿子，叫Heracles，说Heracles的后代就是Alexander the Great，所以老是和Zeus有关系。 
071.“古希腊的辉煌”.txt	63		　　Alexander the Great很羡幕这位满不在乎的哲学家，因此才说了这么一句捧人也自捧的话——“如果我不是亚历山大，我就想做Diogenes．”（If I were not Alexander, I would be Diogenes.）他真会说话呵！ 
072.“古罗马的壮丽”.txt	7		　　英文中带罗马的词儿很多，Roman Nose、Roman numerals……你慢慢都会碰到。带罗马的成语也很多。条条大路通罗马！（All roads lead to Rome.） 
072.“古罗马的壮丽”.txt	13		　　在地图上你注意Pompeii那个地方。一千九百年前，Vesuvius火山爆发，把Pompeii活埋了。但这一埋却保存了一个两千年前完整的古城。现在这个城的一半已经给挖了出来，使人类看到了两千年前古城的原样，小文你说，多有意思呀！ 
072.“古罗马的壮丽”.txt	19		　　古罗马圆形竞技场叫The Colosseum，是人给狮子吃的地方。Roman Holiday（罗马假期）表示看人受罪以为乐，就是这么来的，最喜欢Roman Holiday的是罗马皇帝尼禄（Nero），有人说他放火烧了罗马，还出来一句英文成语：To fiddle while Rome is burning. 
072.“古罗马的壮丽”.txt	21		　　罗马本来信很多神，但是Christians（基督徒）跑出来说别的不要信，只信他们的God，结果在Nero时候，大抓Christians，Christians吓得躲到catacombs（墓窖）里。 因为罗马法规定不准打扰死人，所以罗马兵不会跑去抓。 
072.“古罗马的壮丽”.txt	37		　　恺撒打Egypt后，被埃及女皇Cleopatra迷住。恺撒被刺后，他的部下Antony又被Cleopatra迷住。所以法国哲学家Pascal说：如果Cleopatra的鼻子短一点，整个世界的脸蛋都变了。（If the nose of Cleopatra had been a little shorter the whole face of the world would have been changed.） 
072.“古罗马的壮丽”.txt	45		　　费边社的人才，爸爸跟你谈过GBS（George Bernard Shaw，萧伯纳），现在再介绍两位。1．英国小说家：威尔斯（H．G．Wells），2．英国社会学家：碧特莱丝·韦伯夫人 （Beatrice Webb）。 
072.“古罗马的壮丽”.txt	47		　　罗马用的是拉丁（Latin）文。最早罗马人的土包子说他不懂希腊文（Greek）。英文成语It is Greek to me．意思是I can't understand it.。罗马人后来什么都要Greek，最后干脆用起希腊文来，不喜欢用自己的拉丁文了。 
072.“古罗马的壮丽”.txt	49		　　希腊罗马因为文化混在一起，所以一般都说Greco-Roman，像Greco-Roman Civilization，Greco-Roman Wrestling等。 
073.波澜N多的波兰.txt	29		　　波兰的瓷器很有名，瓷器又叫china，所以，可以说，Poland的china很有名。 
073.波澜N多的波兰.txt	51		　　他最有名的小说是《吉姆老爷》（Lord Jim）和《黑暗的心》（Heart of Dark）。家里都有。 
073.波澜N多的波兰.txt	55		　　波兰最有名的文学家是显克维支Henryk Sienkiewicz（1846-1916），他用Rome的Nero做故事，写成了《暴君焚城录》（Quo Vadis，也叫《你往何处去》），这本书和前面居里夫人女儿给她妈妈写的那本Madame Curie，你都该看。家里都有。 
