file	line	matched_quote	previous_id	previous_book	previous_source	context
002.台湾的妓女传统.txt	9	青出于蓝	LASXQA-084	为中国思想趋向求答案	003.我要继续给人看看病.txt:375-375	台湾在经过日本人半世纪的统治后，人口方面，两性比例虽逐渐减低，而接近男女约等；但是，养女恶俗的流风，却有得消受。国民党接手后，1952年有养女十三万，但到六年后的1958年，就滚到十九万！九年后，1967年5月8日的第一党报《中央日报》上，公然承认“私娼百分之八十以上是养女，而这些养女非但是被迫卖身，更可怜的大都是些未成年的少女，小的只有十二、三岁。……”可见台湾投回祖国怀抱后二十年，养女犹在嫖客怀抱中！国民党师承了日本人的娼妓政策，从民间妓院到军中乐园，无一不以日本为师且青出于蓝之，以致台湾今天淫业之盛，不但外销日本，且为日本观光客的温床。常言说事事“日本第一”，但在这方面，日本人差得远哪！
002.台湾的妓女传统.txt	9	青出于蓝	LAJFM-010	你是景福门	016.简体字与“为匪宣传”.txt:7-7	台湾在经过日本人半世纪的统治后，人口方面，两性比例虽逐渐减低，而接近男女约等；但是，养女恶俗的流风，却有得消受。国民党接手后，1952年有养女十三万，但到六年后的1958年，就滚到十九万！九年后，1967年5月8日的第一党报《中央日报》上，公然承认“私娼百分之八十以上是养女，而这些养女非但是被迫卖身，更可怜的大都是些未成年的少女，小的只有十二、三岁。……”可见台湾投回祖国怀抱后二十年，养女犹在嫖客怀抱中！国民党师承了日本人的娼妓政策，从民间妓院到军中乐园，无一不以日本为师且青出于蓝之，以致台湾今天淫业之盛，不但外销日本，且为日本观光客的温床。常言说事事“日本第一”，但在这方面，日本人差得远哪！
002.台湾的妓女传统.txt	9	青出于蓝	LAMS-038	我梦碎，所以我梦醒	025.“民主”梦碎.txt:7-7	台湾在经过日本人半世纪的统治后，人口方面，两性比例虽逐渐减低，而接近男女约等；但是，养女恶俗的流风，却有得消受。国民党接手后，1952年有养女十三万，但到六年后的1958年，就滚到十九万！九年后，1967年5月8日的第一党报《中央日报》上，公然承认“私娼百分之八十以上是养女，而这些养女非但是被迫卖身，更可怜的大都是些未成年的少女，小的只有十二、三岁。……”可见台湾投回祖国怀抱后二十年，养女犹在嫖客怀抱中！国民党师承了日本人的娼妓政策，从民间妓院到军中乐园，无一不以日本为师且青出于蓝之，以致台湾今天淫业之盛，不但外销日本，且为日本观光客的温床。常言说事事“日本第一”，但在这方面，日本人差得远哪！
005.羊头化的遗教.txt	3	挂羊头卖狗肉	LASXQA-061	为中国思想趋向求答案	002.给谈中西文化的人看看病.txt:285-285	国民党口口声声恪遵遗教、信誓旦旦奉行遗教，但是，真正读过全部遗教的人（不是听凭国民党宣传遗教的人，也不是上上“国父遗教”的课，参加多次这类考试的人），真的拿“托诸空言”的遗教与“见诸行事”的国民党杰作一比，便会发现全不是那么回事！说得客气一点，遗教已被弹性处理；说得不客气一点，根本就是挂羊头卖狗肉了。
005.羊头化的遗教.txt	3	挂羊头卖狗肉	LAWSTM-055	我是天安门	017.你是毛泽东.txt:53-53	国民党口口声声恪遵遗教、信誓旦旦奉行遗教，但是，真正读过全部遗教的人（不是听凭国民党宣传遗教的人，也不是上上“国父遗教”的课，参加多次这类考试的人），真的拿“托诸空言”的遗教与“见诸行事”的国民党杰作一比，便会发现全不是那么回事！说得客气一点，遗教已被弹性处理；说得不客气一点，根本就是挂羊头卖狗肉了。
005.羊头化的遗教.txt	3	挂羊头卖狗肉	LAWZYZH-080	为自由招魂	021.为什么涨价？.txt:7-7	国民党口口声声恪遵遗教、信誓旦旦奉行遗教，但是，真正读过全部遗教的人（不是听凭国民党宣传遗教的人，也不是上上“国父遗教”的课，参加多次这类考试的人），真的拿“托诸空言”的遗教与“见诸行事”的国民党杰作一比，便会发现全不是那么回事！说得客气一点，遗教已被弹性处理；说得不客气一点，根本就是挂羊头卖狗肉了。
005.羊头化的遗教.txt	3	挂羊头卖狗肉	LAMS-036	我梦碎，所以我梦醒	023.“遗教”梦碎.txt:5-5	国民党口口声声恪遵遗教、信誓旦旦奉行遗教，但是，真正读过全部遗教的人（不是听凭国民党宣传遗教的人，也不是上上“国父遗教”的课，参加多次这类考试的人），真的拿“托诸空言”的遗教与“见诸行事”的国民党杰作一比，便会发现全不是那么回事！说得客气一点，遗教已被弹性处理；说得不客气一点，根本就是挂羊头卖狗肉了。
005.羊头化的遗教.txt	5	挂羊头卖狗肉	LASXQA-061	为中国思想趋向求答案	002.给谈中西文化的人看看病.txt:285-285	孙中山在三民主义自序中曾要求他的同志读者，“本此基础，触类引伸、匡补阙遗，更正条理”，可见他并没把他的著作当成圣经，所以，遗教被弹性处理，如与时俱进，并不算错。但是，如果弹性处理得过了头，并且冒出来的是面目全非的羊头，则遗教已被调包，换成了狗肉。狗肉并非不能卖，而是不可挂着羊头卖，挂羊头卖狗肉，则是一种牵强附会、一种欺骗，既对不住羊头，也对不住顾客。尤有进者，纵使挂了羊头卖了狗肉，不多事声张，也就人少计较了，绝不可以还年复一年的大张旗鼓自吹自擂，说自己如何如何在忠实遵行遗教、如何如何在卖羊肉，因为实质上既已偷天换日，再挂遗教招牌，就滑稽了。不幸的是，几十年来的政坛大戏，正是一幕滑稽剧。
005.羊头化的遗教.txt	5	挂羊头卖狗肉	LAWSTM-055	我是天安门	017.你是毛泽东.txt:53-53	孙中山在三民主义自序中曾要求他的同志读者，“本此基础，触类引伸、匡补阙遗，更正条理”，可见他并没把他的著作当成圣经，所以，遗教被弹性处理，如与时俱进，并不算错。但是，如果弹性处理得过了头，并且冒出来的是面目全非的羊头，则遗教已被调包，换成了狗肉。狗肉并非不能卖，而是不可挂着羊头卖，挂羊头卖狗肉，则是一种牵强附会、一种欺骗，既对不住羊头，也对不住顾客。尤有进者，纵使挂了羊头卖了狗肉，不多事声张，也就人少计较了，绝不可以还年复一年的大张旗鼓自吹自擂，说自己如何如何在忠实遵行遗教、如何如何在卖羊肉，因为实质上既已偷天换日，再挂遗教招牌，就滑稽了。不幸的是，几十年来的政坛大戏，正是一幕滑稽剧。
005.羊头化的遗教.txt	5	挂羊头卖狗肉	LAWZYZH-080	为自由招魂	021.为什么涨价？.txt:7-7	孙中山在三民主义自序中曾要求他的同志读者，“本此基础，触类引伸、匡补阙遗，更正条理”，可见他并没把他的著作当成圣经，所以，遗教被弹性处理，如与时俱进，并不算错。但是，如果弹性处理得过了头，并且冒出来的是面目全非的羊头，则遗教已被调包，换成了狗肉。狗肉并非不能卖，而是不可挂着羊头卖，挂羊头卖狗肉，则是一种牵强附会、一种欺骗，既对不住羊头，也对不住顾客。尤有进者，纵使挂了羊头卖了狗肉，不多事声张，也就人少计较了，绝不可以还年复一年的大张旗鼓自吹自擂，说自己如何如何在忠实遵行遗教、如何如何在卖羊肉，因为实质上既已偷天换日，再挂遗教招牌，就滑稽了。不幸的是，几十年来的政坛大戏，正是一幕滑稽剧。
005.羊头化的遗教.txt	5	挂羊头卖狗肉	LAMS-036	我梦碎，所以我梦醒	023.“遗教”梦碎.txt:5-5	孙中山在三民主义自序中曾要求他的同志读者，“本此基础，触类引伸、匡补阙遗，更正条理”，可见他并没把他的著作当成圣经，所以，遗教被弹性处理，如与时俱进，并不算错。但是，如果弹性处理得过了头，并且冒出来的是面目全非的羊头，则遗教已被调包，换成了狗肉。狗肉并非不能卖，而是不可挂着羊头卖，挂羊头卖狗肉，则是一种牵强附会、一种欺骗，既对不住羊头，也对不住顾客。尤有进者，纵使挂了羊头卖了狗肉，不多事声张，也就人少计较了，绝不可以还年复一年的大张旗鼓自吹自擂，说自己如何如何在忠实遵行遗教、如何如何在卖羊肉，因为实质上既已偷天换日，再挂遗教招牌，就滑稽了。不幸的是，几十年来的政坛大戏，正是一幕滑稽剧。
008.错把投资做投机.txt	5	天马行空	LAWLDH-032	文化论战丹火录	002.文化论战丹火录.txt:581-581	不料，一波未平，一波又起。“民生主义就是共产主义”一波后，先总理又在民生主义中，留下“平均地权”的一波遗教，要国民党实行。这一遗教，令国民党头痛程度，不在“民生主义就是共产主义”之下，因为在民生主义中，先总理为它订出实行细节，不像“就是共产主义”那样天马行空，有细节而不实行，又如何能赖得过？
008.错把投资做投机.txt	5	天马行空	LASXQA-087	为中国思想趋向求答案	003.我要继续给人看看病.txt:463-463	不料，一波未平，一波又起。“民生主义就是共产主义”一波后，先总理又在民生主义中，留下“平均地权”的一波遗教，要国民党实行。这一遗教，令国民党头痛程度，不在“民生主义就是共产主义”之下，因为在民生主义中，先总理为它订出实行细节，不像“就是共产主义”那样天马行空，有细节而不实行，又如何能赖得过？
008.错把投资做投机.txt	5	天马行空	LASXQA-091	为中国思想趋向求答案	003.我要继续给人看看病.txt:511-511	不料，一波未平，一波又起。“民生主义就是共产主义”一波后，先总理又在民生主义中，留下“平均地权”的一波遗教，要国民党实行。这一遗教，令国民党头痛程度，不在“民生主义就是共产主义”之下，因为在民生主义中，先总理为它订出实行细节，不像“就是共产主义”那样天马行空，有细节而不实行，又如何能赖得过？
008.错把投资做投机.txt	5	天马行空	LAQSXY-027	求是新语	172.关中的科学.txt:5-5	不料，一波未平，一波又起。“民生主义就是共产主义”一波后，先总理又在民生主义中，留下“平均地权”的一波遗教，要国民党实行。这一遗教，令国民党头痛程度，不在“民生主义就是共产主义”之下，因为在民生主义中，先总理为它订出实行细节，不像“就是共产主义”那样天马行空，有细节而不实行，又如何能赖得过？
008.错把投资做投机.txt	5	天马行空	LAWZYZH-031	为自由招魂	010.梦做骆马的自由.txt:29-29	不料，一波未平，一波又起。“民生主义就是共产主义”一波后，先总理又在民生主义中，留下“平均地权”的一波遗教，要国民党实行。这一遗教，令国民党头痛程度，不在“民生主义就是共产主义”之下，因为在民生主义中，先总理为它订出实行细节，不像“就是共产主义”那样天马行空，有细节而不实行，又如何能赖得过？
008.错把投资做投机.txt	9	挂羊头卖狗肉	LASXQA-061	为中国思想趋向求答案	002.给谈中西文化的人看看病.txt:285-285	民生主义的土地政策，关键在与人性不合、与经济定律不合。人性和经济定律中有可肯定的一面，那就是从土地投资中获得合理利润，如置产业、如建工厂，这都是促进土地利用的增值，这种增值不可为政府一把抓去。可是民生主义的土地政策却视土地投资为土地投机，因此不分良莠，一网兜收，害得国民党无法实行。无法实行又不便明说，于是暗中把主义偷天换日，挂羊头卖狗肉以出之。国民党好可怜哟！
008.错把投资做投机.txt	9	挂羊头卖狗肉	LAWSTM-055	我是天安门	017.你是毛泽东.txt:53-53	民生主义的土地政策，关键在与人性不合、与经济定律不合。人性和经济定律中有可肯定的一面，那就是从土地投资中获得合理利润，如置产业、如建工厂，这都是促进土地利用的增值，这种增值不可为政府一把抓去。可是民生主义的土地政策却视土地投资为土地投机，因此不分良莠，一网兜收，害得国民党无法实行。无法实行又不便明说，于是暗中把主义偷天换日，挂羊头卖狗肉以出之。国民党好可怜哟！
008.错把投资做投机.txt	9	挂羊头卖狗肉	LAWZYZH-080	为自由招魂	021.为什么涨价？.txt:7-7	民生主义的土地政策，关键在与人性不合、与经济定律不合。人性和经济定律中有可肯定的一面，那就是从土地投资中获得合理利润，如置产业、如建工厂，这都是促进土地利用的增值，这种增值不可为政府一把抓去。可是民生主义的土地政策却视土地投资为土地投机，因此不分良莠，一网兜收，害得国民党无法实行。无法实行又不便明说，于是暗中把主义偷天换日，挂羊头卖狗肉以出之。国民党好可怜哟！
008.错把投资做投机.txt	9	挂羊头卖狗肉	LAMS-036	我梦碎，所以我梦醒	023.“遗教”梦碎.txt:5-5	民生主义的土地政策，关键在与人性不合、与经济定律不合。人性和经济定律中有可肯定的一面，那就是从土地投资中获得合理利润，如置产业、如建工厂，这都是促进土地利用的增值，这种增值不可为政府一把抓去。可是民生主义的土地政策却视土地投资为土地投机，因此不分良莠，一网兜收，害得国民党无法实行。无法实行又不便明说，于是暗中把主义偷天换日，挂羊头卖狗肉以出之。国民党好可怜哟！
009.主义与祸根.txt	7	天马行空	LAWLDH-032	文化论战丹火录	002.文化论战丹火录.txt:581-581	国民党总裁这段话，我乍读之下，觉得国民党痛定思痛，做此“没有奉行三民主义之故”的检讨，不失为知非知过之举；但是细想之下，却发觉并不那么简单！实际的真相是：三民主义本身，的确蕴含了不能奉行的空想，使国民党根本就没法去兑现。民族主义比较天马行空，只好口号来口号去；民权主义就种下祸根，它的行政体制的设计，五院也好、国民大会也好、权能区分也好，……统统都无法兑现，《中华民国宪法》虽然明说“依据孙中山先生创立中华民国之遗教”来制定，但是空有外壳名目，实质上与遗教不合者约占百分之八十；即使这些外壳名目，也害得国民党至今焦头烂额。例如三个国会也、国民大会行使创制复决权也、监察权式微也、考试权驾空也。……没有一个问题，不是民权主义干的好事！至于民生主义，更是祸根百出，民生主义明说就是共产主义，早使国民党百口莫辩。接着就是平均地权与节制资本，国民党至今全都没法像样实行，原因是与人性不合、与经济定律不合，只好暗叫“苦也！”
009.主义与祸根.txt	7	天马行空	LASXQA-087	为中国思想趋向求答案	003.我要继续给人看看病.txt:463-463	国民党总裁这段话，我乍读之下，觉得国民党痛定思痛，做此“没有奉行三民主义之故”的检讨，不失为知非知过之举；但是细想之下，却发觉并不那么简单！实际的真相是：三民主义本身，的确蕴含了不能奉行的空想，使国民党根本就没法去兑现。民族主义比较天马行空，只好口号来口号去；民权主义就种下祸根，它的行政体制的设计，五院也好、国民大会也好、权能区分也好，……统统都无法兑现，《中华民国宪法》虽然明说“依据孙中山先生创立中华民国之遗教”来制定，但是空有外壳名目，实质上与遗教不合者约占百分之八十；即使这些外壳名目，也害得国民党至今焦头烂额。例如三个国会也、国民大会行使创制复决权也、监察权式微也、考试权驾空也。……没有一个问题，不是民权主义干的好事！至于民生主义，更是祸根百出，民生主义明说就是共产主义，早使国民党百口莫辩。接着就是平均地权与节制资本，国民党至今全都没法像样实行，原因是与人性不合、与经济定律不合，只好暗叫“苦也！”
009.主义与祸根.txt	7	天马行空	LASXQA-091	为中国思想趋向求答案	003.我要继续给人看看病.txt:511-511	国民党总裁这段话，我乍读之下，觉得国民党痛定思痛，做此“没有奉行三民主义之故”的检讨，不失为知非知过之举；但是细想之下，却发觉并不那么简单！实际的真相是：三民主义本身，的确蕴含了不能奉行的空想，使国民党根本就没法去兑现。民族主义比较天马行空，只好口号来口号去；民权主义就种下祸根，它的行政体制的设计，五院也好、国民大会也好、权能区分也好，……统统都无法兑现，《中华民国宪法》虽然明说“依据孙中山先生创立中华民国之遗教”来制定，但是空有外壳名目，实质上与遗教不合者约占百分之八十；即使这些外壳名目，也害得国民党至今焦头烂额。例如三个国会也、国民大会行使创制复决权也、监察权式微也、考试权驾空也。……没有一个问题，不是民权主义干的好事！至于民生主义，更是祸根百出，民生主义明说就是共产主义，早使国民党百口莫辩。接着就是平均地权与节制资本，国民党至今全都没法像样实行，原因是与人性不合、与经济定律不合，只好暗叫“苦也！”
009.主义与祸根.txt	7	天马行空	LAQSXY-027	求是新语	172.关中的科学.txt:5-5	国民党总裁这段话，我乍读之下，觉得国民党痛定思痛，做此“没有奉行三民主义之故”的检讨，不失为知非知过之举；但是细想之下，却发觉并不那么简单！实际的真相是：三民主义本身，的确蕴含了不能奉行的空想，使国民党根本就没法去兑现。民族主义比较天马行空，只好口号来口号去；民权主义就种下祸根，它的行政体制的设计，五院也好、国民大会也好、权能区分也好，……统统都无法兑现，《中华民国宪法》虽然明说“依据孙中山先生创立中华民国之遗教”来制定，但是空有外壳名目，实质上与遗教不合者约占百分之八十；即使这些外壳名目，也害得国民党至今焦头烂额。例如三个国会也、国民大会行使创制复决权也、监察权式微也、考试权驾空也。……没有一个问题，不是民权主义干的好事！至于民生主义，更是祸根百出，民生主义明说就是共产主义，早使国民党百口莫辩。接着就是平均地权与节制资本，国民党至今全都没法像样实行，原因是与人性不合、与经济定律不合，只好暗叫“苦也！”
009.主义与祸根.txt	7	天马行空	LAWZYZH-031	为自由招魂	010.梦做骆马的自由.txt:29-29	国民党总裁这段话，我乍读之下，觉得国民党痛定思痛，做此“没有奉行三民主义之故”的检讨，不失为知非知过之举；但是细想之下，却发觉并不那么简单！实际的真相是：三民主义本身，的确蕴含了不能奉行的空想，使国民党根本就没法去兑现。民族主义比较天马行空，只好口号来口号去；民权主义就种下祸根，它的行政体制的设计，五院也好、国民大会也好、权能区分也好，……统统都无法兑现，《中华民国宪法》虽然明说“依据孙中山先生创立中华民国之遗教”来制定，但是空有外壳名目，实质上与遗教不合者约占百分之八十；即使这些外壳名目，也害得国民党至今焦头烂额。例如三个国会也、国民大会行使创制复决权也、监察权式微也、考试权驾空也。……没有一个问题，不是民权主义干的好事！至于民生主义，更是祸根百出，民生主义明说就是共产主义，早使国民党百口莫辩。接着就是平均地权与节制资本，国民党至今全都没法像样实行，原因是与人性不合、与经济定律不合，只好暗叫“苦也！”
011.谁实行三民主义？.txt	3	幼有所长	LASXQA-068	为中国思想趋向求答案	002.给谈中西文化的人看看病.txt:291-291	国民党中统大特务蔡孟坚，曾任兰州市长、中央电影公司董事长。其间在日本十年，以政府秘密顾问身分，任“中日亲善联络代表”，帮助日本侵华战犯清洗血迹。媚外事仇，非常热心。一九八四年，他在美国度过八十岁生日后，发表一篇《八十谈“奇”》，文中第二十六节标题“两次冒犯先总统均蒙聆理宽恕”，内有追忆一段，妙不可言。他说他在一九五九年赴欧美考察归来，“回国晋谒先总统时，只准备作一次口头报告，当我晋谒时就个人对一些重要国家的国情与观感扼要报告，先总统频频点首，并询：‘哪些国家，值得我们仿效？”我答：‘北欧一些小国，治理方法，值得我们仿效。’再问：‘这些国家优点在哪里？’我仓卒措辞不慎说：‘他们实行三民主义。’先总统当时怒形于色，用手拍案指责口气说：‘三民主义，只有我们提倡实行……’在一般晋见者，见情况不妙可能请罪告退，但愚而好自用的我，预料贤明的总统谅必准我补充说明，当我沉着的向先总统请求‘可否再准我补充报告’时，先总统立即心平气和，以手掌向着我说：‘你说、你说。’我立即报告：‘民为邦本，先总理与总统都是一切为人民，先总理以崇高智慧，把人民与国家结合，提倡三民主义的政治号召，较美国林肯提倡民有民治民享未提及民族，更为完善，只怪我国外忧内乱纠缠...
011.谁实行三民主义？.txt	3	幼有所长	LAWSTM-012	我是天安门	002.“谢谢你，帝国主义！”.txt:55-55	国民党中统大特务蔡孟坚，曾任兰州市长、中央电影公司董事长。其间在日本十年，以政府秘密顾问身分，任“中日亲善联络代表”，帮助日本侵华战犯清洗血迹。媚外事仇，非常热心。一九八四年，他在美国度过八十岁生日后，发表一篇《八十谈“奇”》，文中第二十六节标题“两次冒犯先总统均蒙聆理宽恕”，内有追忆一段，妙不可言。他说他在一九五九年赴欧美考察归来，“回国晋谒先总统时，只准备作一次口头报告，当我晋谒时就个人对一些重要国家的国情与观感扼要报告，先总统频频点首，并询：‘哪些国家，值得我们仿效？”我答：‘北欧一些小国，治理方法，值得我们仿效。’再问：‘这些国家优点在哪里？’我仓卒措辞不慎说：‘他们实行三民主义。’先总统当时怒形于色，用手拍案指责口气说：‘三民主义，只有我们提倡实行……’在一般晋见者，见情况不妙可能请罪告退，但愚而好自用的我，预料贤明的总统谅必准我补充说明，当我沉着的向先总统请求‘可否再准我补充报告’时，先总统立即心平气和，以手掌向着我说：‘你说、你说。’我立即报告：‘民为邦本，先总理与总统都是一切为人民，先总理以崇高智慧，把人民与国家结合，提倡三民主义的政治号召，较美国林肯提倡民有民治民享未提及民族，更为完善，只怪我国外忧内乱纠缠...
021.旧文化运动与国民党.txt	3	焚琴煮鹤	LAMS-047	我梦碎，所以我梦醒	020.“学统”梦碎.txt:5-5	五十九年前，一九二九年十一月二十九日，胡适在《新月》第二卷第六七期合刊里，发表了一篇《新文化运动与国民党》，抨击国民党在文化思想上的反动。这篇文章，在该年十二月，又收入他与罗隆基、梁实秋合著的《人权论集》里。如今《新月》杂志与《人权论集》都绝版已久，台湾联经出版事业公司印行的胡颂平《胡适之先生年谱长编初稿》中，酌引了这篇文章，但是删节得不成样子，可见发行人王必成他们表面上在搞出版、发扬文化，骨子里却在摧残文化，其模式，与乾隆皇帝修四库全书并无不同。乾隆皇帝修四库全书，真的目的在管制出版品、在焚琴煮鹤、在用官修之书，为制式思想做导向。所以，文化其外，武化其中，只是无识之人不察，误以为这些行为是发扬文化耳！
022.俄国实行三民主义？.txt	5	幼有所长	LASXQA-068	为中国思想趋向求答案	002.给谈中西文化的人看看病.txt:291-291	国民党当政者这一讲话，证明了国民党自己承认“没有奉行三民主义”。虽然如此，蒋介石却还把三民主义当做国民党一家之禁脔呢！试看国民党大特务蔡孟坚的一段回忆，便见端详：国民党中统大特务蔡孟坚，曾任兰州市长、中央电影公司董事长。其间在日本十年，以政府秘密顾问身分，任“中日亲善联络代表”，帮助日本侵华战犯清洗血迹。媚外事仇，非常热心。一九八四年，他在美国度过八十岁生日后，发表一篇《八十谈“奇”》，文中第二十六节标题“两次冒犯先总统均蒙聆理宽恕”，内有追忆一段，妙不可言。他说他在一九五九年赴欧美考察归来，“回国晋谒先总统时，只准备作一次口头报告，当我晋谒时就个人对一些重要国家的国情与观感扼要报告，先总统频频点首，并询：‘哪些国家，值得我们仿效？”我答：‘北欧一些小国，治理方法，值得我们仿效。’再问：‘这些国家优点在哪里？’我仓卒措辞不慎说：‘他们实行三民主义。’先总统当时怒形于色，用手拍案指责口气说：‘三民主义，只有我们提倡实行……’在一般晋见者，见情况不妙可能请罪告退，但愚而好自用的我，预料贤明的总统谅必准我补充说明，当我沉着的向先总统请求‘可否再准我补充报告’时，先总统立即心平气和，以手掌向着我说：‘你说、你说。’我立即报告：‘民为...
022.俄国实行三民主义？.txt	5	幼有所长	LAWSTM-012	我是天安门	002.“谢谢你，帝国主义！”.txt:55-55	国民党当政者这一讲话，证明了国民党自己承认“没有奉行三民主义”。虽然如此，蒋介石却还把三民主义当做国民党一家之禁脔呢！试看国民党大特务蔡孟坚的一段回忆，便见端详：国民党中统大特务蔡孟坚，曾任兰州市长、中央电影公司董事长。其间在日本十年，以政府秘密顾问身分，任“中日亲善联络代表”，帮助日本侵华战犯清洗血迹。媚外事仇，非常热心。一九八四年，他在美国度过八十岁生日后，发表一篇《八十谈“奇”》，文中第二十六节标题“两次冒犯先总统均蒙聆理宽恕”，内有追忆一段，妙不可言。他说他在一九五九年赴欧美考察归来，“回国晋谒先总统时，只准备作一次口头报告，当我晋谒时就个人对一些重要国家的国情与观感扼要报告，先总统频频点首，并询：‘哪些国家，值得我们仿效？”我答：‘北欧一些小国，治理方法，值得我们仿效。’再问：‘这些国家优点在哪里？’我仓卒措辞不慎说：‘他们实行三民主义。’先总统当时怒形于色，用手拍案指责口气说：‘三民主义，只有我们提倡实行……’在一般晋见者，见情况不妙可能请罪告退，但愚而好自用的我，预料贤明的总统谅必准我补充说明，当我沉着的向先总统请求‘可否再准我补充报告’时，先总统立即心平气和，以手掌向着我说：‘你说、你说。’我立即报告：‘民为...
023.关于《我被迫离开台湾大学的经过》.txt	15	你死我活	LASLXY-046	世论新语	079.“你死我活”新解.txt:3-3	当做一种政治制度和经济制度来看，我觉得中国型的共产主义太粗糙而无情。不过，从历史的观点看，中国共产党和中国国民党都是中国一个革命高潮中的两个不同浪头而已。这样说当然不是暗示二者之间完全没有分别。分别是有的。他们在严厉性和某些外观有程度上的差别。这些差别由鼓吹自由民主的人的观点看来，并无重要的意义。他们都受了列宁主义的影响，都是自由、个体主义和民主的死敌。他们都是中国文化传统的产物，二者的政治思考模式完全相同。四十年来，他们为了争夺“宝座”斗个你死我活，毫不顾虑生灵涂炭，国家陷于水深火热中。他们的确是“二”，而非“一”。共产党比较狂热和暴虐，国民党则已失去革命的热情和活力。
023.关于《我被迫离开台湾大学的经过》.txt	15	你死我活	LAWZYZH-013	为自由招魂	004.开玩笑的自由.txt:13-13	当做一种政治制度和经济制度来看，我觉得中国型的共产主义太粗糙而无情。不过，从历史的观点看，中国共产党和中国国民党都是中国一个革命高潮中的两个不同浪头而已。这样说当然不是暗示二者之间完全没有分别。分别是有的。他们在严厉性和某些外观有程度上的差别。这些差别由鼓吹自由民主的人的观点看来，并无重要的意义。他们都受了列宁主义的影响，都是自由、个体主义和民主的死敌。他们都是中国文化传统的产物，二者的政治思考模式完全相同。四十年来，他们为了争夺“宝座”斗个你死我活，毫不顾虑生灵涂炭，国家陷于水深火热中。他们的确是“二”，而非“一”。共产党比较狂热和暴虐，国民党则已失去革命的热情和活力。
023.关于《我被迫离开台湾大学的经过》.txt	19	直言不讳	LABD-127	你笨蛋，你笨蛋	037.《英文汉诂》残稿.txt:91-91	我是一个书生，完全没有什么政治活动。但我和学生谈论思想问题时，我总是直言不讳，毫不理会党派的路线。我只谈我认为是真的。国民党当局却觉得这样无法容忍。
023.关于《我被迫离开台湾大学的经过》.txt	65	剃刀边缘	LASXGJ-025	上下古今谈	008.不仅仅是做“好人”.txt:11-11	这班子文人这样肆无忌惮，许多人说是由某党策动的。但无证据足以证明，彼等之所为系直接由某党所策动。不过，问题的实质并不在此。少数文人对一个大学教师连续毒骂并倾陷达三年之久，无人稍予纠正，且诉之法律一定无效，人的名誉毫无保障，甚至人的尊严和安全都被逼到剃刀边缘。这种情形，滋蔓于今日的台湾。而今日的台湾环境之造成，则无疑是某党。且这少数文人在有利于他们的环境里，藉文字形成的对我不利的空气，又转而被某党利用，成为对我的压力。
024.两类人，两类待遇.txt	9	介之推不言禄，禄亦弗及	LAMR-089	李敖回忆录	020.前程（1997-·62岁以后）.txt:39-39	“曲突徙薪”的故事，不但告诉了我们做前一类人的功劳，并且指出，这种人往往却又是最被忽略、最被忘恩负义的对象。试看介之推在晋文公逃难期间，默默做事，有大功于晋国，但是一朝成功，大家争名求禄之际，局面却是“介之推不言禄，禄亦弗及”。介之推“不言禄”（不要求奖赏），这是他本人伟大的品格；但是晋文公“禄亦弗及”（忘了奖赏他），就是别人对他的忽略、对他的忘恩负义了。
025.解严、解严、越解越严.txt	5	庖丁解牛	LAWLDH-048	文化论战丹火录	002.文化论战丹火录.txt:1063-1063	从这一角度来看国民党的解严，我们就会庖丁解牛，把牛皮一一拆穿、把假象迎刃而解。设想自一九二四年孙中山以杨希闵为戒严总司令起，国民党就享受到戒严的甜头，食髓知味，安肯轻易放过。十年以后，国民党明定出《戒严法》，更是虎而翼之，方便非凡。这一《戒严法》在台湾，革命实践，一行三十多年，痛快无比。一九八二年十月十五日，许荣淑在立法院质问国民党行政院长孙运璿，说戒严戒了三十多年了，该歇歇了吧？不料孙运璿立刻悍然宣布：“戒严令不是实行多久的问题，而是该不该实行的问题，该实行，三十年要实行，四十年也要实行！”乖乖，国民党的心态原来是这样的，三十多年算什么！老子还没过足瘾呢！
025.解严、解严、越解越严.txt	5	庖丁解牛	LASXQA-048	为中国思想趋向求答案	002.给谈中西文化的人看看病.txt:211-211	从这一角度来看国民党的解严，我们就会庖丁解牛，把牛皮一一拆穿、把假象迎刃而解。设想自一九二四年孙中山以杨希闵为戒严总司令起，国民党就享受到戒严的甜头，食髓知味，安肯轻易放过。十年以后，国民党明定出《戒严法》，更是虎而翼之，方便非凡。这一《戒严法》在台湾，革命实践，一行三十多年，痛快无比。一九八二年十月十五日，许荣淑在立法院质问国民党行政院长孙运璿，说戒严戒了三十多年了，该歇歇了吧？不料孙运璿立刻悍然宣布：“戒严令不是实行多久的问题，而是该不该实行的问题，该实行，三十年要实行，四十年也要实行！”乖乖，国民党的心态原来是这样的，三十多年算什么！老子还没过足瘾呢！
025.解严、解严、越解越严.txt	9	换汤不换药	LAWLDH-018	文化论战丹火录	002.文化论战丹火录.txt:143-143	虽然形式上不得不解严，但在心态上，国民党却仍相信“基于国家人民生存的迫切需要，实不宜解除戒严”，纵使被迫解除，也要谋换汤不换药之策，甚至偷天换日、变本加厉以行之。这种手法，可分三方面来看：第一方面是只去《戒严法》，但是其他戒严性法令却一一加重。例如：《国家总动员法》、《动员戡乱时期临时条款》、《动员戡乱时期公职人员选举罢免法》、《非常时期农矿工商管理条例》、《惩治叛乱条例》等等，各种恶法，都列坐堂上，随时备用；第二方面是另立新的戒严性法令，李代桃僵。例如：《动员戡乱时期国家安全法》、《动员戡乱时期集会游行法》等等，新立恶法，都排排而坐，用之则行；第三方面是在执行上加工打造，骨子里越收越紧。例如在出入境海关检查方面，情治人员甚至连《动员戡乱时期国家安全法》都故意曲解，而大捞其界，这在立法委员洪昭男的质询里，已慨乎言之（见《立法院公报》第七十六卷第五十七期）。至于情治人员在邵玉铭的配合之下，秘密进驻新闻局以管制言论自由，则更是戒严时期都干不出来的丑闻，这在立法委员黄主文的质询里，也慨乎言之（见《立法院公报》第七十六卷第四十七期）。正因为根本的底价是越解越严，所以在邵玉铭的曲学阿世与善伺主子下，所有开倒车的行动，都由新闻局得风气之...
025.解严、解严、越解越严.txt	9	换汤不换药	LASXQA-008	为中国思想趋向求答案	002.给谈中西文化的人看看病.txt:11-11	虽然形式上不得不解严，但在心态上，国民党却仍相信“基于国家人民生存的迫切需要，实不宜解除戒严”，纵使被迫解除，也要谋换汤不换药之策，甚至偷天换日、变本加厉以行之。这种手法，可分三方面来看：第一方面是只去《戒严法》，但是其他戒严性法令却一一加重。例如：《国家总动员法》、《动员戡乱时期临时条款》、《动员戡乱时期公职人员选举罢免法》、《非常时期农矿工商管理条例》、《惩治叛乱条例》等等，各种恶法，都列坐堂上，随时备用；第二方面是另立新的戒严性法令，李代桃僵。例如：《动员戡乱时期国家安全法》、《动员戡乱时期集会游行法》等等，新立恶法，都排排而坐，用之则行；第三方面是在执行上加工打造，骨子里越收越紧。例如在出入境海关检查方面，情治人员甚至连《动员戡乱时期国家安全法》都故意曲解，而大捞其界，这在立法委员洪昭男的质询里，已慨乎言之（见《立法院公报》第七十六卷第五十七期）。至于情治人员在邵玉铭的配合之下，秘密进驻新闻局以管制言论自由，则更是戒严时期都干不出来的丑闻，这在立法委员黄主文的质询里，也慨乎言之（见《立法院公报》第七十六卷第四十七期）。正因为根本的底价是越解越严，所以在邵玉铭的曲学阿世与善伺主子下，所有开倒车的行动，都由新闻局得风气之...
025.解严、解严、越解越严.txt	9	换汤不换药	LASLXY-029	世论新语	161.神权其外，财权其中.txt:3-3	虽然形式上不得不解严，但在心态上，国民党却仍相信“基于国家人民生存的迫切需要，实不宜解除戒严”，纵使被迫解除，也要谋换汤不换药之策，甚至偷天换日、变本加厉以行之。这种手法，可分三方面来看：第一方面是只去《戒严法》，但是其他戒严性法令却一一加重。例如：《国家总动员法》、《动员戡乱时期临时条款》、《动员戡乱时期公职人员选举罢免法》、《非常时期农矿工商管理条例》、《惩治叛乱条例》等等，各种恶法，都列坐堂上，随时备用；第二方面是另立新的戒严性法令，李代桃僵。例如：《动员戡乱时期国家安全法》、《动员戡乱时期集会游行法》等等，新立恶法，都排排而坐，用之则行；第三方面是在执行上加工打造，骨子里越收越紧。例如在出入境海关检查方面，情治人员甚至连《动员戡乱时期国家安全法》都故意曲解，而大捞其界，这在立法委员洪昭男的质询里，已慨乎言之（见《立法院公报》第七十六卷第五十七期）。至于情治人员在邵玉铭的配合之下，秘密进驻新闻局以管制言论自由，则更是戒严时期都干不出来的丑闻，这在立法委员黄主文的质询里，也慨乎言之（见《立法院公报》第七十六卷第四十七期）。正因为根本的底价是越解越严，所以在邵玉铭的曲学阿世与善伺主子下，所有开倒车的行动，都由新闻局得风气之...
025.解严、解严、越解越严.txt	9	换汤不换药	LAWSTM-047	我是天安门	035.为西藏问题求真相.txt:27-27	虽然形式上不得不解严，但在心态上，国民党却仍相信“基于国家人民生存的迫切需要，实不宜解除戒严”，纵使被迫解除，也要谋换汤不换药之策，甚至偷天换日、变本加厉以行之。这种手法，可分三方面来看：第一方面是只去《戒严法》，但是其他戒严性法令却一一加重。例如：《国家总动员法》、《动员戡乱时期临时条款》、《动员戡乱时期公职人员选举罢免法》、《非常时期农矿工商管理条例》、《惩治叛乱条例》等等，各种恶法，都列坐堂上，随时备用；第二方面是另立新的戒严性法令，李代桃僵。例如：《动员戡乱时期国家安全法》、《动员戡乱时期集会游行法》等等，新立恶法，都排排而坐，用之则行；第三方面是在执行上加工打造，骨子里越收越紧。例如在出入境海关检查方面，情治人员甚至连《动员戡乱时期国家安全法》都故意曲解，而大捞其界，这在立法委员洪昭男的质询里，已慨乎言之（见《立法院公报》第七十六卷第五十七期）。至于情治人员在邵玉铭的配合之下，秘密进驻新闻局以管制言论自由，则更是戒严时期都干不出来的丑闻，这在立法委员黄主文的质询里，也慨乎言之（见《立法院公报》第七十六卷第四十七期）。正因为根本的底价是越解越严，所以在邵玉铭的曲学阿世与善伺主子下，所有开倒车的行动，都由新闻局得风气之...
025.解严、解严、越解越严.txt	9	换汤不换药	LAWZYZH-045	为自由招魂	014.我们梦想“野蛮之自由”.txt:97-97	虽然形式上不得不解严，但在心态上，国民党却仍相信“基于国家人民生存的迫切需要，实不宜解除戒严”，纵使被迫解除，也要谋换汤不换药之策，甚至偷天换日、变本加厉以行之。这种手法，可分三方面来看：第一方面是只去《戒严法》，但是其他戒严性法令却一一加重。例如：《国家总动员法》、《动员戡乱时期临时条款》、《动员戡乱时期公职人员选举罢免法》、《非常时期农矿工商管理条例》、《惩治叛乱条例》等等，各种恶法，都列坐堂上，随时备用；第二方面是另立新的戒严性法令，李代桃僵。例如：《动员戡乱时期国家安全法》、《动员戡乱时期集会游行法》等等，新立恶法，都排排而坐，用之则行；第三方面是在执行上加工打造，骨子里越收越紧。例如在出入境海关检查方面，情治人员甚至连《动员戡乱时期国家安全法》都故意曲解，而大捞其界，这在立法委员洪昭男的质询里，已慨乎言之（见《立法院公报》第七十六卷第五十七期）。至于情治人员在邵玉铭的配合之下，秘密进驻新闻局以管制言论自由，则更是戒严时期都干不出来的丑闻，这在立法委员黄主文的质询里，也慨乎言之（见《立法院公报》第七十六卷第四十七期）。正因为根本的底价是越解越严，所以在邵玉铭的曲学阿世与善伺主子下，所有开倒车的行动，都由新闻局得风气之...
025.解严、解严、越解越严.txt	9	曲学阿世	LAMS-033	我梦碎，所以我梦醒	021.《宪法》梦碎.txt:43-43	虽然形式上不得不解严，但在心态上，国民党却仍相信“基于国家人民生存的迫切需要，实不宜解除戒严”，纵使被迫解除，也要谋换汤不换药之策，甚至偷天换日、变本加厉以行之。这种手法，可分三方面来看：第一方面是只去《戒严法》，但是其他戒严性法令却一一加重。例如：《国家总动员法》、《动员戡乱时期临时条款》、《动员戡乱时期公职人员选举罢免法》、《非常时期农矿工商管理条例》、《惩治叛乱条例》等等，各种恶法，都列坐堂上，随时备用；第二方面是另立新的戒严性法令，李代桃僵。例如：《动员戡乱时期国家安全法》、《动员戡乱时期集会游行法》等等，新立恶法，都排排而坐，用之则行；第三方面是在执行上加工打造，骨子里越收越紧。例如在出入境海关检查方面，情治人员甚至连《动员戡乱时期国家安全法》都故意曲解，而大捞其界，这在立法委员洪昭男的质询里，已慨乎言之（见《立法院公报》第七十六卷第五十七期）。至于情治人员在邵玉铭的配合之下，秘密进驻新闻局以管制言论自由，则更是戒严时期都干不出来的丑闻，这在立法委员黄主文的质询里，也慨乎言之（见《立法院公报》第七十六卷第四十七期）。正因为根本的底价是越解越严，所以在邵玉铭的曲学阿世与善伺主子下，所有开倒车的行动，都由新闻局得风气之...
025.解严、解严、越解越严.txt	9	曲学阿世	LAMS-037	我梦碎，所以我梦醒	024.“政体”梦碎.txt:21-21	虽然形式上不得不解严，但在心态上，国民党却仍相信“基于国家人民生存的迫切需要，实不宜解除戒严”，纵使被迫解除，也要谋换汤不换药之策，甚至偷天换日、变本加厉以行之。这种手法，可分三方面来看：第一方面是只去《戒严法》，但是其他戒严性法令却一一加重。例如：《国家总动员法》、《动员戡乱时期临时条款》、《动员戡乱时期公职人员选举罢免法》、《非常时期农矿工商管理条例》、《惩治叛乱条例》等等，各种恶法，都列坐堂上，随时备用；第二方面是另立新的戒严性法令，李代桃僵。例如：《动员戡乱时期国家安全法》、《动员戡乱时期集会游行法》等等，新立恶法，都排排而坐，用之则行；第三方面是在执行上加工打造，骨子里越收越紧。例如在出入境海关检查方面，情治人员甚至连《动员戡乱时期国家安全法》都故意曲解，而大捞其界，这在立法委员洪昭男的质询里，已慨乎言之（见《立法院公报》第七十六卷第五十七期）。至于情治人员在邵玉铭的配合之下，秘密进驻新闻局以管制言论自由，则更是戒严时期都干不出来的丑闻，这在立法委员黄主文的质询里，也慨乎言之（见《立法院公报》第七十六卷第四十七期）。正因为根本的底价是越解越严，所以在邵玉铭的曲学阿世与善伺主子下，所有开倒车的行动，都由新闻局得风气之...
025.解严、解严、越解越严.txt	9	换汤不换药	LAMS-070	我梦碎，所以我梦醒	049.“解严”梦碎.txt:9-9	虽然形式上不得不解严，但在心态上，国民党却仍相信“基于国家人民生存的迫切需要，实不宜解除戒严”，纵使被迫解除，也要谋换汤不换药之策，甚至偷天换日、变本加厉以行之。这种手法，可分三方面来看：第一方面是只去《戒严法》，但是其他戒严性法令却一一加重。例如：《国家总动员法》、《动员戡乱时期临时条款》、《动员戡乱时期公职人员选举罢免法》、《非常时期农矿工商管理条例》、《惩治叛乱条例》等等，各种恶法，都列坐堂上，随时备用；第二方面是另立新的戒严性法令，李代桃僵。例如：《动员戡乱时期国家安全法》、《动员戡乱时期集会游行法》等等，新立恶法，都排排而坐，用之则行；第三方面是在执行上加工打造，骨子里越收越紧。例如在出入境海关检查方面，情治人员甚至连《动员戡乱时期国家安全法》都故意曲解，而大捞其界，这在立法委员洪昭男的质询里，已慨乎言之（见《立法院公报》第七十六卷第五十七期）。至于情治人员在邵玉铭的配合之下，秘密进驻新闻局以管制言论自由，则更是戒严时期都干不出来的丑闻，这在立法委员黄主文的质询里，也慨乎言之（见《立法院公报》第七十六卷第四十七期）。正因为根本的底价是越解越严，所以在邵玉铭的曲学阿世与善伺主子下，所有开倒车的行动，都由新闻局得风气之...
025.解严、解严、越解越严.txt	9	换汤不换药	LAMS-074	我梦碎，所以我梦醒	055.误信“固守保台”的备忘录.txt:5-5	虽然形式上不得不解严，但在心态上，国民党却仍相信“基于国家人民生存的迫切需要，实不宜解除戒严”，纵使被迫解除，也要谋换汤不换药之策，甚至偷天换日、变本加厉以行之。这种手法，可分三方面来看：第一方面是只去《戒严法》，但是其他戒严性法令却一一加重。例如：《国家总动员法》、《动员戡乱时期临时条款》、《动员戡乱时期公职人员选举罢免法》、《非常时期农矿工商管理条例》、《惩治叛乱条例》等等，各种恶法，都列坐堂上，随时备用；第二方面是另立新的戒严性法令，李代桃僵。例如：《动员戡乱时期国家安全法》、《动员戡乱时期集会游行法》等等，新立恶法，都排排而坐，用之则行；第三方面是在执行上加工打造，骨子里越收越紧。例如在出入境海关检查方面，情治人员甚至连《动员戡乱时期国家安全法》都故意曲解，而大捞其界，这在立法委员洪昭男的质询里，已慨乎言之（见《立法院公报》第七十六卷第五十七期）。至于情治人员在邵玉铭的配合之下，秘密进驻新闻局以管制言论自由，则更是戒严时期都干不出来的丑闻，这在立法委员黄主文的质询里，也慨乎言之（见《立法院公报》第七十六卷第四十七期）。正因为根本的底价是越解越严，所以在邵玉铭的曲学阿世与善伺主子下，所有开倒车的行动，都由新闻局得风气之...
026.李敖控告李登辉及五院院长伪造文书案.txt	85	人之将死，其言也善	LAYTAS-019	李敖议坛哀思录	033.去他妈的话.txt:7-7	至于首席检察官刘景义说：“况坚守反共复国决策，始终一贯积极推行民主宪政，以三民主义统一中国，乃遗嘱人生平一贯之主张，此系国人共见共闻之事实，尤难指为伪造；而在遗嘱末端签名之人，意在对遗训之认同，并表明奉行意愿之旨，要不能将之解为民法第一千一百九十四条代笔遗嘱之见证人，自无任何刑责之可言。”这些话，也是怪论。试问蒋经国遗嘱排除民法规定之适用，而李登辉等六人又非民法中之见证人，那么该遗嘱之制作过程，岂不只剩下代笔的王家骅一个人了？只凭王家骅一个人，可以不经民法上代笔程序而代笔遗嘱，能服众吗？王家骅要说谎怎么办？蒋经国怎么说的、是不是蒋经国说的，除了王家骅，都没有第二个人在场，这种遗嘱的证据力，难道还可信吗？就便是蒋经国还有留遗嘱的能力，“人之将死，其言也善”，难道没有其他“遗训”之可能？谁知道蒋经国的“遗训”是不是还他初服，要国人去跟他归队做共产党？谁知道蒋经国的“遗训”是不是还他河山，要台湾不再负隅顽抗而去与大陆无条件统一？一个人“生平一贯之主张”吗？临死以前因悔罪而推翻者可多着哩！怎可以认为一成不变？由此看来，如果不按民法程序，只剩王家骅一人，伪造的成分可多着呢，又凭什么断定“尤难指为伪造”？
026.李敖控告李登辉及五院院长伪造文书案.txt	85	人之将死，其言也善	LAFLZ-141	李敖风流自传	296.陈诚之言.txt:3-3	至于首席检察官刘景义说：“况坚守反共复国决策，始终一贯积极推行民主宪政，以三民主义统一中国，乃遗嘱人生平一贯之主张，此系国人共见共闻之事实，尤难指为伪造；而在遗嘱末端签名之人，意在对遗训之认同，并表明奉行意愿之旨，要不能将之解为民法第一千一百九十四条代笔遗嘱之见证人，自无任何刑责之可言。”这些话，也是怪论。试问蒋经国遗嘱排除民法规定之适用，而李登辉等六人又非民法中之见证人，那么该遗嘱之制作过程，岂不只剩下代笔的王家骅一个人了？只凭王家骅一个人，可以不经民法上代笔程序而代笔遗嘱，能服众吗？王家骅要说谎怎么办？蒋经国怎么说的、是不是蒋经国说的，除了王家骅，都没有第二个人在场，这种遗嘱的证据力，难道还可信吗？就便是蒋经国还有留遗嘱的能力，“人之将死，其言也善”，难道没有其他“遗训”之可能？谁知道蒋经国的“遗训”是不是还他初服，要国人去跟他归队做共产党？谁知道蒋经国的“遗训”是不是还他河山，要台湾不再负隅顽抗而去与大陆无条件统一？一个人“生平一贯之主张”吗？临死以前因悔罪而推翻者可多着哩！怎可以认为一成不变？由此看来，如果不按民法程序，只剩王家骅一人，伪造的成分可多着呢，又凭什么断定“尤难指为伪造”？
026.李敖控告李登辉及五院院长伪造文书案.txt	85	人之将死，其言也善	LAWSTM-057	我是天安门	026.中国问题的真解决.txt:21-21	至于首席检察官刘景义说：“况坚守反共复国决策，始终一贯积极推行民主宪政，以三民主义统一中国，乃遗嘱人生平一贯之主张，此系国人共见共闻之事实，尤难指为伪造；而在遗嘱末端签名之人，意在对遗训之认同，并表明奉行意愿之旨，要不能将之解为民法第一千一百九十四条代笔遗嘱之见证人，自无任何刑责之可言。”这些话，也是怪论。试问蒋经国遗嘱排除民法规定之适用，而李登辉等六人又非民法中之见证人，那么该遗嘱之制作过程，岂不只剩下代笔的王家骅一个人了？只凭王家骅一个人，可以不经民法上代笔程序而代笔遗嘱，能服众吗？王家骅要说谎怎么办？蒋经国怎么说的、是不是蒋经国说的，除了王家骅，都没有第二个人在场，这种遗嘱的证据力，难道还可信吗？就便是蒋经国还有留遗嘱的能力，“人之将死，其言也善”，难道没有其他“遗训”之可能？谁知道蒋经国的“遗训”是不是还他初服，要国人去跟他归队做共产党？谁知道蒋经国的“遗训”是不是还他河山，要台湾不再负隅顽抗而去与大陆无条件统一？一个人“生平一贯之主张”吗？临死以前因悔罪而推翻者可多着哩！怎可以认为一成不变？由此看来，如果不按民法程序，只剩王家骅一人，伪造的成分可多着呢，又凭什么断定“尤难指为伪造”？
026.李敖控告李登辉及五院院长伪造文书案.txt	85	人之将死，其言也善	LAMS-040	我梦碎，所以我梦醒	033.“暴政必亡”梦碎.txt:5-5	至于首席检察官刘景义说：“况坚守反共复国决策，始终一贯积极推行民主宪政，以三民主义统一中国，乃遗嘱人生平一贯之主张，此系国人共见共闻之事实，尤难指为伪造；而在遗嘱末端签名之人，意在对遗训之认同，并表明奉行意愿之旨，要不能将之解为民法第一千一百九十四条代笔遗嘱之见证人，自无任何刑责之可言。”这些话，也是怪论。试问蒋经国遗嘱排除民法规定之适用，而李登辉等六人又非民法中之见证人，那么该遗嘱之制作过程，岂不只剩下代笔的王家骅一个人了？只凭王家骅一个人，可以不经民法上代笔程序而代笔遗嘱，能服众吗？王家骅要说谎怎么办？蒋经国怎么说的、是不是蒋经国说的，除了王家骅，都没有第二个人在场，这种遗嘱的证据力，难道还可信吗？就便是蒋经国还有留遗嘱的能力，“人之将死，其言也善”，难道没有其他“遗训”之可能？谁知道蒋经国的“遗训”是不是还他初服，要国人去跟他归队做共产党？谁知道蒋经国的“遗训”是不是还他河山，要台湾不再负隅顽抗而去与大陆无条件统一？一个人“生平一贯之主张”吗？临死以前因悔罪而推翻者可多着哩！怎可以认为一成不变？由此看来，如果不按民法程序，只剩王家骅一人，伪造的成分可多着呢，又凭什么断定“尤难指为伪造”？
027.推荐《三毛三部作》.txt	9	大人者，不失其赤子之心者也。	LACW-013	李敖全集	005.棒喝之余.txt:37-37	如今，四十年过去了，我感于真三毛的那种悲悯、讽世与抗议的精神，湮没不彰；托名三毛的媚世作品，泛滥于市，乃请老友王小痴以漫画行家的水平，就大陆携回三毛旧作，予以辑刊，留此历史文征，以传于世。孟子说：“大人者，不失其赤子之心者也。”三毛是赤子，但它成全了大人之心，值得我们引为鉴戒。临文之末，要特别感念张乐平先生，他今年八十岁了，我们遥祝他的笔健！
027.推荐《三毛三部作》.txt	9	大人者，不失其赤子之心者也。	LASXGJ-031	上下古今谈	011.“赤子之心”？.txt:9-9	如今，四十年过去了，我感于真三毛的那种悲悯、讽世与抗议的精神，湮没不彰；托名三毛的媚世作品，泛滥于市，乃请老友王小痴以漫画行家的水平，就大陆携回三毛旧作，予以辑刊，留此历史文征，以传于世。孟子说：“大人者，不失其赤子之心者也。”三毛是赤子，但它成全了大人之心，值得我们引为鉴戒。临文之末，要特别感念张乐平先生，他今年八十岁了，我们遥祝他的笔健！
027.推荐《三毛三部作》.txt	9	大人者，不失其赤子之心	LASLXY-041	世论新语	028.吴俊才老天真.txt:5-5	如今，四十年过去了，我感于真三毛的那种悲悯、讽世与抗议的精神，湮没不彰；托名三毛的媚世作品，泛滥于市，乃请老友王小痴以漫画行家的水平，就大陆携回三毛旧作，予以辑刊，留此历史文征，以传于世。孟子说：“大人者，不失其赤子之心者也。”三毛是赤子，但它成全了大人之心，值得我们引为鉴戒。临文之末，要特别感念张乐平先生，他今年八十岁了，我们遥祝他的笔健！
031.浮生记趣.txt	3	穷山恶水，丑妇刁民	LAZHYH-005	李敖自传与回忆	001.李敖自传.txt:93-93	①我爷爷活了八十三岁，他原籍山东潍县，早年偷渡到东北。他做过赶马车的、工人、农民、打更的、看坟的、流氓、土匪、打土匪的、银楼老板等等，一生传奇，是有名的厉害角色。他做土匪时候，受了伤，躺在山洞里，被我奶奶看到了，大力救他，后来就结了婚。奶奶是热河人，也姓“李”，因为中国传统同姓不婚，所以用瞒天过海，改姓“吕”。奶奶长得不怎么样，爷爷一骂她，就骂：“穷山恶水，丑妇刁民！”爷爷是文盲，却会用这种造句骂老婆，足证老婆给他不少灵感。
031.浮生记趣.txt	5	你这位先生，妻不贤，子不孝。	LAZHYH-002	李敖自传与回忆	001.李敖自传.txt:33-33	②我爸爸的哥哥，我们叫大爷，是个村学究，为人谦和得有点怕羞，太太和儿子都吃定了他。有一次大爷去算命，我在旁边，算命先生叫万家时！见面就向他说：“你这位先生，妻不贤，子不孝。”说得大爷满脸通红，连忙说：“差一点，差一点。”
033.龚德柏和他的秘录.txt	5	云深不知处	LAKYEC-079	李敖快意恩仇录	009.白露纪.txt:157-157	办报树敌，树到副总统候选人头上，还不稀奇。他还树到第一当政者的头上。1924年，他写《亡满蒙者段祺瑞也》；1949年，他写《蒋公不出国，中国无救》，都惹来入狱之祸。他一生为办报，八次被捕，最后一次开罪蒋介石，为期最长，表面上理由是“在陆军大学演讲，公开毁谤政府”，骨子里原因是1949年写的文章。他在1950年3月8日被秘密逮捕后，妻儿不知其所在、朋友不知其所在，消息全无，云深不知处。这样拖了五年，老婆儿子，都从没见过他一面，老婆急到把头发秃成光顶，一家大小，啼饥号寒。到了1955年4月5日，蒋介石始在《国父纪念月会中讲述保障人权及言论自由问题》提到这一老政治犯，说龚德柏交付感化后，“乃迭据感训所长报告，龚德柏在所毫无悔改之意，种种荒谬言论，均存有记录可查，治安机关检核感训考核报告，其思想言论，尚无悔悟，故迄今尚在继续感化之中。”这一“继续感化”，前后拖了七年，龚德柏六十七岁了，仍然“毫无悔改之意”，国民党毫无办法。最后，只好放他出来，还给他补上了国大代表。他在1980年死去，活了九十岁。国民党幸亏有眼光、识时务，及早把这老顽固放出来，否则“感化”到九十岁，仍不悔改，岂不累死人也丢死人哉？
037.无出其左，有谢可击.txt	67	与人为善	LAMR-087	李敖回忆录	020.前程（1997-·62岁以后）.txt:35-35	（二）以自反代报复。孔子说：‘不念旧恶，怨是用希。’政治家应以‘化敌为友’为对人对事的最高的原则。我们现在要争取群众的合作，必先捐除成见，克己自反，以与人为善的态度，来取得民众的信赖。
037.无出其左，有谢可击.txt	67	与人为善	LAFLZ-051	李敖风流自传	201.帮孟大中伪造文书.txt:3-3	（二）以自反代报复。孔子说：‘不念旧恶，怨是用希。’政治家应以‘化敌为友’为对人对事的最高的原则。我们现在要争取群众的合作，必先捐除成见，克己自反，以与人为善的态度，来取得民众的信赖。
037.无出其左，有谢可击.txt	67	与人为善	LABBZ-047	波波颂	018.论“向将军道歉”.txt:75-75	（二）以自反代报复。孔子说：‘不念旧恶，怨是用希。’政治家应以‘化敌为友’为对人对事的最高的原则。我们现在要争取群众的合作，必先捐除成见，克己自反，以与人为善的态度，来取得民众的信赖。
037.无出其左，有谢可击.txt	67	与人为善	LAJFM-011	你是景福门	018.恶心到大陆去了.txt:13-13	（二）以自反代报复。孔子说：‘不念旧恶，怨是用希。’政治家应以‘化敌为友’为对人对事的最高的原则。我们现在要争取群众的合作，必先捐除成见，克己自反，以与人为善的态度，来取得民众的信赖。
037.无出其左，有谢可击.txt	67	与人为善	LAWZYZH-084	为自由招魂	022.《叶明勋密件》书后.txt:65-65	（二）以自反代报复。孔子说：‘不念旧恶，怨是用希。’政治家应以‘化敌为友’为对人对事的最高的原则。我们现在要争取群众的合作，必先捐除成见，克己自反，以与人为善的态度，来取得民众的信赖。
037.无出其左，有谢可击.txt	67	与人为善	LAMS-073	我梦碎，所以我梦醒	049.“解严”梦碎.txt:11-11	（二）以自反代报复。孔子说：‘不念旧恶，怨是用希。’政治家应以‘化敌为友’为对人对事的最高的原则。我们现在要争取群众的合作，必先捐除成见，克己自反，以与人为善的态度，来取得民众的信赖。
037.无出其左，有谢可击.txt	101	下里巴人	LASXGJ-019	上下古今谈	004.“上下”与雅俗.txt:11-11	知道此一万元内幕事件的人，听说谢然之先生不断的利用职权行文，并在重要会议上诬控《文星》同人，未免替“文星集团”抱不平。他们认为：就便是在黑社会中，也有基本的道义和行规，谢然之先生以他跟“文星集团”财务交往的深厚，居然做出连黑社会下里巴人都耻于做出的行径，未免太不是人。对这种看法，我们不要相信。我们认为：谢然之先生本人，商业道德跟政治道德是分开的，如果有道德可分的话。我们大可不必朝牛角尖里想。因为这样一想，我们便会想到谢然之先生本是共产党出身，我们便有权利怀疑他是否还残余着马克斯细菌和布尔什维克毒素？我们便会联想到他今天的种种迫害人、嫁祸于人的卑鄙手法，是否还是不脱共产党残忍性格的真传？如果我们这样想下去，他这个人，便会完完全全的“惨不忍睹”，这就不好了。这就使谢然之先生失掉了洗面革心重新做人的机会。我们不该逼他走绝路。——虽然他处处在逼我们走绝路！
037.无出其左，有谢可击.txt	101	下里巴人	LAJFM-069	你是景福门	042.民进党又何来“人格者”？.txt:29-29	知道此一万元内幕事件的人，听说谢然之先生不断的利用职权行文，并在重要会议上诬控《文星》同人，未免替“文星集团”抱不平。他们认为：就便是在黑社会中，也有基本的道义和行规，谢然之先生以他跟“文星集团”财务交往的深厚，居然做出连黑社会下里巴人都耻于做出的行径，未免太不是人。对这种看法，我们不要相信。我们认为：谢然之先生本人，商业道德跟政治道德是分开的，如果有道德可分的话。我们大可不必朝牛角尖里想。因为这样一想，我们便会想到谢然之先生本是共产党出身，我们便有权利怀疑他是否还残余着马克斯细菌和布尔什维克毒素？我们便会联想到他今天的种种迫害人、嫁祸于人的卑鄙手法，是否还是不脱共产党残忍性格的真传？如果我们这样想下去，他这个人，便会完完全全的“惨不忍睹”，这就不好了。这就使谢然之先生失掉了洗面革心重新做人的机会。我们不该逼他走绝路。——虽然他处处在逼我们走绝路！
