file	line	text	context
《波波颂》自序.txt	9	叫花子吃死蟹——只只好	不过，读者有所不知的是：自来所谓选集，都是选好的，不选坏的，所以选出来的，往往比落选的要好。但我李敖的选集则不然。我的文章，不论说理、不论叙情、不论纵迹大纲、不论情怀小样，都有上海人所谓“叫花子吃死蟹——只只好”的味道，而是篇篇都好的。既然篇篇都好，自然就无所谓选。而所谓选，其实与奖券开出的号码无异。对财迷而言，固有射倖之快；但对阿拉伯数字而言，并无雀屏之喜也。
001.对自然要自然.txt	7	你是从土而出的，你本是尘土，仍要归于尘土。	自然对人的意义，应该只有两点：第一点，自然本身是变化无穷的壮观，不论是朝晖夕阴，不论是暴雨明霞，不论是飞絮满天或落叶满地……种种奇景，都值得人在恬静中或快乐中赏心悦目。第二点，自然应带给人对宇宙的远大看法，物换星移，时序代谢……都是使人了解宇宙真相的凭借。西方的诗人从一粒沙中看世界，从一朵花中看天国；东方的诗人从长江中看逝者如斯，从明月中看盈虚者如彼……这种种观察都可在赏心悦目以外，别有妙悟：人与自然本是一体。《圣经》上说：“你是从土而出的，你本是尘土，仍要归于尘土。”但说这话的先知并不了解这一现象的科学原理。现在我们知道了“氮化循环”（nitrogen cycle）等化学现象，知道了万物都要复归原始，人生只是过眼云烟，“自己乃是不断的在死亡中”。有了这种达观的心胸，再回过头来看人世，人才会觉悟到这辈子该怎么活才不虚此生，才会觉悟到此生已为错误的安排浪费许多，实在不应该再浪费下去。这时候人会活得更积极起劲，肯定适合自己的，摆脱不...
001.对自然要自然.txt	7	氮化循环	自然对人的意义，应该只有两点：第一点，自然本身是变化无穷的壮观，不论是朝晖夕阴，不论是暴雨明霞，不论是飞絮满天或落叶满地……种种奇景，都值得人在恬静中或快乐中赏心悦目。第二点，自然应带给人对宇宙的远大看法，物换星移，时序代谢……都是使人了解宇宙真相的凭借。西方的诗人从一粒沙中看世界，从一朵花中看天国；东方的诗人从长江中看逝者如斯，从明月中看盈虚者如彼……这种种观察都可在赏心悦目以外，别有妙悟：人与自然本是一体。《圣经》上说：“你是从土而出的，你本是尘土，仍要归于尘土。”但说这话的先知并不了解这一现象的科学原理。现在我们知道了“氮化循环”（nitrogen cycle）等化学现象，知道了万物都要复归原始，人生只是过眼云烟，“自己乃是不断的在死亡中”。有了这种达观的心胸，再回过头来看人世，人才会觉悟到这辈子该怎么活才不虚此生，才会觉悟到此生已为错误的安排浪费许多，实在不应该再浪费下去。这时候人会活得更积极起劲，肯定适合自己的，摆脱不...
001.对自然要自然.txt	7	自己乃是不断的在死亡中	自然对人的意义，应该只有两点：第一点，自然本身是变化无穷的壮观，不论是朝晖夕阴，不论是暴雨明霞，不论是飞絮满天或落叶满地……种种奇景，都值得人在恬静中或快乐中赏心悦目。第二点，自然应带给人对宇宙的远大看法，物换星移，时序代谢……都是使人了解宇宙真相的凭借。西方的诗人从一粒沙中看世界，从一朵花中看天国；东方的诗人从长江中看逝者如斯，从明月中看盈虚者如彼……这种种观察都可在赏心悦目以外，别有妙悟：人与自然本是一体。《圣经》上说：“你是从土而出的，你本是尘土，仍要归于尘土。”但说这话的先知并不了解这一现象的科学原理。现在我们知道了“氮化循环”（nitrogen cycle）等化学现象，知道了万物都要复归原始，人生只是过眼云烟，“自己乃是不断的在死亡中”。有了这种达观的心胸，再回过头来看人世，人才会觉悟到这辈子该怎么活才不虚此生，才会觉悟到此生已为错误的安排浪费许多，实在不应该再浪费下去。这时候人会活得更积极起劲，肯定适合自己的，摆脱不...
001.对自然要自然.txt	7	让自然做你的老师	自然对人的意义，应该只有两点：第一点，自然本身是变化无穷的壮观，不论是朝晖夕阴，不论是暴雨明霞，不论是飞絮满天或落叶满地……种种奇景，都值得人在恬静中或快乐中赏心悦目。第二点，自然应带给人对宇宙的远大看法，物换星移，时序代谢……都是使人了解宇宙真相的凭借。西方的诗人从一粒沙中看世界，从一朵花中看天国；东方的诗人从长江中看逝者如斯，从明月中看盈虚者如彼……这种种观察都可在赏心悦目以外，别有妙悟：人与自然本是一体。《圣经》上说：“你是从土而出的，你本是尘土，仍要归于尘土。”但说这话的先知并不了解这一现象的科学原理。现在我们知道了“氮化循环”（nitrogen cycle）等化学现象，知道了万物都要复归原始，人生只是过眼云烟，“自己乃是不断的在死亡中”。有了这种达观的心胸，再回过头来看人世，人才会觉悟到这辈子该怎么活才不虚此生，才会觉悟到此生已为错误的安排浪费许多，实在不应该再浪费下去。这时候人会活得更积极起劲，肯定适合自己的，摆脱不...
009.“显性伪君子”和“隐性伪君子”.txt	11	捉奸案	第三个故事是和我自己有关的。萧孟能把他白手起家的发妻抛弃，把十五户房地都过户给别的女人，要跟发妻离婚。我认为感情有变化，要离婚，也是人之常情。但夫妻一起赚的钱，总不能由丈夫一个人独吞，至少该分太太一半，但萧太太始终分不到。后来穷得给人做下女，每月挣八千元糊口。我气不过，要主持正义，陪她去找萧孟能理论，这就是国民党新闻界大加渲染的“捉奸案”。国民党新闻界和所谓“正义之士”骂我不该陪萧太太去找萧孟能，但他们全体坐视这样可怜的女人遭遇这样不公平的待遇，他们的“正义”竟凉薄得一至于此！被骂的时候，我笑着说：“大概我通奸被人捉，都不会挨这么多的骂吧？”“大概我跑去献花，才能符合他们的正义标准吧？”
009.“显性伪君子”和“隐性伪君子”.txt	11	正义之士	第三个故事是和我自己有关的。萧孟能把他白手起家的发妻抛弃，把十五户房地都过户给别的女人，要跟发妻离婚。我认为感情有变化，要离婚，也是人之常情。但夫妻一起赚的钱，总不能由丈夫一个人独吞，至少该分太太一半，但萧太太始终分不到。后来穷得给人做下女，每月挣八千元糊口。我气不过，要主持正义，陪她去找萧孟能理论，这就是国民党新闻界大加渲染的“捉奸案”。国民党新闻界和所谓“正义之士”骂我不该陪萧太太去找萧孟能，但他们全体坐视这样可怜的女人遭遇这样不公平的待遇，他们的“正义”竟凉薄得一至于此！被骂的时候，我笑着说：“大概我通奸被人捉，都不会挨这么多的骂吧？”“大概我跑去献花，才能符合他们的正义标准吧？”
009.“显性伪君子”和“隐性伪君子”.txt	11	正义	第三个故事是和我自己有关的。萧孟能把他白手起家的发妻抛弃，把十五户房地都过户给别的女人，要跟发妻离婚。我认为感情有变化，要离婚，也是人之常情。但夫妻一起赚的钱，总不能由丈夫一个人独吞，至少该分太太一半，但萧太太始终分不到。后来穷得给人做下女，每月挣八千元糊口。我气不过，要主持正义，陪她去找萧孟能理论，这就是国民党新闻界大加渲染的“捉奸案”。国民党新闻界和所谓“正义之士”骂我不该陪萧太太去找萧孟能，但他们全体坐视这样可怜的女人遭遇这样不公平的待遇，他们的“正义”竟凉薄得一至于此！被骂的时候，我笑着说：“大概我通奸被人捉，都不会挨这么多的骂吧？”“大概我跑去献花，才能符合他们的正义标准吧？”
009.“显性伪君子”和“隐性伪君子”.txt	11	大概我通奸被人捉，都不会挨这么多的骂吧？	第三个故事是和我自己有关的。萧孟能把他白手起家的发妻抛弃，把十五户房地都过户给别的女人，要跟发妻离婚。我认为感情有变化，要离婚，也是人之常情。但夫妻一起赚的钱，总不能由丈夫一个人独吞，至少该分太太一半，但萧太太始终分不到。后来穷得给人做下女，每月挣八千元糊口。我气不过，要主持正义，陪她去找萧孟能理论，这就是国民党新闻界大加渲染的“捉奸案”。国民党新闻界和所谓“正义之士”骂我不该陪萧太太去找萧孟能，但他们全体坐视这样可怜的女人遭遇这样不公平的待遇，他们的“正义”竟凉薄得一至于此！被骂的时候，我笑着说：“大概我通奸被人捉，都不会挨这么多的骂吧？”“大概我跑去献花，才能符合他们的正义标准吧？”
009.“显性伪君子”和“隐性伪君子”.txt	11	大概我跑去献花，才能符合他们的正义标准吧？	第三个故事是和我自己有关的。萧孟能把他白手起家的发妻抛弃，把十五户房地都过户给别的女人，要跟发妻离婚。我认为感情有变化，要离婚，也是人之常情。但夫妻一起赚的钱，总不能由丈夫一个人独吞，至少该分太太一半，但萧太太始终分不到。后来穷得给人做下女，每月挣八千元糊口。我气不过，要主持正义，陪她去找萧孟能理论，这就是国民党新闻界大加渲染的“捉奸案”。国民党新闻界和所谓“正义之士”骂我不该陪萧太太去找萧孟能，但他们全体坐视这样可怜的女人遭遇这样不公平的待遇，他们的“正义”竟凉薄得一至于此！被骂的时候，我笑着说：“大概我通奸被人捉，都不会挨这么多的骂吧？”“大概我跑去献花，才能符合他们的正义标准吧？”
009.“显性伪君子”和“隐性伪君子”.txt	17	君子远庖厨	另一种伪君子，伪得比较消极，是以躲避的方法行其伪善的。《孟子》里说“君子远庖厨”（君子要躲屠宰场、厨房远一点），为的是，看到动物被宰割，君子会“见其生不忍见其死；闻其声，不忍食其肉”。这样一来，岂不倒了胃口？君子既然不能不吃鸡鸭鱼肉，所以庖厨就不得不远了，这是一种变形的伪善。前一阵子国民党新闻界大登谢东闵参观鹿茸工厂，看到一条条鹿被锯角取血的惨状，说谢东闵表现了仁爱之心。后来得知，谢东闵仁爱过后，还是捧起血杯，大喝起鹿茸之血来了！东闵云乎哉？东悯云乎哉？
009.“显性伪君子”和“隐性伪君子”.txt	17	见其生不忍见其死；闻其声，不忍食其肉	另一种伪君子，伪得比较消极，是以躲避的方法行其伪善的。《孟子》里说“君子远庖厨”（君子要躲屠宰场、厨房远一点），为的是，看到动物被宰割，君子会“见其生不忍见其死；闻其声，不忍食其肉”。这样一来，岂不倒了胃口？君子既然不能不吃鸡鸭鱼肉，所以庖厨就不得不远了，这是一种变形的伪善。前一阵子国民党新闻界大登谢东闵参观鹿茸工厂，看到一条条鹿被锯角取血的惨状，说谢东闵表现了仁爱之心。后来得知，谢东闵仁爱过后，还是捧起血杯，大喝起鹿茸之血来了！东闵云乎哉？东悯云乎哉？
009.“显性伪君子”和“隐性伪君子”.txt	23	花枝招展	与这种德性相对的，是一种“花枝招展”的影歌星派，他们最喜欢搞慈善演唱会，叫别人捐钱义卖，自己却带着星妈一毛不拔。这种以“文化美容”为号召的人，整天打着慈善的招牌作秀，真是伪中之尤。一个笑话说：小茵的爸爸问小茵：“你有十块钱，为什么不捐给红十字会呢？”小茵答道：“我本来想捐的，可是由卖冰淇淋的去捐，不更好吗？”我每次看到脸这样美的，心这样丑，我就想到小茵和她的冰淇淋。
009.“显性伪君子”和“隐性伪君子”.txt	23	文化美容	与这种德性相对的，是一种“花枝招展”的影歌星派，他们最喜欢搞慈善演唱会，叫别人捐钱义卖，自己却带着星妈一毛不拔。这种以“文化美容”为号召的人，整天打着慈善的招牌作秀，真是伪中之尤。一个笑话说：小茵的爸爸问小茵：“你有十块钱，为什么不捐给红十字会呢？”小茵答道：“我本来想捐的，可是由卖冰淇淋的去捐，不更好吗？”我每次看到脸这样美的，心这样丑，我就想到小茵和她的冰淇淋。
009.“显性伪君子”和“隐性伪君子”.txt	23	你有十块钱，为什么不捐给红十字会呢？	与这种德性相对的，是一种“花枝招展”的影歌星派，他们最喜欢搞慈善演唱会，叫别人捐钱义卖，自己却带着星妈一毛不拔。这种以“文化美容”为号召的人，整天打着慈善的招牌作秀，真是伪中之尤。一个笑话说：小茵的爸爸问小茵：“你有十块钱，为什么不捐给红十字会呢？”小茵答道：“我本来想捐的，可是由卖冰淇淋的去捐，不更好吗？”我每次看到脸这样美的，心这样丑，我就想到小茵和她的冰淇淋。
009.“显性伪君子”和“隐性伪君子”.txt	23	我本来想捐的，可是由卖冰淇淋的去捐，不更好吗？	与这种德性相对的，是一种“花枝招展”的影歌星派，他们最喜欢搞慈善演唱会，叫别人捐钱义卖，自己却带着星妈一毛不拔。这种以“文化美容”为号召的人，整天打着慈善的招牌作秀，真是伪中之尤。一个笑话说：小茵的爸爸问小茵：“你有十块钱，为什么不捐给红十字会呢？”小茵答道：“我本来想捐的，可是由卖冰淇淋的去捐，不更好吗？”我每次看到脸这样美的，心这样丑，我就想到小茵和她的冰淇淋。
010.“三毛式伪善”和“金庸式伪善”.txt	5	不是个喜欢把自己落在框子里去说话的人	三毛很友善，但我对她印象欠佳。三毛说她：“不是个喜欢把自己落在框子里去说话的人”，我看却正好相反，我看她整天在兜她的框框，这个框框就是她那个一再重复的爱情故事，其中有白虎星式的克夫、白云乡式的逃世、白血病式的国际路线，和白开水式的泛滥感情。如果三毛是个美人，也许她可以以不断的风流余韵传世，因为这算是美人的特权，但三毛显然不是，所以，她的“美丽的”爱情故事，是她真人不胜负荷的，她的荷西也不胜负荷，所以一命归西了事。我想，造型和干哪一行还是很重要的。前一阵子林青霞同我晚餐，餐后在我家谈了十小时，我仔细看了她，我看她就是明星造型，正好干明星；美丽岛军法大审时，陈菊在电视里出现肉身，面目坚毅肃杀，我仔细看了她，我看她就是政治造型，正好搞政治。如果林妹妹搞政治，陈姐姐干明星，我想就说不出来的不对劲。三毛现在整天以“悲泣的爱神”来来去去，我总觉得造型不对劲，她年纪越大，越不对劲。有一次我在远东百货公司看到她以十七岁的发型、七岁的娃娃装出现，...
010.“三毛式伪善”和“金庸式伪善”.txt	5	美丽的	三毛很友善，但我对她印象欠佳。三毛说她：“不是个喜欢把自己落在框子里去说话的人”，我看却正好相反，我看她整天在兜她的框框，这个框框就是她那个一再重复的爱情故事，其中有白虎星式的克夫、白云乡式的逃世、白血病式的国际路线，和白开水式的泛滥感情。如果三毛是个美人，也许她可以以不断的风流余韵传世，因为这算是美人的特权，但三毛显然不是，所以，她的“美丽的”爱情故事，是她真人不胜负荷的，她的荷西也不胜负荷，所以一命归西了事。我想，造型和干哪一行还是很重要的。前一阵子林青霞同我晚餐，餐后在我家谈了十小时，我仔细看了她，我看她就是明星造型，正好干明星；美丽岛军法大审时，陈菊在电视里出现肉身，面目坚毅肃杀，我仔细看了她，我看她就是政治造型，正好搞政治。如果林妹妹搞政治，陈姐姐干明星，我想就说不出来的不对劲。三毛现在整天以“悲泣的爱神”来来去去，我总觉得造型不对劲，她年纪越大，越不对劲。有一次我在远东百货公司看到她以十七岁的发型、七岁的娃娃装出现，...
010.“三毛式伪善”和“金庸式伪善”.txt	5	悲泣的爱神	三毛很友善，但我对她印象欠佳。三毛说她：“不是个喜欢把自己落在框子里去说话的人”，我看却正好相反，我看她整天在兜她的框框，这个框框就是她那个一再重复的爱情故事，其中有白虎星式的克夫、白云乡式的逃世、白血病式的国际路线，和白开水式的泛滥感情。如果三毛是个美人，也许她可以以不断的风流余韵传世，因为这算是美人的特权，但三毛显然不是，所以，她的“美丽的”爱情故事，是她真人不胜负荷的，她的荷西也不胜负荷，所以一命归西了事。我想，造型和干哪一行还是很重要的。前一阵子林青霞同我晚餐，餐后在我家谈了十小时，我仔细看了她，我看她就是明星造型，正好干明星；美丽岛军法大审时，陈菊在电视里出现肉身，面目坚毅肃杀，我仔细看了她，我看她就是政治造型，正好搞政治。如果林妹妹搞政治，陈姐姐干明星，我想就说不出来的不对劲。三毛现在整天以“悲泣的爱神”来来去去，我总觉得造型不对劲，她年纪越大，越不对劲。有一次我在远东百货公司看到她以十七岁的发型、七岁的娃娃装出现，...
010.“三毛式伪善”和“金庸式伪善”.txt	7	燃烧是我不灭的爱	比起琼瑶来，三毛其实是琼瑶的一个变种。琼瑶的主题是花草月亮淡淡的哀愁，三毛则是花草月亮淡淡的哀愁之外，又加上一大把黄沙。而三毛的毛病，就出在这大把黄沙上。三毛的黄沙里有所谓“燃烧是我不灭的爱”，她跟我说：她去非洲沙漠，是要帮助那些黄沙中的黑人，他们需要她的帮助。她是基督徒，她佩服去非洲的史怀哲，所以，她也去非洲了。我说：“你说你帮助黄沙中的黑人，你为什么不帮助黑暗中的黄人？你自己的同胞更需要你的帮助啊！舍近而求远，去亲而就疏，这可有点不对劲吧？并且，史怀哲不会又帮助黑人，又在加那利群岛留下别墅和‘外汇存底’吧？你怎么解释你的财产呢？”
010.“三毛式伪善”和“金庸式伪善”.txt	7	你说你帮助黄沙中的黑人，你为什么不帮助黑暗中的黄人？你自己的同胞更需要你的帮助啊！舍近而求远，去亲而就疏，这可有点不对劲吧？并且，史怀哲不会又帮助黑人，又在加那利群岛留下别墅和‘外汇存底’吧？你怎么解释你的财产呢？	比起琼瑶来，三毛其实是琼瑶的一个变种。琼瑶的主题是花草月亮淡淡的哀愁，三毛则是花草月亮淡淡的哀愁之外，又加上一大把黄沙。而三毛的毛病，就出在这大把黄沙上。三毛的黄沙里有所谓“燃烧是我不灭的爱”，她跟我说：她去非洲沙漠，是要帮助那些黄沙中的黑人，他们需要她的帮助。她是基督徒，她佩服去非洲的史怀哲，所以，她也去非洲了。我说：“你说你帮助黄沙中的黑人，你为什么不帮助黑暗中的黄人？你自己的同胞更需要你的帮助啊！舍近而求远，去亲而就疏，这可有点不对劲吧？并且，史怀哲不会又帮助黑人，又在加那利群岛留下别墅和‘外汇存底’吧？你怎么解释你的财产呢？”
010.“三毛式伪善”和“金庸式伪善”.txt	9	三毛式伪善	三毛听了我的话，有点窘，她答复不出来。她当然答复不出来，为什么？因为三毛所谓帮助黄沙中的黑人，其实是一种“秀”，其性质与影歌星等慈善演唱并无不同，他们做“秀”的成分大于一切，你绝不能认真。比如说，你真的信三毛是基督徒吗？她在关庙下跪求签，这是哪一门子的基督徒呢？她迷信星相命运之学，这又是哪一门子的基督徒呢……所以，三毛的言行，无非白虎星式的克夫，白云乡式的逃世、白血病式的国际路线，和白开水式的泛滥感情而已。她是伪善的，这种伪善，自成一家，可叫做“三毛式伪善”。
010.“三毛式伪善”和“金庸式伪善”.txt	11	三毛式伪善	“三毛式伪善”，比起另一种伪善来，还算是小焉者也。另一种伪善是金庸式的。金庸为国民党捧场，跑到台湾来。有一天晚上到我家，一谈八小时。我责备他不该参加什么“国建会”，自失他过去的立场。他说他参加，也说了不少批评的话。我说这是不够的、得不偿失的、小骂大帮忙的，你参加这种会，真教人失望。接着谈到他写的武侠，我说胡适之说武侠小说“下流”，我有同感。我是不看武侠的，以我所受的理智训练、认知训练、文学训练、史学训练，我是无法接受这种荒谬的内容的，虽然我知道你在这方面有着空前的大成绩，并且发了大财。金庸的风度极好，他对我的话，不以为忤（虽然他此后在他的报上不断诽谤我了）。他很谦虚的解释他的观点。他特别提到他儿子死后，他精研佛学，他已是很虔诚的佛教徒了。我说：“佛经里讲‘七法财’‘七圣财’‘七德财’，虽然《报恩经》《未曾有因缘经》《宝积经》《长阿含经》《中阿含经》等等所说的有点出入，但大体上，无不以舍弃财产为要件。所谓‘舍离一切，而无染着’，所...
010.“三毛式伪善”和“金庸式伪善”.txt	11	国建会	“三毛式伪善”，比起另一种伪善来，还算是小焉者也。另一种伪善是金庸式的。金庸为国民党捧场，跑到台湾来。有一天晚上到我家，一谈八小时。我责备他不该参加什么“国建会”，自失他过去的立场。他说他参加，也说了不少批评的话。我说这是不够的、得不偿失的、小骂大帮忙的，你参加这种会，真教人失望。接着谈到他写的武侠，我说胡适之说武侠小说“下流”，我有同感。我是不看武侠的，以我所受的理智训练、认知训练、文学训练、史学训练，我是无法接受这种荒谬的内容的，虽然我知道你在这方面有着空前的大成绩，并且发了大财。金庸的风度极好，他对我的话，不以为忤（虽然他此后在他的报上不断诽谤我了）。他很谦虚的解释他的观点。他特别提到他儿子死后，他精研佛学，他已是很虔诚的佛教徒了。我说：“佛经里讲‘七法财’‘七圣财’‘七德财’，虽然《报恩经》《未曾有因缘经》《宝积经》《长阿含经》《中阿含经》等等所说的有点出入，但大体上，无不以舍弃财产为要件。所谓‘舍离一切，而无染着’，所...
010.“三毛式伪善”和“金庸式伪善”.txt	11	下流	“三毛式伪善”，比起另一种伪善来，还算是小焉者也。另一种伪善是金庸式的。金庸为国民党捧场，跑到台湾来。有一天晚上到我家，一谈八小时。我责备他不该参加什么“国建会”，自失他过去的立场。他说他参加，也说了不少批评的话。我说这是不够的、得不偿失的、小骂大帮忙的，你参加这种会，真教人失望。接着谈到他写的武侠，我说胡适之说武侠小说“下流”，我有同感。我是不看武侠的，以我所受的理智训练、认知训练、文学训练、史学训练，我是无法接受这种荒谬的内容的，虽然我知道你在这方面有着空前的大成绩，并且发了大财。金庸的风度极好，他对我的话，不以为忤（虽然他此后在他的报上不断诽谤我了）。他很谦虚的解释他的观点。他特别提到他儿子死后，他精研佛学，他已是很虔诚的佛教徒了。我说：“佛经里讲‘七法财’‘七圣财’‘七德财’，虽然《报恩经》《未曾有因缘经》《宝积经》《长阿含经》《中阿含经》等等所说的有点出入，但大体上，无不以舍弃财产为要件。所谓‘舍离一切，而无染着’，所...
010.“三毛式伪善”和“金庸式伪善”.txt	11	佛经里讲‘七法财’‘七圣财’‘七德财’，虽然《报恩经》《未曾有因缘经》《宝积经》《长阿含经》《中阿含经》等等所说的有点出入，但大体上，无不以舍弃财产为要件。所谓‘舍离一切，而无染着’，所谓‘随求给施，无所吝惜’。你有这么多的财产在身边，你说你是虔诚的佛教徒，你怎么解释你的财产呢？	“三毛式伪善”，比起另一种伪善来，还算是小焉者也。另一种伪善是金庸式的。金庸为国民党捧场，跑到台湾来。有一天晚上到我家，一谈八小时。我责备他不该参加什么“国建会”，自失他过去的立场。他说他参加，也说了不少批评的话。我说这是不够的、得不偿失的、小骂大帮忙的，你参加这种会，真教人失望。接着谈到他写的武侠，我说胡适之说武侠小说“下流”，我有同感。我是不看武侠的，以我所受的理智训练、认知训练、文学训练、史学训练，我是无法接受这种荒谬的内容的，虽然我知道你在这方面有着空前的大成绩，并且发了大财。金庸的风度极好，他对我的话，不以为忤（虽然他此后在他的报上不断诽谤我了）。他很谦虚的解释他的观点。他特别提到他儿子死后，他精研佛学，他已是很虔诚的佛教徒了。我说：“佛经里讲‘七法财’‘七圣财’‘七德财’，虽然《报恩经》《未曾有因缘经》《宝积经》《长阿含经》《中阿含经》等等所说的有点出入，但大体上，无不以舍弃财产为要件。所谓‘舍离一切，而无染着’，所...
010.“三毛式伪善”和“金庸式伪善”.txt	13	选择法	金庸听了我的话，有点窘，他答复不出来。他当然答复不出来，为什么？因为金庸所谓信佛，其实是一种“选择法”，凡是对他有利的，他就信；对他不利的，他就佯装不见，其性质，与善男信女并无不同，自私的成分大于一切，你绝不能认真。他是伪善的，这种伪善，自成一家，可叫做“金庸式伪善”。
010.“三毛式伪善”和“金庸式伪善”.txt	13	金庸式伪善	金庸听了我的话，有点窘，他答复不出来。他当然答复不出来，为什么？因为金庸所谓信佛，其实是一种“选择法”，凡是对他有利的，他就信；对他不利的，他就佯装不见，其性质，与善男信女并无不同，自私的成分大于一切，你绝不能认真。他是伪善的，这种伪善，自成一家，可叫做“金庸式伪善”。
011.呜呼新女性.txt	5	择善固执	因为不知天高地厚，所以即使在自我毁灭时，她们还在神气活现，还在招待记者，还在自以为“择善固执”“替天行道”“大义灭亲”……结果呢，全世界没人能够吃得消她，但她绝不自知，绝不自己检讨检讨，反倒觉得全世界都对不起她。最后，当红颜老去，当掌声已歇，当她那点作秀式的程度被淘汰、被厌倦，最后自然是“红颜薄命”的下场。古话说“红颜薄命”，现在时代变了，女人抬头了，这四个字的解释自然要现代化一点：红颜不止于美色、薄命不在于早夭，而是“有好条件的女人，下场都悲惨”。这种情形，大概统计学可以用得上：若统计一下，自女权运动以来，男女平等以后，凡是成为名女人的人，究竟有几个是好下场的？有几个是幸福的？这种统计，若以电影明星和女作秀家抽样，就可得到惊人的结论。这种女人中，尤以灵性才女出道的、以文化美容出现的、以美人或第几美人出场的，更为明显，因为这一类的觉醒得最迟，嘉宝最后说：“我把我一生搞得乱七八糟。”她终于有了这种迟来的自知之明。嘉宝毕竟还算高人，...
011.呜呼新女性.txt	5	替天行道	因为不知天高地厚，所以即使在自我毁灭时，她们还在神气活现，还在招待记者，还在自以为“择善固执”“替天行道”“大义灭亲”……结果呢，全世界没人能够吃得消她，但她绝不自知，绝不自己检讨检讨，反倒觉得全世界都对不起她。最后，当红颜老去，当掌声已歇，当她那点作秀式的程度被淘汰、被厌倦，最后自然是“红颜薄命”的下场。古话说“红颜薄命”，现在时代变了，女人抬头了，这四个字的解释自然要现代化一点：红颜不止于美色、薄命不在于早夭，而是“有好条件的女人，下场都悲惨”。这种情形，大概统计学可以用得上：若统计一下，自女权运动以来，男女平等以后，凡是成为名女人的人，究竟有几个是好下场的？有几个是幸福的？这种统计，若以电影明星和女作秀家抽样，就可得到惊人的结论。这种女人中，尤以灵性才女出道的、以文化美容出现的、以美人或第几美人出场的，更为明显，因为这一类的觉醒得最迟，嘉宝最后说：“我把我一生搞得乱七八糟。”她终于有了这种迟来的自知之明。嘉宝毕竟还算高人，...
011.呜呼新女性.txt	5	大义灭亲	因为不知天高地厚，所以即使在自我毁灭时，她们还在神气活现，还在招待记者，还在自以为“择善固执”“替天行道”“大义灭亲”……结果呢，全世界没人能够吃得消她，但她绝不自知，绝不自己检讨检讨，反倒觉得全世界都对不起她。最后，当红颜老去，当掌声已歇，当她那点作秀式的程度被淘汰、被厌倦，最后自然是“红颜薄命”的下场。古话说“红颜薄命”，现在时代变了，女人抬头了，这四个字的解释自然要现代化一点：红颜不止于美色、薄命不在于早夭，而是“有好条件的女人，下场都悲惨”。这种情形，大概统计学可以用得上：若统计一下，自女权运动以来，男女平等以后，凡是成为名女人的人，究竟有几个是好下场的？有几个是幸福的？这种统计，若以电影明星和女作秀家抽样，就可得到惊人的结论。这种女人中，尤以灵性才女出道的、以文化美容出现的、以美人或第几美人出场的，更为明显，因为这一类的觉醒得最迟，嘉宝最后说：“我把我一生搞得乱七八糟。”她终于有了这种迟来的自知之明。嘉宝毕竟还算高人，...
011.呜呼新女性.txt	5	红颜薄命	因为不知天高地厚，所以即使在自我毁灭时，她们还在神气活现，还在招待记者，还在自以为“择善固执”“替天行道”“大义灭亲”……结果呢，全世界没人能够吃得消她，但她绝不自知，绝不自己检讨检讨，反倒觉得全世界都对不起她。最后，当红颜老去，当掌声已歇，当她那点作秀式的程度被淘汰、被厌倦，最后自然是“红颜薄命”的下场。古话说“红颜薄命”，现在时代变了，女人抬头了，这四个字的解释自然要现代化一点：红颜不止于美色、薄命不在于早夭，而是“有好条件的女人，下场都悲惨”。这种情形，大概统计学可以用得上：若统计一下，自女权运动以来，男女平等以后，凡是成为名女人的人，究竟有几个是好下场的？有几个是幸福的？这种统计，若以电影明星和女作秀家抽样，就可得到惊人的结论。这种女人中，尤以灵性才女出道的、以文化美容出现的、以美人或第几美人出场的，更为明显，因为这一类的觉醒得最迟，嘉宝最后说：“我把我一生搞得乱七八糟。”她终于有了这种迟来的自知之明。嘉宝毕竟还算高人，...
011.呜呼新女性.txt	5	有好条件的女人，下场都悲惨	因为不知天高地厚，所以即使在自我毁灭时，她们还在神气活现，还在招待记者，还在自以为“择善固执”“替天行道”“大义灭亲”……结果呢，全世界没人能够吃得消她，但她绝不自知，绝不自己检讨检讨，反倒觉得全世界都对不起她。最后，当红颜老去，当掌声已歇，当她那点作秀式的程度被淘汰、被厌倦，最后自然是“红颜薄命”的下场。古话说“红颜薄命”，现在时代变了，女人抬头了，这四个字的解释自然要现代化一点：红颜不止于美色、薄命不在于早夭，而是“有好条件的女人，下场都悲惨”。这种情形，大概统计学可以用得上：若统计一下，自女权运动以来，男女平等以后，凡是成为名女人的人，究竟有几个是好下场的？有几个是幸福的？这种统计，若以电影明星和女作秀家抽样，就可得到惊人的结论。这种女人中，尤以灵性才女出道的、以文化美容出现的、以美人或第几美人出场的，更为明显，因为这一类的觉醒得最迟，嘉宝最后说：“我把我一生搞得乱七八糟。”她终于有了这种迟来的自知之明。嘉宝毕竟还算高人，...
011.呜呼新女性.txt	5	我把我一生搞得乱七八糟。	因为不知天高地厚，所以即使在自我毁灭时，她们还在神气活现，还在招待记者，还在自以为“择善固执”“替天行道”“大义灭亲”……结果呢，全世界没人能够吃得消她，但她绝不自知，绝不自己检讨检讨，反倒觉得全世界都对不起她。最后，当红颜老去，当掌声已歇，当她那点作秀式的程度被淘汰、被厌倦，最后自然是“红颜薄命”的下场。古话说“红颜薄命”，现在时代变了，女人抬头了，这四个字的解释自然要现代化一点：红颜不止于美色、薄命不在于早夭，而是“有好条件的女人，下场都悲惨”。这种情形，大概统计学可以用得上：若统计一下，自女权运动以来，男女平等以后，凡是成为名女人的人，究竟有几个是好下场的？有几个是幸福的？这种统计，若以电影明星和女作秀家抽样，就可得到惊人的结论。这种女人中，尤以灵性才女出道的、以文化美容出现的、以美人或第几美人出场的，更为明显，因为这一类的觉醒得最迟，嘉宝最后说：“我把我一生搞得乱七八糟。”她终于有了这种迟来的自知之明。嘉宝毕竟还算高人，...
011.呜呼新女性.txt	21	因为我是女人才发生这种事。	有两件事对我很有好处——生为女人和出身贫穷，使我一直鞭策自己努力向前。我曾说过，假使我的名字是奥瑞安诺，是个男人而且是马尔波若公爵的儿子，现在很可能只是个他妈的白痴，因为没有什么可奋斗的。而且，具有我这种气质，作为女人要比男人制造更多新闻，如果是奥瑞安诺写这些访问和书，一定不会像现在这么快变得这么有名。所以，显然是作为女人比较有利，这惹恼了妇解分子。我讨厌她们的受迫害意识，老是哭诉：“因为我是女人才发生这种事。”我要说：“不对，发生这种事不是因为你是女人，是因为你不行！”（《八十年代》，1981年1月15日《费兰西访问记》炎竝译）
011.呜呼新女性.txt	21	不对，发生这种事不是因为你是女人，是因为你不行！	有两件事对我很有好处——生为女人和出身贫穷，使我一直鞭策自己努力向前。我曾说过，假使我的名字是奥瑞安诺，是个男人而且是马尔波若公爵的儿子，现在很可能只是个他妈的白痴，因为没有什么可奋斗的。而且，具有我这种气质，作为女人要比男人制造更多新闻，如果是奥瑞安诺写这些访问和书，一定不会像现在这么快变得这么有名。所以，显然是作为女人比较有利，这惹恼了妇解分子。我讨厌她们的受迫害意识，老是哭诉：“因为我是女人才发生这种事。”我要说：“不对，发生这种事不是因为你是女人，是因为你不行！”（《八十年代》，1981年1月15日《费兰西访问记》炎竝译）
013.人到底该怎么选择？.txt	31	寿星老吃砒霜——活得不耐烦了	我不太觉得祢衡是有意找死，或是“寿星老吃砒霜——活得不耐烦了”。他只是“宁正言不讳”而已。至于“正言不讳”以后别人杀不杀他，他无所谓。他没有兴趣去教育敌人，或揣摩敌人的水准。当然，他这种作风，“上的山多终遇虎”，最后碰到了黄祖型的敌人，他也一死了之——“患有所不辟也”！
013.人到底该怎么选择？.txt	31	宁正言不讳	我不太觉得祢衡是有意找死，或是“寿星老吃砒霜——活得不耐烦了”。他只是“宁正言不讳”而已。至于“正言不讳”以后别人杀不杀他，他无所谓。他没有兴趣去教育敌人，或揣摩敌人的水准。当然，他这种作风，“上的山多终遇虎”，最后碰到了黄祖型的敌人，他也一死了之——“患有所不辟也”！
013.人到底该怎么选择？.txt	31	正言不讳	我不太觉得祢衡是有意找死，或是“寿星老吃砒霜——活得不耐烦了”。他只是“宁正言不讳”而已。至于“正言不讳”以后别人杀不杀他，他无所谓。他没有兴趣去教育敌人，或揣摩敌人的水准。当然，他这种作风，“上的山多终遇虎”，最后碰到了黄祖型的敌人，他也一死了之——“患有所不辟也”！
013.人到底该怎么选择？.txt	31	上的山多终遇虎	我不太觉得祢衡是有意找死，或是“寿星老吃砒霜——活得不耐烦了”。他只是“宁正言不讳”而已。至于“正言不讳”以后别人杀不杀他，他无所谓。他没有兴趣去教育敌人，或揣摩敌人的水准。当然，他这种作风，“上的山多终遇虎”，最后碰到了黄祖型的敌人，他也一死了之——“患有所不辟也”！
013.人到底该怎么选择？.txt	31	患有所不辟也	我不太觉得祢衡是有意找死，或是“寿星老吃砒霜——活得不耐烦了”。他只是“宁正言不讳”而已。至于“正言不讳”以后别人杀不杀他，他无所谓。他没有兴趣去教育敌人，或揣摩敌人的水准。当然，他这种作风，“上的山多终遇虎”，最后碰到了黄祖型的敌人，他也一死了之——“患有所不辟也”！
013.人到底该怎么选择？.txt	35	尚复何求	记得我出世前四百年死的那位英国殉道者托马斯·摩尔（Sir Thomas More, 1478-1535）吗？再远一点，记得我出世前七百六十五年死的那位英国殉道者托马斯·贝克特（Thomas Becket，1117-1170）吗？他们都有着太好的“尚复何求”的条件，但是最后，最后，最后，最后还是无法弃其所守，还是都死于非命。小痴兄，这些人并不都是有意送死的人，但他们都是为了真理，“患有所不辟也”的人。结果既然命中难逃一死，最后除了一死，又“尚复何求”？——谁让他们都碰到黄祖型的统治者呢？
013.人到底该怎么选择？.txt	35	患有所不辟也	记得我出世前四百年死的那位英国殉道者托马斯·摩尔（Sir Thomas More, 1478-1535）吗？再远一点，记得我出世前七百六十五年死的那位英国殉道者托马斯·贝克特（Thomas Becket，1117-1170）吗？他们都有着太好的“尚复何求”的条件，但是最后，最后，最后，最后还是无法弃其所守，还是都死于非命。小痴兄，这些人并不都是有意送死的人，但他们都是为了真理，“患有所不辟也”的人。结果既然命中难逃一死，最后除了一死，又“尚复何求”？——谁让他们都碰到黄祖型的统治者呢？
014.爱丽丝与新党.txt	5	中国自由党	这是蒋廷黻的一个最构想完整的梦。如今，胡适死了，蒋廷黻也死了，这个“中国自由党”，也伴同着这两个“书呆子”，一块儿走进了爱丽丝的梦境。我提议：胡适、蒋廷黻、爱丽丝三个人，应该合组一个党，白发红颜，情趣倍增，并且也无形具备了妇女和年轻人的保障名额。我这种提议，乃是基于在目前的中国现状下，所谓“中国自由党”根本就是童话的产品，它在先天上，就具备了不能成立和无法生存的悲剧性。既然这样，爱丽丝小姑娘的加入，也就更玉成了它的童话性质，且对胡蒋二公的“返公还童”，至少多一个青春偶像的示范。
014.爱丽丝与新党.txt	5	书呆子	这是蒋廷黻的一个最构想完整的梦。如今，胡适死了，蒋廷黻也死了，这个“中国自由党”，也伴同着这两个“书呆子”，一块儿走进了爱丽丝的梦境。我提议：胡适、蒋廷黻、爱丽丝三个人，应该合组一个党，白发红颜，情趣倍增，并且也无形具备了妇女和年轻人的保障名额。我这种提议，乃是基于在目前的中国现状下，所谓“中国自由党”根本就是童话的产品，它在先天上，就具备了不能成立和无法生存的悲剧性。既然这样，爱丽丝小姑娘的加入，也就更玉成了它的童话性质，且对胡蒋二公的“返公还童”，至少多一个青春偶像的示范。
014.爱丽丝与新党.txt	5	返公还童	这是蒋廷黻的一个最构想完整的梦。如今，胡适死了，蒋廷黻也死了，这个“中国自由党”，也伴同着这两个“书呆子”，一块儿走进了爱丽丝的梦境。我提议：胡适、蒋廷黻、爱丽丝三个人，应该合组一个党，白发红颜，情趣倍增，并且也无形具备了妇女和年轻人的保障名额。我这种提议，乃是基于在目前的中国现状下，所谓“中国自由党”根本就是童话的产品，它在先天上，就具备了不能成立和无法生存的悲剧性。既然这样，爱丽丝小姑娘的加入，也就更玉成了它的童话性质，且对胡蒋二公的“返公还童”，至少多一个青春偶像的示范。
014.爱丽丝与新党.txt	13	周朝的天下是八百年，国民党至少要掌握政权一千年！	自杀而死的国民党大员戴传贤，早在1944年就说过：“周朝的天下是八百年，国民党至少要掌握政权一千年！”我们虽已等了七八十年、五六十年、三四十年，可是用一千年一减，我们即使寿比八百岁的彭祖、寿比九百三十岁的亚当、寿比九百五十岁的拉麦、寿比九百六十九岁的玛士撒拉，也还是空等一场！所以，爱丽丝小姑娘若想等到国民党皇恩浩荡之日，允许组党，只得像小说《她》（SHE）中的女王一样，有千年不坏之身，才有指望。此时此地的爱丽丝，是不会同我们组织新党的。我们少做梦吧！
015.索尔仁尼琴错在哪儿？.txt	19	11时半至总统府就安排索氏来访事向马秘书长作简报，12时至中央党部向蒋秘书长作简报	第二个原因是他对帮闲集团的手法，没存戒心或故意没存戒心，以致甘心给人利用了。索尔仁尼琴在来台湾以前，说是不要接受官方的安排，但他不知道或有意不想知道，在极右的政权统治下，又何来纯民间的基金会？纯民间的基金会，又如何能存在？吴三连纵使年轻时代的记录再英雄，他今天若不老而不死的给国民党帮闲，国民党会让他办报、办基金会吗？所以，整个的所谓民间团体邀请，骨子里的作业，早就变成了官方的。索尔仁尼琴10月16日下午抵达前，10月8日、10月13日，官方的新闻局长和文工会主任早就出了面，10月16日上午，基金会的负责人“11时半至总统府就安排索氏来访事向马秘书长作简报，12时至中央党部向蒋秘书长作简报”，大官们对他们“表示嘉许”，这样细腻的官方作业，若还说不是官方的，又怎么可能呢？所以，索尔仁尼琴其实一开始就给官方利用了。以索尔仁尼琴的地位，去帮助这种政权，为之利用，当然是极不得体的。
015.索尔仁尼琴错在哪儿？.txt	19	表示嘉许	第二个原因是他对帮闲集团的手法，没存戒心或故意没存戒心，以致甘心给人利用了。索尔仁尼琴在来台湾以前，说是不要接受官方的安排，但他不知道或有意不想知道，在极右的政权统治下，又何来纯民间的基金会？纯民间的基金会，又如何能存在？吴三连纵使年轻时代的记录再英雄，他今天若不老而不死的给国民党帮闲，国民党会让他办报、办基金会吗？所以，整个的所谓民间团体邀请，骨子里的作业，早就变成了官方的。索尔仁尼琴10月16日下午抵达前，10月8日、10月13日，官方的新闻局长和文工会主任早就出了面，10月16日上午，基金会的负责人“11时半至总统府就安排索氏来访事向马秘书长作简报，12时至中央党部向蒋秘书长作简报”，大官们对他们“表示嘉许”，这样细腻的官方作业，若还说不是官方的，又怎么可能呢？所以，索尔仁尼琴其实一开始就给官方利用了。以索尔仁尼琴的地位，去帮助这种政权，为之利用，当然是极不得体的。
016.别弄拧了堂吉诃德.txt	5	知其不可而为之	堂吉诃德虽然疯疯癫癫，但他对信仰一往直前，嫉恶如仇，抑强扶弱，他的毛病在他不能辨别真正的敌友，他的幻想症，使他甚至把风车都当成巨人，结果竟同风车作战。他的人格是肯定的，行为却是否定的。他的悲剧在不知道有些行为是不能做的，中国古话说“知其不可而为之”，堂吉诃德却是“不知其不可而为之”，因此他养天地正气，法古今疯人，自己却不知其疯也。
016.别弄拧了堂吉诃德.txt	5	不知其不可而为之	堂吉诃德虽然疯疯癫癫，但他对信仰一往直前，嫉恶如仇，抑强扶弱，他的毛病在他不能辨别真正的敌友，他的幻想症，使他甚至把风车都当成巨人，结果竟同风车作战。他的人格是肯定的，行为却是否定的。他的悲剧在不知道有些行为是不能做的，中国古话说“知其不可而为之”，堂吉诃德却是“不知其不可而为之”，因此他养天地正气，法古今疯人，自己却不知其疯也。
016.别弄拧了堂吉诃德.txt	7	愈久愈不变，愈不可为愈为	屠格涅夫说堂吉诃德代表信仰，哈姆雷特代表怀疑，人类的进步是靠这两种性格的推动。但这两种人是很难维持纯度的，因为遭遇和打击总使他们牺牲掉。堂吉诃德的可贵，是他的纯度一点也没因遭遇和打击而减退，他的格调一点也没退化，正是郑所南所谓的“愈久愈不变，愈不可为愈为”。
016.别弄拧了堂吉诃德.txt	13	中国皇帝	《堂吉诃德》一书的作者塞万提斯，一生饱更忧患。战争中，他失掉了左手；又被海盗掳去，关了五年；又被政府以莫须有的罪名，一再下狱，但他终于在千劫百难中完成了《堂吉诃德》这部传世之作。塞万提斯在这部书的下卷前页，曾以游戏的口吻，说中国皇帝有信给他，要把他的作品收作教科书之用。如今，三百六十六年过去了，“中国皇帝”的后人，居然要把索尔仁尼琴的演说收作教科书之用了（并且老混蛋“立委”还说：谁反对谁就是共产党了）。这一个故事，真可算是好有一比了。
016.别弄拧了堂吉诃德.txt	13	立委	《堂吉诃德》一书的作者塞万提斯，一生饱更忧患。战争中，他失掉了左手；又被海盗掳去，关了五年；又被政府以莫须有的罪名，一再下狱，但他终于在千劫百难中完成了《堂吉诃德》这部传世之作。塞万提斯在这部书的下卷前页，曾以游戏的口吻，说中国皇帝有信给他，要把他的作品收作教科书之用。如今，三百六十六年过去了，“中国皇帝”的后人，居然要把索尔仁尼琴的演说收作教科书之用了（并且老混蛋“立委”还说：谁反对谁就是共产党了）。这一个故事，真可算是好有一比了。
018.论“向将军道歉”.txt	65	郑重致歉	我不知道《生根》同人有没有义正词严的表达了上面这些话，但我知道他们并没坚持不屈，反而接受了屈辱的条件。《生根》同人似乎不知道：即使诽谤官司打败了，在报上的花样，充其量，也不过是由败诉一方出钱登判决书全文而已，还轮不到“郑重致歉”的！如今官司还没打呢，就签了比降书更苛刻的条件，《生根》的错误与软弱，不是很明显的吗？
020.别孵那贼蛋！.txt	17	维鹊有巢，维鸠居之。	中国的《诗经》说：“维鹊有巢，维鸠居之。”这句古诗后来演变出成语“鹊巢鸠居”或“鹊巢鸠占”。其实中国鸠之为鸟，实在比不上北美椋之为鸟，因为段数差一大截：占了喜鹊的家，不算本领，叫喜鹊为你傻不鸡鸡的服务，不知不觉中牺牲自己的家来给你耍，这才算本领！
020.别孵那贼蛋！.txt	17	鹊巢鸠居	中国的《诗经》说：“维鹊有巢，维鸠居之。”这句古诗后来演变出成语“鹊巢鸠居”或“鹊巢鸠占”。其实中国鸠之为鸟，实在比不上北美椋之为鸟，因为段数差一大截：占了喜鹊的家，不算本领，叫喜鹊为你傻不鸡鸡的服务，不知不觉中牺牲自己的家来给你耍，这才算本领！
020.别孵那贼蛋！.txt	17	鹊巢鸠占	中国的《诗经》说：“维鹊有巢，维鸠居之。”这句古诗后来演变出成语“鹊巢鸠居”或“鹊巢鸠占”。其实中国鸠之为鸟，实在比不上北美椋之为鸟，因为段数差一大截：占了喜鹊的家，不算本领，叫喜鹊为你傻不鸡鸡的服务，不知不觉中牺牲自己的家来给你耍，这才算本领！
020.别孵那贼蛋！.txt	25	西线无战事	今天的党外的所谓主流派政客，他们对国民党，愈来愈“西线无战事”了，他们的主力，都用来维系他们既得的利益，处心积虑的在捡“同志”的便宜。比如说，当“同志”搞“党外后援会”的设计时候，他们毫不热心，“看别人辛苦成巢、看别人下蛋。”但是，一旦有眉目了，他们便以逸待劳，飞到上面，下上他们“拥有公职地位才有发言权”的贼蛋，把后援会改为自援会、把民主制度改为强奸民意的保送制度……他们这种作风，就是典型的椋鸟作风；他们这种“政治技术上的一种升级，当然也是道德无耻上的一种升级”。
020.别孵那贼蛋！.txt	25	同志	今天的党外的所谓主流派政客，他们对国民党，愈来愈“西线无战事”了，他们的主力，都用来维系他们既得的利益，处心积虑的在捡“同志”的便宜。比如说，当“同志”搞“党外后援会”的设计时候，他们毫不热心，“看别人辛苦成巢、看别人下蛋。”但是，一旦有眉目了，他们便以逸待劳，飞到上面，下上他们“拥有公职地位才有发言权”的贼蛋，把后援会改为自援会、把民主制度改为强奸民意的保送制度……他们这种作风，就是典型的椋鸟作风；他们这种“政治技术上的一种升级，当然也是道德无耻上的一种升级”。
020.别孵那贼蛋！.txt	25	党外后援会	今天的党外的所谓主流派政客，他们对国民党，愈来愈“西线无战事”了，他们的主力，都用来维系他们既得的利益，处心积虑的在捡“同志”的便宜。比如说，当“同志”搞“党外后援会”的设计时候，他们毫不热心，“看别人辛苦成巢、看别人下蛋。”但是，一旦有眉目了，他们便以逸待劳，飞到上面，下上他们“拥有公职地位才有发言权”的贼蛋，把后援会改为自援会、把民主制度改为强奸民意的保送制度……他们这种作风，就是典型的椋鸟作风；他们这种“政治技术上的一种升级，当然也是道德无耻上的一种升级”。
020.别孵那贼蛋！.txt	25	看别人辛苦成巢、看别人下蛋。	今天的党外的所谓主流派政客，他们对国民党，愈来愈“西线无战事”了，他们的主力，都用来维系他们既得的利益，处心积虑的在捡“同志”的便宜。比如说，当“同志”搞“党外后援会”的设计时候，他们毫不热心，“看别人辛苦成巢、看别人下蛋。”但是，一旦有眉目了，他们便以逸待劳，飞到上面，下上他们“拥有公职地位才有发言权”的贼蛋，把后援会改为自援会、把民主制度改为强奸民意的保送制度……他们这种作风，就是典型的椋鸟作风；他们这种“政治技术上的一种升级，当然也是道德无耻上的一种升级”。
020.别孵那贼蛋！.txt	25	拥有公职地位才有发言权	今天的党外的所谓主流派政客，他们对国民党，愈来愈“西线无战事”了，他们的主力，都用来维系他们既得的利益，处心积虑的在捡“同志”的便宜。比如说，当“同志”搞“党外后援会”的设计时候，他们毫不热心，“看别人辛苦成巢、看别人下蛋。”但是，一旦有眉目了，他们便以逸待劳，飞到上面，下上他们“拥有公职地位才有发言权”的贼蛋，把后援会改为自援会、把民主制度改为强奸民意的保送制度……他们这种作风，就是典型的椋鸟作风；他们这种“政治技术上的一种升级，当然也是道德无耻上的一种升级”。
020.别孵那贼蛋！.txt	25	政治技术上的一种升级，当然也是道德无耻上的一种升级	今天的党外的所谓主流派政客，他们对国民党，愈来愈“西线无战事”了，他们的主力，都用来维系他们既得的利益，处心积虑的在捡“同志”的便宜。比如说，当“同志”搞“党外后援会”的设计时候，他们毫不热心，“看别人辛苦成巢、看别人下蛋。”但是，一旦有眉目了，他们便以逸待劳，飞到上面，下上他们“拥有公职地位才有发言权”的贼蛋，把后援会改为自援会、把民主制度改为强奸民意的保送制度……他们这种作风，就是典型的椋鸟作风；他们这种“政治技术上的一种升级，当然也是道德无耻上的一种升级”。
021.“把李敖‘流’去大陆”.txt	37	流刑	过去台中农学院院长王志鹄，曾建议将胡适空投大陆；我入狱时，《新闻天地》曾建议送李敖去大陆。此皆国民党之“流刑”也！（1979年7月12日）
022.江南，根本没有春天.txt	5	——兼致母亲	蒋芸这篇《江南，再也没有春天》的副标题是“——兼致母亲”，是以母亲为倾诉对象，写的一篇大陆游记。蒋芸在一九八〇年回到大陆，到杭州探亲，也去了许多地方，眼中的家乡和心中的家乡有了大差距，归来感而成文，就是这篇佳作。佳作全文如下：
022.江南，根本没有春天.txt	71	梦境一片大好	蒋芸的《江南，再也没有春天》，虽然在部分句子与结构上，融入了稍多滥旧诗文的凿痕，但从抒情文的观点看，大体上，它是非常成功的、动人的作品。从这一观点上看，我会给这篇文章打高分数；但是若换个观点，从思想观点上看，这种“梦境一片大好”式的乡愁，却实在未免可议。
022.江南，根本没有春天.txt	73	行吟	在中国人的观念中，尤其是文学作品中，乡愁是一个主要的部分，甚至是一个过度被滥用了的情绪。不论圣贤豪杰或阿猫阿狗，只要一离开他家乡三尺远，便开始“行吟”起来、“感怀”起来。他们的情绪模式，已经完全变成了滥套子；他们顾影自怜的“哀号”，也完全变成了诗词中的陈腔滥调。
022.江南，根本没有春天.txt	73	感怀	在中国人的观念中，尤其是文学作品中，乡愁是一个主要的部分，甚至是一个过度被滥用了的情绪。不论圣贤豪杰或阿猫阿狗，只要一离开他家乡三尺远，便开始“行吟”起来、“感怀”起来。他们的情绪模式，已经完全变成了滥套子；他们顾影自怜的“哀号”，也完全变成了诗词中的陈腔滥调。
022.江南，根本没有春天.txt	73	哀号	在中国人的观念中，尤其是文学作品中，乡愁是一个主要的部分，甚至是一个过度被滥用了的情绪。不论圣贤豪杰或阿猫阿狗，只要一离开他家乡三尺远，便开始“行吟”起来、“感怀”起来。他们的情绪模式，已经完全变成了滥套子；他们顾影自怜的“哀号”，也完全变成了诗词中的陈腔滥调。
022.江南，根本没有春天.txt	81	说江南，忆江南	但是，对面对真实的中国人说来，他们却无所谓失望，他们的心情不是“说江南，忆江南”式的，而是不说不忆的“哀江南”。“哀江南”的不幸遭遇，而思有以面对真实、有以解决。恰像那登月以后的太空人，他们在月球上着陆，神话中的美梦，已被“一片的风霜，一片的疲倦残留，一派的默默无言”打破，但是，毕竟那才是真实的月亮。陶醉在多愁善感里，毕竟是一种逃避与自欺。蒋芸说：“尽管你们、他们都骗了我，但我无法骗自己”，这种觉悟是好的。但是，不骗自己、失望而去却不是应有的态度，面对真实、重建希望才是应有的态度。——抛掉多愁善感的陶醉，参与满脸风霜的征尘，这才是中国人的道路。
022.江南，根本没有春天.txt	81	哀江南	但是，对面对真实的中国人说来，他们却无所谓失望，他们的心情不是“说江南，忆江南”式的，而是不说不忆的“哀江南”。“哀江南”的不幸遭遇，而思有以面对真实、有以解决。恰像那登月以后的太空人，他们在月球上着陆，神话中的美梦，已被“一片的风霜，一片的疲倦残留，一派的默默无言”打破，但是，毕竟那才是真实的月亮。陶醉在多愁善感里，毕竟是一种逃避与自欺。蒋芸说：“尽管你们、他们都骗了我，但我无法骗自己”，这种觉悟是好的。但是，不骗自己、失望而去却不是应有的态度，面对真实、重建希望才是应有的态度。——抛掉多愁善感的陶醉，参与满脸风霜的征尘，这才是中国人的道路。
022.江南，根本没有春天.txt	81	一片的风霜，一片的疲倦残留，一派的默默无言	但是，对面对真实的中国人说来，他们却无所谓失望，他们的心情不是“说江南，忆江南”式的，而是不说不忆的“哀江南”。“哀江南”的不幸遭遇，而思有以面对真实、有以解决。恰像那登月以后的太空人，他们在月球上着陆，神话中的美梦，已被“一片的风霜，一片的疲倦残留，一派的默默无言”打破，但是，毕竟那才是真实的月亮。陶醉在多愁善感里，毕竟是一种逃避与自欺。蒋芸说：“尽管你们、他们都骗了我，但我无法骗自己”，这种觉悟是好的。但是，不骗自己、失望而去却不是应有的态度，面对真实、重建希望才是应有的态度。——抛掉多愁善感的陶醉，参与满脸风霜的征尘，这才是中国人的道路。
022.江南，根本没有春天.txt	81	尽管你们、他们都骗了我，但我无法骗自己	但是，对面对真实的中国人说来，他们却无所谓失望，他们的心情不是“说江南，忆江南”式的，而是不说不忆的“哀江南”。“哀江南”的不幸遭遇，而思有以面对真实、有以解决。恰像那登月以后的太空人，他们在月球上着陆，神话中的美梦，已被“一片的风霜，一片的疲倦残留，一派的默默无言”打破，但是，毕竟那才是真实的月亮。陶醉在多愁善感里，毕竟是一种逃避与自欺。蒋芸说：“尽管你们、他们都骗了我，但我无法骗自己”，这种觉悟是好的。但是，不骗自己、失望而去却不是应有的态度，面对真实、重建希望才是应有的态度。——抛掉多愁善感的陶醉，参与满脸风霜的征尘，这才是中国人的道路。
023.波波颂.txt	45	魏武将见匈奴使，自以形陋，不足雄远国，使崔季珪代，帝自捉刀立床头。既毕，令间谍问曰：‘魏王何如？’匈奴使答曰：‘魏王雅望非常；然床头捉刀人，此乃英雄也！’魏武闻之，追杀此使。	〔附记〕《世说新语·容止篇》描写曹操（魏武）说：“魏武将见匈奴使，自以形陋，不足雄远国，使崔季珪代，帝自捉刀立床头。既毕，令间谍问曰：‘魏王何如？’匈奴使答曰：‘魏王雅望非常；然床头捉刀人，此乃英雄也！’魏武闻之，追杀此使。”这真是个有趣的小故事。
026.古董与今董.txt	3	时难年荒世业空，弟兄羁旅各西东。田园寥落干戈后，骨肉流离道路中。吊影分为千里雁，辞根散作九秋蓬。共看明月应垂泪，一夜乡心五处同。	我小时候住在故都，对古董有所见闻，我又是学历史的人，对古董的了解，自然又高出别人。和胡茵梦在一起的时候，胡茵梦好古董，我随喜之，但只是陪美人玩物而已，绝不丧志。胡茵梦就像是20世纪的古董，有她在，复有何玩？何况台湾比起故都来，实在是文物边陲，所谓古董，实不足论。此地有所谓中国文物爱好名家，事实上，只是一些文物外行。试以郭良蕙而论，郭良蕙者，新女性又复女作家者也，竟俨然成为陶瓷家。外行当道，竟一至于此！1981年7月，她在《艺术家》杂志写了一篇专文，文中大放厥词，把一件宋朝窑枕上面刻的唐朝白居易的诗：“时难年荒世业空，弟兄羁旅各西东。田园寥落干戈后，骨肉流离道路中。吊影分为千里雁，辞根散作九秋蓬。共看明月应垂泪，一夜乡心五处同。”误作为宋人“不具真名诗人”的作品，并大放其屁，说这个价值七千美元的窑枕，单单以此感人肺腑的“宋代诗文”，便值回票价了。白居易这首诗是最普通的一首唐诗，见于《唐诗三百首》，但是郭良蕙都不知道，这种对中国文化...
026.古董与今董.txt	3	不具真名诗人	我小时候住在故都，对古董有所见闻，我又是学历史的人，对古董的了解，自然又高出别人。和胡茵梦在一起的时候，胡茵梦好古董，我随喜之，但只是陪美人玩物而已，绝不丧志。胡茵梦就像是20世纪的古董，有她在，复有何玩？何况台湾比起故都来，实在是文物边陲，所谓古董，实不足论。此地有所谓中国文物爱好名家，事实上，只是一些文物外行。试以郭良蕙而论，郭良蕙者，新女性又复女作家者也，竟俨然成为陶瓷家。外行当道，竟一至于此！1981年7月，她在《艺术家》杂志写了一篇专文，文中大放厥词，把一件宋朝窑枕上面刻的唐朝白居易的诗：“时难年荒世业空，弟兄羁旅各西东。田园寥落干戈后，骨肉流离道路中。吊影分为千里雁，辞根散作九秋蓬。共看明月应垂泪，一夜乡心五处同。”误作为宋人“不具真名诗人”的作品，并大放其屁，说这个价值七千美元的窑枕，单单以此感人肺腑的“宋代诗文”，便值回票价了。白居易这首诗是最普通的一首唐诗，见于《唐诗三百首》，但是郭良蕙都不知道，这种对中国文化...
026.古董与今董.txt	3	宋代诗文	我小时候住在故都，对古董有所见闻，我又是学历史的人，对古董的了解，自然又高出别人。和胡茵梦在一起的时候，胡茵梦好古董，我随喜之，但只是陪美人玩物而已，绝不丧志。胡茵梦就像是20世纪的古董，有她在，复有何玩？何况台湾比起故都来，实在是文物边陲，所谓古董，实不足论。此地有所谓中国文物爱好名家，事实上，只是一些文物外行。试以郭良蕙而论，郭良蕙者，新女性又复女作家者也，竟俨然成为陶瓷家。外行当道，竟一至于此！1981年7月，她在《艺术家》杂志写了一篇专文，文中大放厥词，把一件宋朝窑枕上面刻的唐朝白居易的诗：“时难年荒世业空，弟兄羁旅各西东。田园寥落干戈后，骨肉流离道路中。吊影分为千里雁，辞根散作九秋蓬。共看明月应垂泪，一夜乡心五处同。”误作为宋人“不具真名诗人”的作品，并大放其屁，说这个价值七千美元的窑枕，单单以此感人肺腑的“宋代诗文”，便值回票价了。白居易这首诗是最普通的一首唐诗，见于《唐诗三百首》，但是郭良蕙都不知道，这种对中国文化...
026.古董与今董.txt	5	此鲁哀公坐孔子之席也	其实，这种假古董家，也是代有遗传的，只是笑话没闹得这么大而已、只是出之精神状态有异者而已。《增新事林广记》中写有秦士是古董迷，有人弄来破席骗他，说“此鲁哀公坐孔子之席也”；又弄来手杖骗他，说“此太王避狄所操之马箠也”；又弄来朽椀骗他，说“此殷商物，乃桀〔纣〕所造”。每件古董，都大敲他竹杠，他也照单全收，收到后来，弄得倾家荡产，在街上讨起饭来：“于是披哀公之席，把太王之杖，执桀〔纣〕之椀，行丐于市曰：‘衣食父母：有太公九府钱，乞一文！’”沦到做叫花子了，还讨古钱呢！《笑笑录》中写杨朝麟为苏藩司，判卖古董的被骗诉状，也说：“尔何不携陋巷之瓢，提叩胫之杖，披曾子之箦，而吹伍子胥之箫？岂无舍太公九圆钱者？”也是同一笑话。
026.古董与今董.txt	5	此太王避狄所操之马箠也	其实，这种假古董家，也是代有遗传的，只是笑话没闹得这么大而已、只是出之精神状态有异者而已。《增新事林广记》中写有秦士是古董迷，有人弄来破席骗他，说“此鲁哀公坐孔子之席也”；又弄来手杖骗他，说“此太王避狄所操之马箠也”；又弄来朽椀骗他，说“此殷商物，乃桀〔纣〕所造”。每件古董，都大敲他竹杠，他也照单全收，收到后来，弄得倾家荡产，在街上讨起饭来：“于是披哀公之席，把太王之杖，执桀〔纣〕之椀，行丐于市曰：‘衣食父母：有太公九府钱，乞一文！’”沦到做叫花子了，还讨古钱呢！《笑笑录》中写杨朝麟为苏藩司，判卖古董的被骗诉状，也说：“尔何不携陋巷之瓢，提叩胫之杖，披曾子之箦，而吹伍子胥之箫？岂无舍太公九圆钱者？”也是同一笑话。
026.古董与今董.txt	5	此殷商物，乃桀〔纣〕所造	其实，这种假古董家，也是代有遗传的，只是笑话没闹得这么大而已、只是出之精神状态有异者而已。《增新事林广记》中写有秦士是古董迷，有人弄来破席骗他，说“此鲁哀公坐孔子之席也”；又弄来手杖骗他，说“此太王避狄所操之马箠也”；又弄来朽椀骗他，说“此殷商物，乃桀〔纣〕所造”。每件古董，都大敲他竹杠，他也照单全收，收到后来，弄得倾家荡产，在街上讨起饭来：“于是披哀公之席，把太王之杖，执桀〔纣〕之椀，行丐于市曰：‘衣食父母：有太公九府钱，乞一文！’”沦到做叫花子了，还讨古钱呢！《笑笑录》中写杨朝麟为苏藩司，判卖古董的被骗诉状，也说：“尔何不携陋巷之瓢，提叩胫之杖，披曾子之箦，而吹伍子胥之箫？岂无舍太公九圆钱者？”也是同一笑话。
026.古董与今董.txt	5	于是披哀公之席，把太王之杖，执桀〔纣〕之椀，行丐于市曰：‘衣食父母：有太公九府钱，乞一文！’	其实，这种假古董家，也是代有遗传的，只是笑话没闹得这么大而已、只是出之精神状态有异者而已。《增新事林广记》中写有秦士是古董迷，有人弄来破席骗他，说“此鲁哀公坐孔子之席也”；又弄来手杖骗他，说“此太王避狄所操之马箠也”；又弄来朽椀骗他，说“此殷商物，乃桀〔纣〕所造”。每件古董，都大敲他竹杠，他也照单全收，收到后来，弄得倾家荡产，在街上讨起饭来：“于是披哀公之席，把太王之杖，执桀〔纣〕之椀，行丐于市曰：‘衣食父母：有太公九府钱，乞一文！’”沦到做叫花子了，还讨古钱呢！《笑笑录》中写杨朝麟为苏藩司，判卖古董的被骗诉状，也说：“尔何不携陋巷之瓢，提叩胫之杖，披曾子之箦，而吹伍子胥之箫？岂无舍太公九圆钱者？”也是同一笑话。
026.古董与今董.txt	5	尔何不携陋巷之瓢，提叩胫之杖，披曾子之箦，而吹伍子胥之箫？岂无舍太公九圆钱者？	其实，这种假古董家，也是代有遗传的，只是笑话没闹得这么大而已、只是出之精神状态有异者而已。《增新事林广记》中写有秦士是古董迷，有人弄来破席骗他，说“此鲁哀公坐孔子之席也”；又弄来手杖骗他，说“此太王避狄所操之马箠也”；又弄来朽椀骗他，说“此殷商物，乃桀〔纣〕所造”。每件古董，都大敲他竹杠，他也照单全收，收到后来，弄得倾家荡产，在街上讨起饭来：“于是披哀公之席，把太王之杖，执桀〔纣〕之椀，行丐于市曰：‘衣食父母：有太公九府钱，乞一文！’”沦到做叫花子了，还讨古钱呢！《笑笑录》中写杨朝麟为苏藩司，判卖古董的被骗诉状，也说：“尔何不携陋巷之瓢，提叩胫之杖，披曾子之箦，而吹伍子胥之箫？岂无舍太公九圆钱者？”也是同一笑话。
027.天堂不是我们的.txt	15	一人得道，鸡犬升天	中国古话说“一人得道，鸡犬升天”。《太平广记》据《续仙传》说：“全家人物鸡犬一时飞去……唯猫弃而未去。”元好问《游天坛杂诗》说：“同向燕家舐丹鼎，不随鸡犬上青云。”诗下自注说：“仙猫洞，土人传燕家鸡犬升天，猫独不去。”这一记录，引起我最大的兴趣。为什么有天堂可上，猫仍不上天堂呢？难道猫也要学白石先生，只要长生不上天吗？
027.天堂不是我们的.txt	15	全家人物鸡犬一时飞去……唯猫弃而未去。	中国古话说“一人得道，鸡犬升天”。《太平广记》据《续仙传》说：“全家人物鸡犬一时飞去……唯猫弃而未去。”元好问《游天坛杂诗》说：“同向燕家舐丹鼎，不随鸡犬上青云。”诗下自注说：“仙猫洞，土人传燕家鸡犬升天，猫独不去。”这一记录，引起我最大的兴趣。为什么有天堂可上，猫仍不上天堂呢？难道猫也要学白石先生，只要长生不上天吗？
027.天堂不是我们的.txt	15	同向燕家舐丹鼎，不随鸡犬上青云。	中国古话说“一人得道，鸡犬升天”。《太平广记》据《续仙传》说：“全家人物鸡犬一时飞去……唯猫弃而未去。”元好问《游天坛杂诗》说：“同向燕家舐丹鼎，不随鸡犬上青云。”诗下自注说：“仙猫洞，土人传燕家鸡犬升天，猫独不去。”这一记录，引起我最大的兴趣。为什么有天堂可上，猫仍不上天堂呢？难道猫也要学白石先生，只要长生不上天吗？
027.天堂不是我们的.txt	15	仙猫洞，土人传燕家鸡犬升天，猫独不去。	中国古话说“一人得道，鸡犬升天”。《太平广记》据《续仙传》说：“全家人物鸡犬一时飞去……唯猫弃而未去。”元好问《游天坛杂诗》说：“同向燕家舐丹鼎，不随鸡犬上青云。”诗下自注说：“仙猫洞，土人传燕家鸡犬升天，猫独不去。”这一记录，引起我最大的兴趣。为什么有天堂可上，猫仍不上天堂呢？难道猫也要学白石先生，只要长生不上天吗？
027.天堂不是我们的.txt	19	白日升天，鸡鸣天上，犬吠云中，唯以鼠恶，留之。	《水经注》记唐公房得仙，“白日升天，鸡鸣天上，犬吠云中，唯以鼠恶，留之。”这是说鸡犬同升之时，老鼠是坏东西，是不配上天堂的，索性留它在人间作恶。我想，“鸡犬升天，猫独不去”，答案就在这里了。猫是有使命感的伟大动物，人间老鼠还在，猫就要继续打击魔鬼，不要上天堂。地藏菩萨在众生不成佛时他宁下地狱，我看猫却在众鼠不消灭时，它宁不上天堂。猫的猫生观是：人间若还黑暗，天堂不是我们的！写到这里，真觉得猫不但伟大，简直就是菩萨呢！
027.天堂不是我们的.txt	19	鸡犬升天，猫独不去	《水经注》记唐公房得仙，“白日升天，鸡鸣天上，犬吠云中，唯以鼠恶，留之。”这是说鸡犬同升之时，老鼠是坏东西，是不配上天堂的，索性留它在人间作恶。我想，“鸡犬升天，猫独不去”，答案就在这里了。猫是有使命感的伟大动物，人间老鼠还在，猫就要继续打击魔鬼，不要上天堂。地藏菩萨在众生不成佛时他宁下地狱，我看猫却在众鼠不消灭时，它宁不上天堂。猫的猫生观是：人间若还黑暗，天堂不是我们的！写到这里，真觉得猫不但伟大，简直就是菩萨呢！
028.用替身可也！.txt	5	博学有才气，尝为《筝赋》成，谓人曰：‘吾赋之比嵇康琴，不赏者必以后出相遗，深识者亦当以高奇见贵。’	顾恺之，字长素，江苏无锡人。《晋书》说他：“博学有才气，尝为《筝赋》成，谓人曰：‘吾赋之比嵇康琴，不赏者必以后出相遗，深识者亦当以高奇见贵。’”这表示他是很坦率的，他不做无谓的谦虚。
028.用替身可也！.txt	11	四体妍蚩，本无阙少于妙处，传神写照，正在阿堵中。	尤善丹青，图写特妙，谢安深重之，以为有苍生以来未之有也。恺之每画人成，或数年不点目睛。人问其故，答曰：“四体妍蚩，本无阙少于妙处，传神写照，正在阿堵中。”尝悦一邻女，挑之弗从，乃圆其形于壁，以棘针钉其心，女遂患心痛。恺之因致其情，女从之，遂密去针而愈。
028.用替身可也！.txt	13	录尚书事，豫章郡公裕	顾恺之活了六十二岁，他的生卒年，一般以为是咸康七年（341）到元兴元年（402），我也一直以为没错，但是后来看到他的祭牙文（牙是军中牙旗，祭牙就是祭旗，誓师仪式也），明明有“录尚书事，豫章郡公裕”的字眼，刘裕封“豫章郡公”在义熙二年（406），“录尚书事”在义熙四年（408），他的誓师在义熙五年（409）以后，顾恺之当时还在世，可见顾恺之的生年，约在永和四年（348）以后才对。
028.用替身可也！.txt	13	豫章郡公	顾恺之活了六十二岁，他的生卒年，一般以为是咸康七年（341）到元兴元年（402），我也一直以为没错，但是后来看到他的祭牙文（牙是军中牙旗，祭牙就是祭旗，誓师仪式也），明明有“录尚书事，豫章郡公裕”的字眼，刘裕封“豫章郡公”在义熙二年（406），“录尚书事”在义熙四年（408），他的誓师在义熙五年（409）以后，顾恺之当时还在世，可见顾恺之的生年，约在永和四年（348）以后才对。
028.用替身可也！.txt	13	录尚书事	顾恺之活了六十二岁，他的生卒年，一般以为是咸康七年（341）到元兴元年（402），我也一直以为没错，但是后来看到他的祭牙文（牙是军中牙旗，祭牙就是祭旗，誓师仪式也），明明有“录尚书事，豫章郡公裕”的字眼，刘裕封“豫章郡公”在义熙二年（406），“录尚书事”在义熙四年（408），他的誓师在义熙五年（409）以后，顾恺之当时还在世，可见顾恺之的生年，约在永和四年（348）以后才对。
028.用替身可也！.txt	15	恺之在桓温府，常云：‘体中痴黠各半。’	《晋书》说：“恺之在桓温府，常云：‘体中痴黠各半。’”所以天真可爱，有时是个小迷糊。传说中他有三绝：“才绝、画绝、痴绝。”他向谢瞻“月下长咏”，谢瞻跟他保持距离，坐在远处称赞，顾恺之长咏忘我也忘人，谢瞻困了，偷着找人替他坐在老地方称赞，顾恺之不觉有异，其痴一至于此！
028.用替身可也！.txt	15	才绝、画绝、痴绝。	《晋书》说：“恺之在桓温府，常云：‘体中痴黠各半。’”所以天真可爱，有时是个小迷糊。传说中他有三绝：“才绝、画绝、痴绝。”他向谢瞻“月下长咏”，谢瞻跟他保持距离，坐在远处称赞，顾恺之长咏忘我也忘人，谢瞻困了，偷着找人替他坐在老地方称赞，顾恺之不觉有异，其痴一至于此！
028.用替身可也！.txt	15	月下长咏	《晋书》说：“恺之在桓温府，常云：‘体中痴黠各半。’”所以天真可爱，有时是个小迷糊。传说中他有三绝：“才绝、画绝、痴绝。”他向谢瞻“月下长咏”，谢瞻跟他保持距离，坐在远处称赞，顾恺之长咏忘我也忘人，谢瞻困了，偷着找人替他坐在老地方称赞，顾恺之不觉有异，其痴一至于此！
031.纵裸女战斗.txt	5	观音大士女子乎？	一人问应元曰：“观音大士女子乎？”答曰：“女子也。”又一人曰：“经云观音菩萨，勇猛丈夫，何也？”答曰：“男子也。”又一人曰：“观音一人，而子一男之一女之者，非矛盾乎？”答曰：“非也。观世音无形，故普门品述现众身为人说法，既能现众身，则飞走之物以至蠛蠓醯鸡，皆可耳，岂直男女乎？”
031.纵裸女战斗.txt	5	女子也。	一人问应元曰：“观音大士女子乎？”答曰：“女子也。”又一人曰：“经云观音菩萨，勇猛丈夫，何也？”答曰：“男子也。”又一人曰：“观音一人，而子一男之一女之者，非矛盾乎？”答曰：“非也。观世音无形，故普门品述现众身为人说法，既能现众身，则飞走之物以至蠛蠓醯鸡，皆可耳，岂直男女乎？”
031.纵裸女战斗.txt	5	经云观音菩萨，勇猛丈夫，何也？	一人问应元曰：“观音大士女子乎？”答曰：“女子也。”又一人曰：“经云观音菩萨，勇猛丈夫，何也？”答曰：“男子也。”又一人曰：“观音一人，而子一男之一女之者，非矛盾乎？”答曰：“非也。观世音无形，故普门品述现众身为人说法，既能现众身，则飞走之物以至蠛蠓醯鸡，皆可耳，岂直男女乎？”
031.纵裸女战斗.txt	5	男子也。	一人问应元曰：“观音大士女子乎？”答曰：“女子也。”又一人曰：“经云观音菩萨，勇猛丈夫，何也？”答曰：“男子也。”又一人曰：“观音一人，而子一男之一女之者，非矛盾乎？”答曰：“非也。观世音无形，故普门品述现众身为人说法，既能现众身，则飞走之物以至蠛蠓醯鸡，皆可耳，岂直男女乎？”
031.纵裸女战斗.txt	5	观音一人，而子一男之一女之者，非矛盾乎？	一人问应元曰：“观音大士女子乎？”答曰：“女子也。”又一人曰：“经云观音菩萨，勇猛丈夫，何也？”答曰：“男子也。”又一人曰：“观音一人，而子一男之一女之者，非矛盾乎？”答曰：“非也。观世音无形，故普门品述现众身为人说法，既能现众身，则飞走之物以至蠛蠓醯鸡，皆可耳，岂直男女乎？”
031.纵裸女战斗.txt	5	非也。观世音无形，故普门品述现众身为人说法，既能现众身，则飞走之物以至蠛蠓醯鸡，皆可耳，岂直男女乎？	一人问应元曰：“观音大士女子乎？”答曰：“女子也。”又一人曰：“经云观音菩萨，勇猛丈夫，何也？”答曰：“男子也。”又一人曰：“观音一人，而子一男之一女之者，非矛盾乎？”答曰：“非也。观世音无形，故普门品述现众身为人说法，既能现众身，则飞走之物以至蠛蠓醯鸡，皆可耳，岂直男女乎？”
031.纵裸女战斗.txt	9	观音之化身	但据《大圣欢喜供养法》等佛经，却说大圣自在天和乌摩女为夫妇，生了三千子女，其中一千五百个是做恶事的，一千五百个是做善事的。做善事的是“观音之化身”，跟那一千五百个做恶事的配成兄弟夫妇，以性交方法来软化恶行。在这种设计之下，观音自然是挨肏的了，自然是女性造型了。
031.纵裸女战斗.txt	15	斯乃大圣，慈悲喜舍，世俗之欲，无不徇焉。此即锁骨菩萨。	一淫纵女子早死，瘗于道左，忽有胡僧敬礼墓前曰：“斯乃大圣，慈悲喜舍，世俗之欲，无不徇焉。此即锁骨菩萨。”
031.纵裸女战斗.txt	19	求我侣。	释氏书：昔有贤女马郎妇，于金沙滩上施一切人淫；凡与交者，永绝其淫。死葬后，一梵僧来云：“求我侣。”掘开乃鏁子骨，梵僧以杖挑起，升云而去。
031.纵裸女战斗.txt	29	豫鄂皖边区及三省之围剿	【附记】我在文章最后消遣国民党，是有所本的。根据国民党国防部史政局《剿匪战史》，在“豫鄂皖边区及三省之围剿”中，有这样的所谓战史：
032.陶潜者，今之我也.txt	9	少时壮且厉	有人以为陶潜是山林派田园派的隐士，这是不能了解这个“少时壮且厉”“猛志逸四海”的人物的。陶潜说他自己“性刚才拙，与物多忤”，他十足是一个刚正而有火气的人，能够表现出“衣沾不足惜，但使愿无违”的决绝的人，绝不是温吞吞的家伙。他在乱世里，在积极上，没有什么作为；但在消极上，他完成了不合作主义的最伟大的身教。《晋书·陶潜传》说：
032.陶潜者，今之我也.txt	9	猛志逸四海	有人以为陶潜是山林派田园派的隐士，这是不能了解这个“少时壮且厉”“猛志逸四海”的人物的。陶潜说他自己“性刚才拙，与物多忤”，他十足是一个刚正而有火气的人，能够表现出“衣沾不足惜，但使愿无违”的决绝的人，绝不是温吞吞的家伙。他在乱世里，在积极上，没有什么作为；但在消极上，他完成了不合作主义的最伟大的身教。《晋书·陶潜传》说：
032.陶潜者，今之我也.txt	9	性刚才拙，与物多忤	有人以为陶潜是山林派田园派的隐士，这是不能了解这个“少时壮且厉”“猛志逸四海”的人物的。陶潜说他自己“性刚才拙，与物多忤”，他十足是一个刚正而有火气的人，能够表现出“衣沾不足惜，但使愿无违”的决绝的人，绝不是温吞吞的家伙。他在乱世里，在积极上，没有什么作为；但在消极上，他完成了不合作主义的最伟大的身教。《晋书·陶潜传》说：
032.陶潜者，今之我也.txt	9	衣沾不足惜，但使愿无违	有人以为陶潜是山林派田园派的隐士，这是不能了解这个“少时壮且厉”“猛志逸四海”的人物的。陶潜说他自己“性刚才拙，与物多忤”，他十足是一个刚正而有火气的人，能够表现出“衣沾不足惜，但使愿无违”的决绝的人，绝不是温吞吞的家伙。他在乱世里，在积极上，没有什么作为；但在消极上，他完成了不合作主义的最伟大的身教。《晋书·陶潜传》说：
032.陶潜者，今之我也.txt	11	聊欲弦歌，以为三径之资可乎？	以亲老家贫，起为州祭酒，不堪吏职，少日自解归。州召主簿，不就，躬耕自资，遂抱羸疾。复为镇军、建威参军，谓亲朋曰：“聊欲弦歌，以为三径之资可乎？”执事者闻之，以为彭泽令。在县公田悉令种秫谷，曰：“令吾常醉于酒足矣！”妻子固请种粳，乃使一顷五十亩种秫，五十亩种粳。素简贵，不私事上官。郡遣督邮至县，吏白应束带见之，潜叹曰：“吾不能为五斗米折腰，拳拳事乡里小人邪！”义熙二年，解印去县，乃赋《归去来》。
032.陶潜者，今之我也.txt	11	令吾常醉于酒足矣！	以亲老家贫，起为州祭酒，不堪吏职，少日自解归。州召主簿，不就，躬耕自资，遂抱羸疾。复为镇军、建威参军，谓亲朋曰：“聊欲弦歌，以为三径之资可乎？”执事者闻之，以为彭泽令。在县公田悉令种秫谷，曰：“令吾常醉于酒足矣！”妻子固请种粳，乃使一顷五十亩种秫，五十亩种粳。素简贵，不私事上官。郡遣督邮至县，吏白应束带见之，潜叹曰：“吾不能为五斗米折腰，拳拳事乡里小人邪！”义熙二年，解印去县，乃赋《归去来》。
032.陶潜者，今之我也.txt	11	吾不能为五斗米折腰，拳拳事乡里小人邪！	以亲老家贫，起为州祭酒，不堪吏职，少日自解归。州召主簿，不就，躬耕自资，遂抱羸疾。复为镇军、建威参军，谓亲朋曰：“聊欲弦歌，以为三径之资可乎？”执事者闻之，以为彭泽令。在县公田悉令种秫谷，曰：“令吾常醉于酒足矣！”妻子固请种粳，乃使一顷五十亩种秫，五十亩种粳。素简贵，不私事上官。郡遣督邮至县，吏白应束带见之，潜叹曰：“吾不能为五斗米折腰，拳拳事乡里小人邪！”义熙二年，解印去县，乃赋《归去来》。
032.陶潜者，今之我也.txt	13	不能为五斗米折腰，拳拳事乡里小人	陶潜“不能为五斗米折腰，拳拳事乡里小人”，（何法盛《晋中兴书》卷七作：“吾不能为五斗米，折腰向乡里小竖。”）显示了他根本看不起那时候的国民党（国民党在今天，只不过是“外省小人”“外省小竖”）。国民党多次拉我吃他们的“五斗米”，但是我却不肯折腰。陶潜生在现代，他的作风也必然和我一样也！
032.陶潜者，今之我也.txt	13	吾不能为五斗米，折腰向乡里小竖。	陶潜“不能为五斗米折腰，拳拳事乡里小人”，（何法盛《晋中兴书》卷七作：“吾不能为五斗米，折腰向乡里小竖。”）显示了他根本看不起那时候的国民党（国民党在今天，只不过是“外省小人”“外省小竖”）。国民党多次拉我吃他们的“五斗米”，但是我却不肯折腰。陶潜生在现代，他的作风也必然和我一样也！
032.陶潜者，今之我也.txt	13	外省小人	陶潜“不能为五斗米折腰，拳拳事乡里小人”，（何法盛《晋中兴书》卷七作：“吾不能为五斗米，折腰向乡里小竖。”）显示了他根本看不起那时候的国民党（国民党在今天，只不过是“外省小人”“外省小竖”）。国民党多次拉我吃他们的“五斗米”，但是我却不肯折腰。陶潜生在现代，他的作风也必然和我一样也！
032.陶潜者，今之我也.txt	13	外省小竖	陶潜“不能为五斗米折腰，拳拳事乡里小人”，（何法盛《晋中兴书》卷七作：“吾不能为五斗米，折腰向乡里小竖。”）显示了他根本看不起那时候的国民党（国民党在今天，只不过是“外省小人”“外省小竖”）。国民党多次拉我吃他们的“五斗米”，但是我却不肯折腰。陶潜生在现代，他的作风也必然和我一样也！
032.陶潜者，今之我也.txt	13	五斗米	陶潜“不能为五斗米折腰，拳拳事乡里小人”，（何法盛《晋中兴书》卷七作：“吾不能为五斗米，折腰向乡里小竖。”）显示了他根本看不起那时候的国民党（国民党在今天，只不过是“外省小人”“外省小竖”）。国民党多次拉我吃他们的“五斗米”，但是我却不肯折腰。陶潜生在现代，他的作风也必然和我一样也！
033.国民党和它同路人的知识水平.txt	3	手民之误	白纸黑字的错误有三种：第一种是“手民之误”，是排字先生的误植；第二种是“笔误”，是作者自己的误写，承认了也无妨，不承认，推给手民先生，当然更佳；第三种最要命，绝非“手民之误”或“笔误”，而是自己怎么赖也赖不掉的错误，这种错误，是不容分说的、没什么见仁见智的，把“冯京”写成“马凉”、把 “银河”（Milky Way）翻成“牛奶路”、把张飞大战了尉迟恭，这种粗心、这种马虎，可以被原谅，可是不能不被识者所笑、被大方之家所笑。“哀矜而勿喜”是好的，但不妨碍寻寻开心、逗个乐子，字面上戏套《诗经》的话，这叫“谑浪笑敖，中心是悼”。这篇文章，在随手举出一些国民党和它同路人的第三种错误，用来检查他们是如何不学，不学还不知藏拙，还要暴殄文字、附庸风雅。我这篇心存忠恕、文存消遣的小手笔，在用纯证据驳倒纯错误，使大家警惕一下——写文章要细心、要量力，笔杆不是那么好耍的！
033.国民党和它同路人的知识水平.txt	3	笔误	白纸黑字的错误有三种：第一种是“手民之误”，是排字先生的误植；第二种是“笔误”，是作者自己的误写，承认了也无妨，不承认，推给手民先生，当然更佳；第三种最要命，绝非“手民之误”或“笔误”，而是自己怎么赖也赖不掉的错误，这种错误，是不容分说的、没什么见仁见智的，把“冯京”写成“马凉”、把 “银河”（Milky Way）翻成“牛奶路”、把张飞大战了尉迟恭，这种粗心、这种马虎，可以被原谅，可是不能不被识者所笑、被大方之家所笑。“哀矜而勿喜”是好的，但不妨碍寻寻开心、逗个乐子，字面上戏套《诗经》的话，这叫“谑浪笑敖，中心是悼”。这篇文章，在随手举出一些国民党和它同路人的第三种错误，用来检查他们是如何不学，不学还不知藏拙，还要暴殄文字、附庸风雅。我这篇心存忠恕、文存消遣的小手笔，在用纯证据驳倒纯错误，使大家警惕一下——写文章要细心、要量力，笔杆不是那么好耍的！
033.国民党和它同路人的知识水平.txt	3	冯京	白纸黑字的错误有三种：第一种是“手民之误”，是排字先生的误植；第二种是“笔误”，是作者自己的误写，承认了也无妨，不承认，推给手民先生，当然更佳；第三种最要命，绝非“手民之误”或“笔误”，而是自己怎么赖也赖不掉的错误，这种错误，是不容分说的、没什么见仁见智的，把“冯京”写成“马凉”、把 “银河”（Milky Way）翻成“牛奶路”、把张飞大战了尉迟恭，这种粗心、这种马虎，可以被原谅，可是不能不被识者所笑、被大方之家所笑。“哀矜而勿喜”是好的，但不妨碍寻寻开心、逗个乐子，字面上戏套《诗经》的话，这叫“谑浪笑敖，中心是悼”。这篇文章，在随手举出一些国民党和它同路人的第三种错误，用来检查他们是如何不学，不学还不知藏拙，还要暴殄文字、附庸风雅。我这篇心存忠恕、文存消遣的小手笔，在用纯证据驳倒纯错误，使大家警惕一下——写文章要细心、要量力，笔杆不是那么好耍的！
033.国民党和它同路人的知识水平.txt	3	马凉	白纸黑字的错误有三种：第一种是“手民之误”，是排字先生的误植；第二种是“笔误”，是作者自己的误写，承认了也无妨，不承认，推给手民先生，当然更佳；第三种最要命，绝非“手民之误”或“笔误”，而是自己怎么赖也赖不掉的错误，这种错误，是不容分说的、没什么见仁见智的，把“冯京”写成“马凉”、把 “银河”（Milky Way）翻成“牛奶路”、把张飞大战了尉迟恭，这种粗心、这种马虎，可以被原谅，可是不能不被识者所笑、被大方之家所笑。“哀矜而勿喜”是好的，但不妨碍寻寻开心、逗个乐子，字面上戏套《诗经》的话，这叫“谑浪笑敖，中心是悼”。这篇文章，在随手举出一些国民党和它同路人的第三种错误，用来检查他们是如何不学，不学还不知藏拙，还要暴殄文字、附庸风雅。我这篇心存忠恕、文存消遣的小手笔，在用纯证据驳倒纯错误，使大家警惕一下——写文章要细心、要量力，笔杆不是那么好耍的！
033.国民党和它同路人的知识水平.txt	3	银河	白纸黑字的错误有三种：第一种是“手民之误”，是排字先生的误植；第二种是“笔误”，是作者自己的误写，承认了也无妨，不承认，推给手民先生，当然更佳；第三种最要命，绝非“手民之误”或“笔误”，而是自己怎么赖也赖不掉的错误，这种错误，是不容分说的、没什么见仁见智的，把“冯京”写成“马凉”、把 “银河”（Milky Way）翻成“牛奶路”、把张飞大战了尉迟恭，这种粗心、这种马虎，可以被原谅，可是不能不被识者所笑、被大方之家所笑。“哀矜而勿喜”是好的，但不妨碍寻寻开心、逗个乐子，字面上戏套《诗经》的话，这叫“谑浪笑敖，中心是悼”。这篇文章，在随手举出一些国民党和它同路人的第三种错误，用来检查他们是如何不学，不学还不知藏拙，还要暴殄文字、附庸风雅。我这篇心存忠恕、文存消遣的小手笔，在用纯证据驳倒纯错误，使大家警惕一下——写文章要细心、要量力，笔杆不是那么好耍的！
033.国民党和它同路人的知识水平.txt	3	牛奶路	白纸黑字的错误有三种：第一种是“手民之误”，是排字先生的误植；第二种是“笔误”，是作者自己的误写，承认了也无妨，不承认，推给手民先生，当然更佳；第三种最要命，绝非“手民之误”或“笔误”，而是自己怎么赖也赖不掉的错误，这种错误，是不容分说的、没什么见仁见智的，把“冯京”写成“马凉”、把 “银河”（Milky Way）翻成“牛奶路”、把张飞大战了尉迟恭，这种粗心、这种马虎，可以被原谅，可是不能不被识者所笑、被大方之家所笑。“哀矜而勿喜”是好的，但不妨碍寻寻开心、逗个乐子，字面上戏套《诗经》的话，这叫“谑浪笑敖，中心是悼”。这篇文章，在随手举出一些国民党和它同路人的第三种错误，用来检查他们是如何不学，不学还不知藏拙，还要暴殄文字、附庸风雅。我这篇心存忠恕、文存消遣的小手笔，在用纯证据驳倒纯错误，使大家警惕一下——写文章要细心、要量力，笔杆不是那么好耍的！
033.国民党和它同路人的知识水平.txt	3	哀矜而勿喜	白纸黑字的错误有三种：第一种是“手民之误”，是排字先生的误植；第二种是“笔误”，是作者自己的误写，承认了也无妨，不承认，推给手民先生，当然更佳；第三种最要命，绝非“手民之误”或“笔误”，而是自己怎么赖也赖不掉的错误，这种错误，是不容分说的、没什么见仁见智的，把“冯京”写成“马凉”、把 “银河”（Milky Way）翻成“牛奶路”、把张飞大战了尉迟恭，这种粗心、这种马虎，可以被原谅，可是不能不被识者所笑、被大方之家所笑。“哀矜而勿喜”是好的，但不妨碍寻寻开心、逗个乐子，字面上戏套《诗经》的话，这叫“谑浪笑敖，中心是悼”。这篇文章，在随手举出一些国民党和它同路人的第三种错误，用来检查他们是如何不学，不学还不知藏拙，还要暴殄文字、附庸风雅。我这篇心存忠恕、文存消遣的小手笔，在用纯证据驳倒纯错误，使大家警惕一下——写文章要细心、要量力，笔杆不是那么好耍的！
033.国民党和它同路人的知识水平.txt	3	谑浪笑敖，中心是悼	白纸黑字的错误有三种：第一种是“手民之误”，是排字先生的误植；第二种是“笔误”，是作者自己的误写，承认了也无妨，不承认，推给手民先生，当然更佳；第三种最要命，绝非“手民之误”或“笔误”，而是自己怎么赖也赖不掉的错误，这种错误，是不容分说的、没什么见仁见智的，把“冯京”写成“马凉”、把 “银河”（Milky Way）翻成“牛奶路”、把张飞大战了尉迟恭，这种粗心、这种马虎，可以被原谅，可是不能不被识者所笑、被大方之家所笑。“哀矜而勿喜”是好的，但不妨碍寻寻开心、逗个乐子，字面上戏套《诗经》的话，这叫“谑浪笑敖，中心是悼”。这篇文章，在随手举出一些国民党和它同路人的第三种错误，用来检查他们是如何不学，不学还不知藏拙，还要暴殄文字、附庸风雅。我这篇心存忠恕、文存消遣的小手笔，在用纯证据驳倒纯错误，使大家警惕一下——写文章要细心、要量力，笔杆不是那么好耍的！
033.国民党和它同路人的知识水平.txt	25	治科学灵感只有百分之一，而流汗（工作）是百分之九十九。	爱迪生对于全世界都有影响，所以他的百年诞辰纪念，也是全世界的纪念，我们在大陆时候也纪念过。他有一句名言也可以提一提：“治科学灵感只有百分之一，而流汗（工作）是百分之九十九。”
033.国民党和它同路人的知识水平.txt	43	文字收功，神州革命；平生自许，中国新民。	事实上，胡适挽梁启超的联原文是：“文字收功，神州革命；平生自许，中国新民。”余英时根本没有仔细看书，结果把胡适给弄成“以神道设教”的另一面人物了。
033.国民党和它同路人的知识水平.txt	43	以神道设教	事实上，胡适挽梁启超的联原文是：“文字收功，神州革命；平生自许，中国新民。”余英时根本没有仔细看书，结果把胡适给弄成“以神道设教”的另一面人物了。
033.国民党和它同路人的知识水平.txt	55	印度联邦共和国（India）政党	国民党教授郎裕宪，在《云五社会科学大辞典》第三册《政治学》中“印度联邦共和国（India）政党”条下说：
033.国民党和它同路人的知识水平.txt	65	人生太短暂，不能显得卑微。	英国的作家及政治家迪斯累里（Benjamin Disraeli）曾经说过：“人生太短暂，不能显得卑微。”这样所说的“不能显得卑微”，未必是指成大功、立大业，而是说人要活得有尊严。自卑、怯懦、嫉妒、怀恨、偏见、残忍会使人矮化，而只有超越这些不良的特质，透过信心、恒毅、谅解、慈悲及自我的接受，人才远卑微而近尊严，才能过一种自敬敬人的生活。
033.国民党和它同路人的知识水平.txt	65	不能显得卑微	英国的作家及政治家迪斯累里（Benjamin Disraeli）曾经说过：“人生太短暂，不能显得卑微。”这样所说的“不能显得卑微”，未必是指成大功、立大业，而是说人要活得有尊严。自卑、怯懦、嫉妒、怀恨、偏见、残忍会使人矮化，而只有超越这些不良的特质，透过信心、恒毅、谅解、慈悲及自我的接受，人才远卑微而近尊严，才能过一种自敬敬人的生活。
033.国民党和它同路人的知识水平.txt	73	人生自古谁无死？留取丹心照汗青！	我又在秀峰寺内，青玉岬三叠泉前面大石旁，流连了十数分钟，默想能在此大石上镌刻两句文文山的正气歌词：“人生自古谁无死？留取丹心照汗青！”原来想要师部一个参谋替我做的，想来想去，未便启口，因为这样固足表示必死决心，倘若生还，难免被人讥为沽名钓誉，军人以木讷为上，遂作罢论。
033.国民党和它同路人的知识水平.txt	75	儒将	事实上，文天祥《正气歌》中并没有这两句诗，而是他《过零丁洋》诗中才有这两句诗。这说明了，这位国民党的“儒将”，其实《正气歌》都搞不清楚。
033.国民党和它同路人的知识水平.txt	83	勇敢的	事实上，brave new world中的brave，不是“勇敢的”意思，而是“大好的”“美丽的”意思。brave new world原出自莎士比亚（Shakespeare）的《暴风雨》（The Tempest）第五幕第一景，原文是“How beauteous mankind is ! O brave new world/ That has such people in't!”（人类有多么美！啊美丽的新世界，有这样的人在里头！）后来赫胥黎（Aldous Huxley）把Brave New World作为自己的书名来用，也是指“美丽的新世界”的意思，并不是“勇敢的新世界”也。何凡不懂莎士比亚，望文生义，所以闹出笑话来了。
033.国民党和它同路人的知识水平.txt	83	大好的	事实上，brave new world中的brave，不是“勇敢的”意思，而是“大好的”“美丽的”意思。brave new world原出自莎士比亚（Shakespeare）的《暴风雨》（The Tempest）第五幕第一景，原文是“How beauteous mankind is ! O brave new world/ That has such people in't!”（人类有多么美！啊美丽的新世界，有这样的人在里头！）后来赫胥黎（Aldous Huxley）把Brave New World作为自己的书名来用，也是指“美丽的新世界”的意思，并不是“勇敢的新世界”也。何凡不懂莎士比亚，望文生义，所以闹出笑话来了。
033.国民党和它同路人的知识水平.txt	83	美丽的	事实上，brave new world中的brave，不是“勇敢的”意思，而是“大好的”“美丽的”意思。brave new world原出自莎士比亚（Shakespeare）的《暴风雨》（The Tempest）第五幕第一景，原文是“How beauteous mankind is ! O brave new world/ That has such people in't!”（人类有多么美！啊美丽的新世界，有这样的人在里头！）后来赫胥黎（Aldous Huxley）把Brave New World作为自己的书名来用，也是指“美丽的新世界”的意思，并不是“勇敢的新世界”也。何凡不懂莎士比亚，望文生义，所以闹出笑话来了。
033.国民党和它同路人的知识水平.txt	83	How beauteous mankind is ! O brave new world/ That has such people in't!	事实上，brave new world中的brave，不是“勇敢的”意思，而是“大好的”“美丽的”意思。brave new world原出自莎士比亚（Shakespeare）的《暴风雨》（The Tempest）第五幕第一景，原文是“How beauteous mankind is ! O brave new world/ That has such people in't!”（人类有多么美！啊美丽的新世界，有这样的人在里头！）后来赫胥黎（Aldous Huxley）把Brave New World作为自己的书名来用，也是指“美丽的新世界”的意思，并不是“勇敢的新世界”也。何凡不懂莎士比亚，望文生义，所以闹出笑话来了。
033.国民党和它同路人的知识水平.txt	83	美丽的新世界	事实上，brave new world中的brave，不是“勇敢的”意思，而是“大好的”“美丽的”意思。brave new world原出自莎士比亚（Shakespeare）的《暴风雨》（The Tempest）第五幕第一景，原文是“How beauteous mankind is ! O brave new world/ That has such people in't!”（人类有多么美！啊美丽的新世界，有这样的人在里头！）后来赫胥黎（Aldous Huxley）把Brave New World作为自己的书名来用，也是指“美丽的新世界”的意思，并不是“勇敢的新世界”也。何凡不懂莎士比亚，望文生义，所以闹出笑话来了。
033.国民党和它同路人的知识水平.txt	83	勇敢的新世界	事实上，brave new world中的brave，不是“勇敢的”意思，而是“大好的”“美丽的”意思。brave new world原出自莎士比亚（Shakespeare）的《暴风雨》（The Tempest）第五幕第一景，原文是“How beauteous mankind is ! O brave new world/ That has such people in't!”（人类有多么美！啊美丽的新世界，有这样的人在里头！）后来赫胥黎（Aldous Huxley）把Brave New World作为自己的书名来用，也是指“美丽的新世界”的意思，并不是“勇敢的新世界”也。何凡不懂莎士比亚，望文生义，所以闹出笑话来了。
034.再记国民党和它同路人的知识水平.txt	11	英王把苏格兰女王玛丽处死	事实上，一边说“英王把苏格兰女王玛丽处死”，一边又说“西班牙王腓力二世遂策动其妻苏格兰女王玛丽”云云，是把两个玛丽弄错成一个人了。这种菜教授，竟不知苏格兰女王玛丽（Mary, Queen of Scots）并非腓力之妻也！苏格兰女王玛丽一生三嫁，但从没嫁给过西班牙王腓力二世（Philip II of Spain），嫁给腓力二世的乃是英国女王玛丽一世（Queen Mary I of England），就是外号“血腥玛丽”（Bloody Mary）的那位，这两位玛丽，除都是狂热的天主教徒外，殊少相同之处。国民党教授如此乱来，真是“乱点鸳鸯谱”了！
034.再记国民党和它同路人的知识水平.txt	11	西班牙王腓力二世遂策动其妻苏格兰女王玛丽	事实上，一边说“英王把苏格兰女王玛丽处死”，一边又说“西班牙王腓力二世遂策动其妻苏格兰女王玛丽”云云，是把两个玛丽弄错成一个人了。这种菜教授，竟不知苏格兰女王玛丽（Mary, Queen of Scots）并非腓力之妻也！苏格兰女王玛丽一生三嫁，但从没嫁给过西班牙王腓力二世（Philip II of Spain），嫁给腓力二世的乃是英国女王玛丽一世（Queen Mary I of England），就是外号“血腥玛丽”（Bloody Mary）的那位，这两位玛丽，除都是狂热的天主教徒外，殊少相同之处。国民党教授如此乱来，真是“乱点鸳鸯谱”了！
034.再记国民党和它同路人的知识水平.txt	11	血腥玛丽	事实上，一边说“英王把苏格兰女王玛丽处死”，一边又说“西班牙王腓力二世遂策动其妻苏格兰女王玛丽”云云，是把两个玛丽弄错成一个人了。这种菜教授，竟不知苏格兰女王玛丽（Mary, Queen of Scots）并非腓力之妻也！苏格兰女王玛丽一生三嫁，但从没嫁给过西班牙王腓力二世（Philip II of Spain），嫁给腓力二世的乃是英国女王玛丽一世（Queen Mary I of England），就是外号“血腥玛丽”（Bloody Mary）的那位，这两位玛丽，除都是狂热的天主教徒外，殊少相同之处。国民党教授如此乱来，真是“乱点鸳鸯谱”了！
034.再记国民党和它同路人的知识水平.txt	11	乱点鸳鸯谱	事实上，一边说“英王把苏格兰女王玛丽处死”，一边又说“西班牙王腓力二世遂策动其妻苏格兰女王玛丽”云云，是把两个玛丽弄错成一个人了。这种菜教授，竟不知苏格兰女王玛丽（Mary, Queen of Scots）并非腓力之妻也！苏格兰女王玛丽一生三嫁，但从没嫁给过西班牙王腓力二世（Philip II of Spain），嫁给腓力二世的乃是英国女王玛丽一世（Queen Mary I of England），就是外号“血腥玛丽”（Bloody Mary）的那位，这两位玛丽，除都是狂热的天主教徒外，殊少相同之处。国民党教授如此乱来，真是“乱点鸳鸯谱”了！
034.再记国民党和它同路人的知识水平.txt	23	来函	国民党戕害人权的军法处长出身的伪君子陶百川，在1970年8月7日《大华晚报》写文引所谓石达开的诗，错误处处，经两位读者指出后，他乃在14日刊出“来函”如下：
034.再记国民党和它同路人的知识水平.txt	35	太平翼王石达开，其用兵之才，尽人知之，而不知其娴于文学也。近友人传诵其诗五章，盖曾文正曾招降彼，而彼赋此以答也。	事实上，所谓石达开的诗，最早见于梁启超的《饮冰室诗话》。诗话中说：“太平翼王石达开，其用兵之才，尽人知之，而不知其娴于文学也。近友人传诵其诗五章，盖曾文正曾招降彼，而彼赋此以答也。”其实这五首诗是梁启超为了排满而伪作的。后来高旭辑刊石达开遗诗二十五首（残山剩水楼刊本），一个晚上又伪作了二十多首，此事发生在民国前六年。最早指出石达开诗为伪作的人是罗尔纲，后来简又文采纳了这一意见，在《大风旬刊》上发表《太平天国文献赝品考》，接着柳亚子来了两篇题跋，指出梁启超与高旭是做假诗的“真凶”。这些定论，已是国学常识，可是无知的陶百川不知道，还乱引呢！
034.再记国民党和它同路人的知识水平.txt	35	真凶	事实上，所谓石达开的诗，最早见于梁启超的《饮冰室诗话》。诗话中说：“太平翼王石达开，其用兵之才，尽人知之，而不知其娴于文学也。近友人传诵其诗五章，盖曾文正曾招降彼，而彼赋此以答也。”其实这五首诗是梁启超为了排满而伪作的。后来高旭辑刊石达开遗诗二十五首（残山剩水楼刊本），一个晚上又伪作了二十多首，此事发生在民国前六年。最早指出石达开诗为伪作的人是罗尔纲，后来简又文采纳了这一意见，在《大风旬刊》上发表《太平天国文献赝品考》，接着柳亚子来了两篇题跋，指出梁启超与高旭是做假诗的“真凶”。这些定论，已是国学常识，可是无知的陶百川不知道，还乱引呢！
034.再记国民党和它同路人的知识水平.txt	41	纵浪大化中，不喜亦不惧	在朱老伯背后的那面墙上，悬挂着一幅字，龙飞凤舞的写了陶潜归去来辞中“纵浪大化中，不喜亦不惧”一句。
034.再记国民党和它同路人的知识水平.txt	43	一句	事实上，陶渊明《归去来辞》并没有这“一句”。这原是陶渊明《神释》诗中的句子。庄因是台大中文系、中文研究所毕业的，竟会闹出这样没水准的笑话，真不知道他的书是怎么念的。
035.优先反叛，干死他们.txt	17	戚戚然	可小芊在感到痛快之余，心里又有点“戚戚然”的感觉。为什么那些谈时论政谈得气象万千，品评人物品评得奔放淋漓的文字，尽出于男性笔下？久远的不说，就以这百年为例：五四时候，中国有鲁迅；六十年代，台湾有李敖；当今之势，香港也有个方卡缪。这些作者笔锋所到之处，都教人精神一振，为的是他们骂人骂得到血到肉，论事论得入情入理。
035.优先反叛，干死他们.txt	21	男子是理性的动物，女子是感性的动物	一个常见的错误假设是：“男子是理性的动物，女子是感性的动物”，于是乎，女性最适合看温情的冰心、看细致的张爱玲；男性最适合看辛辣的鲁迅、看豪情的李敖。
035.优先反叛，干死他们.txt	23	妇人之见	有此不合理逻辑存在，对女性作者的不合理要求亦随之而起。从方块文章到皇皇巨著，人们都期望女性下笔柔细，感性动人。世人只喜欢女人低徊浅诉、风花雪月；女人要是严肃地讨论问题或诚意地提出问题，注定是不受欢迎的。就以“妇人之见”这小框框为例，曾有相识的男性朋友不下一次的批评我们写得不够感性，写不出“女性的感触”来。究竟什么是“女性的感触”呢？雨、雪、雾、云、花、草、树、木、丈夫、情人、诗韵、花生漫画、云呢拿冰淇淋……这些就是“女性的感触”了吗？那么，我倒以为我们的报章副刊里实在有太多“女性感触”而独欠女性雄浑刚劲的笔锋。（1984年12月2日）
035.优先反叛，干死他们.txt	23	女性的感触	有此不合理逻辑存在，对女性作者的不合理要求亦随之而起。从方块文章到皇皇巨著，人们都期望女性下笔柔细，感性动人。世人只喜欢女人低徊浅诉、风花雪月；女人要是严肃地讨论问题或诚意地提出问题，注定是不受欢迎的。就以“妇人之见”这小框框为例，曾有相识的男性朋友不下一次的批评我们写得不够感性，写不出“女性的感触”来。究竟什么是“女性的感触”呢？雨、雪、雾、云、花、草、树、木、丈夫、情人、诗韵、花生漫画、云呢拿冰淇淋……这些就是“女性的感触”了吗？那么，我倒以为我们的报章副刊里实在有太多“女性感触”而独欠女性雄浑刚劲的笔锋。（1984年12月2日）
035.优先反叛，干死他们.txt	23	女性感触	有此不合理逻辑存在，对女性作者的不合理要求亦随之而起。从方块文章到皇皇巨著，人们都期望女性下笔柔细，感性动人。世人只喜欢女人低徊浅诉、风花雪月；女人要是严肃地讨论问题或诚意地提出问题，注定是不受欢迎的。就以“妇人之见”这小框框为例，曾有相识的男性朋友不下一次的批评我们写得不够感性，写不出“女性的感触”来。究竟什么是“女性的感触”呢？雨、雪、雾、云、花、草、树、木、丈夫、情人、诗韵、花生漫画、云呢拿冰淇淋……这些就是“女性的感触”了吗？那么，我倒以为我们的报章副刊里实在有太多“女性感触”而独欠女性雄浑刚劲的笔锋。（1984年12月2日）
035.优先反叛，干死他们.txt	29	李敖大人	你寄给我的信和剪报早就收到了，可是一直神忙，直到今天才写这封信。不过信虽没回，倒时常见到你的新闻，也常常在散步时，路过你家。我散步时，为防国特与国特派出的竹联帮等暗算，总是改变路线，出没无常，行踪靡定，有时路过你家，总想到你们一对优秀的姐妹和以前在你家大家聊天吃饭的情景（尤其是席德进为我画像那一次）。可惜我已退出这种聚会和交游，变成了孤僻的隐而不退的“李敖大人”。郑玄注《礼记》，有句曰“辉光于外而形体不见”，正本大人之谓也！
035.优先反叛，干死他们.txt	29	辉光于外而形体不见	你寄给我的信和剪报早就收到了，可是一直神忙，直到今天才写这封信。不过信虽没回，倒时常见到你的新闻，也常常在散步时，路过你家。我散步时，为防国特与国特派出的竹联帮等暗算，总是改变路线，出没无常，行踪靡定，有时路过你家，总想到你们一对优秀的姐妹和以前在你家大家聊天吃饭的情景（尤其是席德进为我画像那一次）。可惜我已退出这种聚会和交游，变成了孤僻的隐而不退的“李敖大人”。郑玄注《礼记》，有句曰“辉光于外而形体不见”，正本大人之谓也！
035.优先反叛，干死他们.txt	31	毒素意识	今晚得便，看了屠申虹的《〈暗夜〉，〈杀夫〉》，觉得申虹毕竟是搞政战出身的，一下笔就提防“毒素意识”、提防“盒子里的毒菌”，把我们李家妹妹的“语文暴力”如是观，真是去文学角度远矣！申虹说你的《杀夫》，是“仿冒”陈定山《春申旧闻》中的一则“掌故轶事”，但莎士比亚全部剧作，无一不是“仿冒”当时的“英伦旧闻”，此又何说乎？虽然如此，申虹的某些看法也不无可供你做“反面教材”的参考。依我看来，你的问题似乎在反叛性不够、反叛面太窄，这个地区的文宣人马能够同你相处甚得，就是证明，如你的反叛性真的够了、反叛面真的宽了，他们一定不容忍你。而文艺工作者做到了不为当道所容，毋宁才是自己的大成功。台湾的文艺工作者的普遍悲剧是跟国民党关系太好或相安无事，这是要不得的，盼你在这方面优先反叛，干死他们，这样才好呀！
035.优先反叛，干死他们.txt	31	盒子里的毒菌	今晚得便，看了屠申虹的《〈暗夜〉，〈杀夫〉》，觉得申虹毕竟是搞政战出身的，一下笔就提防“毒素意识”、提防“盒子里的毒菌”，把我们李家妹妹的“语文暴力”如是观，真是去文学角度远矣！申虹说你的《杀夫》，是“仿冒”陈定山《春申旧闻》中的一则“掌故轶事”，但莎士比亚全部剧作，无一不是“仿冒”当时的“英伦旧闻”，此又何说乎？虽然如此，申虹的某些看法也不无可供你做“反面教材”的参考。依我看来，你的问题似乎在反叛性不够、反叛面太窄，这个地区的文宣人马能够同你相处甚得，就是证明，如你的反叛性真的够了、反叛面真的宽了，他们一定不容忍你。而文艺工作者做到了不为当道所容，毋宁才是自己的大成功。台湾的文艺工作者的普遍悲剧是跟国民党关系太好或相安无事，这是要不得的，盼你在这方面优先反叛，干死他们，这样才好呀！
035.优先反叛，干死他们.txt	31	语文暴力	今晚得便，看了屠申虹的《〈暗夜〉，〈杀夫〉》，觉得申虹毕竟是搞政战出身的，一下笔就提防“毒素意识”、提防“盒子里的毒菌”，把我们李家妹妹的“语文暴力”如是观，真是去文学角度远矣！申虹说你的《杀夫》，是“仿冒”陈定山《春申旧闻》中的一则“掌故轶事”，但莎士比亚全部剧作，无一不是“仿冒”当时的“英伦旧闻”，此又何说乎？虽然如此，申虹的某些看法也不无可供你做“反面教材”的参考。依我看来，你的问题似乎在反叛性不够、反叛面太窄，这个地区的文宣人马能够同你相处甚得，就是证明，如你的反叛性真的够了、反叛面真的宽了，他们一定不容忍你。而文艺工作者做到了不为当道所容，毋宁才是自己的大成功。台湾的文艺工作者的普遍悲剧是跟国民党关系太好或相安无事，这是要不得的，盼你在这方面优先反叛，干死他们，这样才好呀！
035.优先反叛，干死他们.txt	31	仿冒	今晚得便，看了屠申虹的《〈暗夜〉，〈杀夫〉》，觉得申虹毕竟是搞政战出身的，一下笔就提防“毒素意识”、提防“盒子里的毒菌”，把我们李家妹妹的“语文暴力”如是观，真是去文学角度远矣！申虹说你的《杀夫》，是“仿冒”陈定山《春申旧闻》中的一则“掌故轶事”，但莎士比亚全部剧作，无一不是“仿冒”当时的“英伦旧闻”，此又何说乎？虽然如此，申虹的某些看法也不无可供你做“反面教材”的参考。依我看来，你的问题似乎在反叛性不够、反叛面太窄，这个地区的文宣人马能够同你相处甚得，就是证明，如你的反叛性真的够了、反叛面真的宽了，他们一定不容忍你。而文艺工作者做到了不为当道所容，毋宁才是自己的大成功。台湾的文艺工作者的普遍悲剧是跟国民党关系太好或相安无事，这是要不得的，盼你在这方面优先反叛，干死他们，这样才好呀！
035.优先反叛，干死他们.txt	31	掌故轶事	今晚得便，看了屠申虹的《〈暗夜〉，〈杀夫〉》，觉得申虹毕竟是搞政战出身的，一下笔就提防“毒素意识”、提防“盒子里的毒菌”，把我们李家妹妹的“语文暴力”如是观，真是去文学角度远矣！申虹说你的《杀夫》，是“仿冒”陈定山《春申旧闻》中的一则“掌故轶事”，但莎士比亚全部剧作，无一不是“仿冒”当时的“英伦旧闻”，此又何说乎？虽然如此，申虹的某些看法也不无可供你做“反面教材”的参考。依我看来，你的问题似乎在反叛性不够、反叛面太窄，这个地区的文宣人马能够同你相处甚得，就是证明，如你的反叛性真的够了、反叛面真的宽了，他们一定不容忍你。而文艺工作者做到了不为当道所容，毋宁才是自己的大成功。台湾的文艺工作者的普遍悲剧是跟国民党关系太好或相安无事，这是要不得的，盼你在这方面优先反叛，干死他们，这样才好呀！
035.优先反叛，干死他们.txt	31	英伦旧闻	今晚得便，看了屠申虹的《〈暗夜〉，〈杀夫〉》，觉得申虹毕竟是搞政战出身的，一下笔就提防“毒素意识”、提防“盒子里的毒菌”，把我们李家妹妹的“语文暴力”如是观，真是去文学角度远矣！申虹说你的《杀夫》，是“仿冒”陈定山《春申旧闻》中的一则“掌故轶事”，但莎士比亚全部剧作，无一不是“仿冒”当时的“英伦旧闻”，此又何说乎？虽然如此，申虹的某些看法也不无可供你做“反面教材”的参考。依我看来，你的问题似乎在反叛性不够、反叛面太窄，这个地区的文宣人马能够同你相处甚得，就是证明，如你的反叛性真的够了、反叛面真的宽了，他们一定不容忍你。而文艺工作者做到了不为当道所容，毋宁才是自己的大成功。台湾的文艺工作者的普遍悲剧是跟国民党关系太好或相安无事，这是要不得的，盼你在这方面优先反叛，干死他们，这样才好呀！
035.优先反叛，干死他们.txt	31	反面教材	今晚得便，看了屠申虹的《〈暗夜〉，〈杀夫〉》，觉得申虹毕竟是搞政战出身的，一下笔就提防“毒素意识”、提防“盒子里的毒菌”，把我们李家妹妹的“语文暴力”如是观，真是去文学角度远矣！申虹说你的《杀夫》，是“仿冒”陈定山《春申旧闻》中的一则“掌故轶事”，但莎士比亚全部剧作，无一不是“仿冒”当时的“英伦旧闻”，此又何说乎？虽然如此，申虹的某些看法也不无可供你做“反面教材”的参考。依我看来，你的问题似乎在反叛性不够、反叛面太窄，这个地区的文宣人马能够同你相处甚得，就是证明，如你的反叛性真的够了、反叛面真的宽了，他们一定不容忍你。而文艺工作者做到了不为当道所容，毋宁才是自己的大成功。台湾的文艺工作者的普遍悲剧是跟国民党关系太好或相安无事，这是要不得的，盼你在这方面优先反叛，干死他们，这样才好呀！
036.李老哥手复.txt	9	曲护回庇	逗完乐子，言归正传。你说我“曲护回庇”“李家妹子”，说我“呵护过甚，大有重色轻友之嫌”，实不公允。因我一直主张是非挂帅，以不怕得罪人自豪，如我对某人有所保护，一定是先在是非上站得住，我才保护之，除此以外，我绝不牺牲主张保护人。即以我上次写《优先反叛，干死他们》为例，你对李昂的打击面甚广，但我只就“文学角度”一面，对你老弟有所轻怒薄怨而已，我说申虹毕竟是搞政战出身的，一下笔就提防“毒素意识”、提防“盒子里的毒菌”，把我们李家妹妹的“语文暴力”如是观，真是去文学角度远矣！申虹说《杀夫》是“仿冒”陈定山《春申旧闻》中的一则“掌故轶事”，但莎士比亚全部剧作，无一不是“仿冒”当时的“英伦旧闻”，此又何说乎？我这番主张，至今未变，即以你老弟这次来信为例，你口口声声说的，其实多在“修辞学”部分，仍不在“文学角度”部分。“李家妹妹”的中文当然没有“李家哥哥”好，但对整个“文学角度”，并非致命大碍。莎士比亚的英文原文，今日读之，可议之处，并非没有...
036.李老哥手复.txt	9	李家妹子	逗完乐子，言归正传。你说我“曲护回庇”“李家妹子”，说我“呵护过甚，大有重色轻友之嫌”，实不公允。因我一直主张是非挂帅，以不怕得罪人自豪，如我对某人有所保护，一定是先在是非上站得住，我才保护之，除此以外，我绝不牺牲主张保护人。即以我上次写《优先反叛，干死他们》为例，你对李昂的打击面甚广，但我只就“文学角度”一面，对你老弟有所轻怒薄怨而已，我说申虹毕竟是搞政战出身的，一下笔就提防“毒素意识”、提防“盒子里的毒菌”，把我们李家妹妹的“语文暴力”如是观，真是去文学角度远矣！申虹说《杀夫》是“仿冒”陈定山《春申旧闻》中的一则“掌故轶事”，但莎士比亚全部剧作，无一不是“仿冒”当时的“英伦旧闻”，此又何说乎？我这番主张，至今未变，即以你老弟这次来信为例，你口口声声说的，其实多在“修辞学”部分，仍不在“文学角度”部分。“李家妹妹”的中文当然没有“李家哥哥”好，但对整个“文学角度”，并非致命大碍。莎士比亚的英文原文，今日读之，可议之处，并非没有...
036.李老哥手复.txt	9	呵护过甚，大有重色轻友之嫌	逗完乐子，言归正传。你说我“曲护回庇”“李家妹子”，说我“呵护过甚，大有重色轻友之嫌”，实不公允。因我一直主张是非挂帅，以不怕得罪人自豪，如我对某人有所保护，一定是先在是非上站得住，我才保护之，除此以外，我绝不牺牲主张保护人。即以我上次写《优先反叛，干死他们》为例，你对李昂的打击面甚广，但我只就“文学角度”一面，对你老弟有所轻怒薄怨而已，我说申虹毕竟是搞政战出身的，一下笔就提防“毒素意识”、提防“盒子里的毒菌”，把我们李家妹妹的“语文暴力”如是观，真是去文学角度远矣！申虹说《杀夫》是“仿冒”陈定山《春申旧闻》中的一则“掌故轶事”，但莎士比亚全部剧作，无一不是“仿冒”当时的“英伦旧闻”，此又何说乎？我这番主张，至今未变，即以你老弟这次来信为例，你口口声声说的，其实多在“修辞学”部分，仍不在“文学角度”部分。“李家妹妹”的中文当然没有“李家哥哥”好，但对整个“文学角度”，并非致命大碍。莎士比亚的英文原文，今日读之，可议之处，并非没有...
036.李老哥手复.txt	9	文学角度	逗完乐子，言归正传。你说我“曲护回庇”“李家妹子”，说我“呵护过甚，大有重色轻友之嫌”，实不公允。因我一直主张是非挂帅，以不怕得罪人自豪，如我对某人有所保护，一定是先在是非上站得住，我才保护之，除此以外，我绝不牺牲主张保护人。即以我上次写《优先反叛，干死他们》为例，你对李昂的打击面甚广，但我只就“文学角度”一面，对你老弟有所轻怒薄怨而已，我说申虹毕竟是搞政战出身的，一下笔就提防“毒素意识”、提防“盒子里的毒菌”，把我们李家妹妹的“语文暴力”如是观，真是去文学角度远矣！申虹说《杀夫》是“仿冒”陈定山《春申旧闻》中的一则“掌故轶事”，但莎士比亚全部剧作，无一不是“仿冒”当时的“英伦旧闻”，此又何说乎？我这番主张，至今未变，即以你老弟这次来信为例，你口口声声说的，其实多在“修辞学”部分，仍不在“文学角度”部分。“李家妹妹”的中文当然没有“李家哥哥”好，但对整个“文学角度”，并非致命大碍。莎士比亚的英文原文，今日读之，可议之处，并非没有...
036.李老哥手复.txt	9	毒素意识	逗完乐子，言归正传。你说我“曲护回庇”“李家妹子”，说我“呵护过甚，大有重色轻友之嫌”，实不公允。因我一直主张是非挂帅，以不怕得罪人自豪，如我对某人有所保护，一定是先在是非上站得住，我才保护之，除此以外，我绝不牺牲主张保护人。即以我上次写《优先反叛，干死他们》为例，你对李昂的打击面甚广，但我只就“文学角度”一面，对你老弟有所轻怒薄怨而已，我说申虹毕竟是搞政战出身的，一下笔就提防“毒素意识”、提防“盒子里的毒菌”，把我们李家妹妹的“语文暴力”如是观，真是去文学角度远矣！申虹说《杀夫》是“仿冒”陈定山《春申旧闻》中的一则“掌故轶事”，但莎士比亚全部剧作，无一不是“仿冒”当时的“英伦旧闻”，此又何说乎？我这番主张，至今未变，即以你老弟这次来信为例，你口口声声说的，其实多在“修辞学”部分，仍不在“文学角度”部分。“李家妹妹”的中文当然没有“李家哥哥”好，但对整个“文学角度”，并非致命大碍。莎士比亚的英文原文，今日读之，可议之处，并非没有...
036.李老哥手复.txt	9	盒子里的毒菌	逗完乐子，言归正传。你说我“曲护回庇”“李家妹子”，说我“呵护过甚，大有重色轻友之嫌”，实不公允。因我一直主张是非挂帅，以不怕得罪人自豪，如我对某人有所保护，一定是先在是非上站得住，我才保护之，除此以外，我绝不牺牲主张保护人。即以我上次写《优先反叛，干死他们》为例，你对李昂的打击面甚广，但我只就“文学角度”一面，对你老弟有所轻怒薄怨而已，我说申虹毕竟是搞政战出身的，一下笔就提防“毒素意识”、提防“盒子里的毒菌”，把我们李家妹妹的“语文暴力”如是观，真是去文学角度远矣！申虹说《杀夫》是“仿冒”陈定山《春申旧闻》中的一则“掌故轶事”，但莎士比亚全部剧作，无一不是“仿冒”当时的“英伦旧闻”，此又何说乎？我这番主张，至今未变，即以你老弟这次来信为例，你口口声声说的，其实多在“修辞学”部分，仍不在“文学角度”部分。“李家妹妹”的中文当然没有“李家哥哥”好，但对整个“文学角度”，并非致命大碍。莎士比亚的英文原文，今日读之，可议之处，并非没有...
036.李老哥手复.txt	9	语文暴力	逗完乐子，言归正传。你说我“曲护回庇”“李家妹子”，说我“呵护过甚，大有重色轻友之嫌”，实不公允。因我一直主张是非挂帅，以不怕得罪人自豪，如我对某人有所保护，一定是先在是非上站得住，我才保护之，除此以外，我绝不牺牲主张保护人。即以我上次写《优先反叛，干死他们》为例，你对李昂的打击面甚广，但我只就“文学角度”一面，对你老弟有所轻怒薄怨而已，我说申虹毕竟是搞政战出身的，一下笔就提防“毒素意识”、提防“盒子里的毒菌”，把我们李家妹妹的“语文暴力”如是观，真是去文学角度远矣！申虹说《杀夫》是“仿冒”陈定山《春申旧闻》中的一则“掌故轶事”，但莎士比亚全部剧作，无一不是“仿冒”当时的“英伦旧闻”，此又何说乎？我这番主张，至今未变，即以你老弟这次来信为例，你口口声声说的，其实多在“修辞学”部分，仍不在“文学角度”部分。“李家妹妹”的中文当然没有“李家哥哥”好，但对整个“文学角度”，并非致命大碍。莎士比亚的英文原文，今日读之，可议之处，并非没有...
036.李老哥手复.txt	9	仿冒	逗完乐子，言归正传。你说我“曲护回庇”“李家妹子”，说我“呵护过甚，大有重色轻友之嫌”，实不公允。因我一直主张是非挂帅，以不怕得罪人自豪，如我对某人有所保护，一定是先在是非上站得住，我才保护之，除此以外，我绝不牺牲主张保护人。即以我上次写《优先反叛，干死他们》为例，你对李昂的打击面甚广，但我只就“文学角度”一面，对你老弟有所轻怒薄怨而已，我说申虹毕竟是搞政战出身的，一下笔就提防“毒素意识”、提防“盒子里的毒菌”，把我们李家妹妹的“语文暴力”如是观，真是去文学角度远矣！申虹说《杀夫》是“仿冒”陈定山《春申旧闻》中的一则“掌故轶事”，但莎士比亚全部剧作，无一不是“仿冒”当时的“英伦旧闻”，此又何说乎？我这番主张，至今未变，即以你老弟这次来信为例，你口口声声说的，其实多在“修辞学”部分，仍不在“文学角度”部分。“李家妹妹”的中文当然没有“李家哥哥”好，但对整个“文学角度”，并非致命大碍。莎士比亚的英文原文，今日读之，可议之处，并非没有...
036.李老哥手复.txt	9	掌故轶事	逗完乐子，言归正传。你说我“曲护回庇”“李家妹子”，说我“呵护过甚，大有重色轻友之嫌”，实不公允。因我一直主张是非挂帅，以不怕得罪人自豪，如我对某人有所保护，一定是先在是非上站得住，我才保护之，除此以外，我绝不牺牲主张保护人。即以我上次写《优先反叛，干死他们》为例，你对李昂的打击面甚广，但我只就“文学角度”一面，对你老弟有所轻怒薄怨而已，我说申虹毕竟是搞政战出身的，一下笔就提防“毒素意识”、提防“盒子里的毒菌”，把我们李家妹妹的“语文暴力”如是观，真是去文学角度远矣！申虹说《杀夫》是“仿冒”陈定山《春申旧闻》中的一则“掌故轶事”，但莎士比亚全部剧作，无一不是“仿冒”当时的“英伦旧闻”，此又何说乎？我这番主张，至今未变，即以你老弟这次来信为例，你口口声声说的，其实多在“修辞学”部分，仍不在“文学角度”部分。“李家妹妹”的中文当然没有“李家哥哥”好，但对整个“文学角度”，并非致命大碍。莎士比亚的英文原文，今日读之，可议之处，并非没有...
036.李老哥手复.txt	9	英伦旧闻	逗完乐子，言归正传。你说我“曲护回庇”“李家妹子”，说我“呵护过甚，大有重色轻友之嫌”，实不公允。因我一直主张是非挂帅，以不怕得罪人自豪，如我对某人有所保护，一定是先在是非上站得住，我才保护之，除此以外，我绝不牺牲主张保护人。即以我上次写《优先反叛，干死他们》为例，你对李昂的打击面甚广，但我只就“文学角度”一面，对你老弟有所轻怒薄怨而已，我说申虹毕竟是搞政战出身的，一下笔就提防“毒素意识”、提防“盒子里的毒菌”，把我们李家妹妹的“语文暴力”如是观，真是去文学角度远矣！申虹说《杀夫》是“仿冒”陈定山《春申旧闻》中的一则“掌故轶事”，但莎士比亚全部剧作，无一不是“仿冒”当时的“英伦旧闻”，此又何说乎？我这番主张，至今未变，即以你老弟这次来信为例，你口口声声说的，其实多在“修辞学”部分，仍不在“文学角度”部分。“李家妹妹”的中文当然没有“李家哥哥”好，但对整个“文学角度”，并非致命大碍。莎士比亚的英文原文，今日读之，可议之处，并非没有...
036.李老哥手复.txt	9	修辞学	逗完乐子，言归正传。你说我“曲护回庇”“李家妹子”，说我“呵护过甚，大有重色轻友之嫌”，实不公允。因我一直主张是非挂帅，以不怕得罪人自豪，如我对某人有所保护，一定是先在是非上站得住，我才保护之，除此以外，我绝不牺牲主张保护人。即以我上次写《优先反叛，干死他们》为例，你对李昂的打击面甚广，但我只就“文学角度”一面，对你老弟有所轻怒薄怨而已，我说申虹毕竟是搞政战出身的，一下笔就提防“毒素意识”、提防“盒子里的毒菌”，把我们李家妹妹的“语文暴力”如是观，真是去文学角度远矣！申虹说《杀夫》是“仿冒”陈定山《春申旧闻》中的一则“掌故轶事”，但莎士比亚全部剧作，无一不是“仿冒”当时的“英伦旧闻”，此又何说乎？我这番主张，至今未变，即以你老弟这次来信为例，你口口声声说的，其实多在“修辞学”部分，仍不在“文学角度”部分。“李家妹妹”的中文当然没有“李家哥哥”好，但对整个“文学角度”，并非致命大碍。莎士比亚的英文原文，今日读之，可议之处，并非没有...
036.李老哥手复.txt	9	李家妹妹	逗完乐子，言归正传。你说我“曲护回庇”“李家妹子”，说我“呵护过甚，大有重色轻友之嫌”，实不公允。因我一直主张是非挂帅，以不怕得罪人自豪，如我对某人有所保护，一定是先在是非上站得住，我才保护之，除此以外，我绝不牺牲主张保护人。即以我上次写《优先反叛，干死他们》为例，你对李昂的打击面甚广，但我只就“文学角度”一面，对你老弟有所轻怒薄怨而已，我说申虹毕竟是搞政战出身的，一下笔就提防“毒素意识”、提防“盒子里的毒菌”，把我们李家妹妹的“语文暴力”如是观，真是去文学角度远矣！申虹说《杀夫》是“仿冒”陈定山《春申旧闻》中的一则“掌故轶事”，但莎士比亚全部剧作，无一不是“仿冒”当时的“英伦旧闻”，此又何说乎？我这番主张，至今未变，即以你老弟这次来信为例，你口口声声说的，其实多在“修辞学”部分，仍不在“文学角度”部分。“李家妹妹”的中文当然没有“李家哥哥”好，但对整个“文学角度”，并非致命大碍。莎士比亚的英文原文，今日读之，可议之处，并非没有...
036.李老哥手复.txt	9	李家哥哥	逗完乐子，言归正传。你说我“曲护回庇”“李家妹子”，说我“呵护过甚，大有重色轻友之嫌”，实不公允。因我一直主张是非挂帅，以不怕得罪人自豪，如我对某人有所保护，一定是先在是非上站得住，我才保护之，除此以外，我绝不牺牲主张保护人。即以我上次写《优先反叛，干死他们》为例，你对李昂的打击面甚广，但我只就“文学角度”一面，对你老弟有所轻怒薄怨而已，我说申虹毕竟是搞政战出身的，一下笔就提防“毒素意识”、提防“盒子里的毒菌”，把我们李家妹妹的“语文暴力”如是观，真是去文学角度远矣！申虹说《杀夫》是“仿冒”陈定山《春申旧闻》中的一则“掌故轶事”，但莎士比亚全部剧作，无一不是“仿冒”当时的“英伦旧闻”，此又何说乎？我这番主张，至今未变，即以你老弟这次来信为例，你口口声声说的，其实多在“修辞学”部分，仍不在“文学角度”部分。“李家妹妹”的中文当然没有“李家哥哥”好，但对整个“文学角度”，并非致命大碍。莎士比亚的英文原文，今日读之，可议之处，并非没有...
036.李老哥手复.txt	11	一份名单	至于你老弟叫我开“一份名单”，说：“凡对老哥情有所钟的小姐，我可以避而不碰。”你可真该打！第一，只要基于事实，任何人都可以被批评，包括任何小姐。我们不可因怕得罪人而不说话。第二，你的“惜玉怜香”“重色轻友”“情有所钟”云云，全是胡扯。下笔不就事论事，扯这些全非事实的题外话，此真政工积习也，务请痛改！第三，请相信人间仍有单纯的正义与友情，我对李 昂的支持，恰属此类。
036.李老哥手复.txt	11	凡对老哥情有所钟的小姐，我可以避而不碰。	至于你老弟叫我开“一份名单”，说：“凡对老哥情有所钟的小姐，我可以避而不碰。”你可真该打！第一，只要基于事实，任何人都可以被批评，包括任何小姐。我们不可因怕得罪人而不说话。第二，你的“惜玉怜香”“重色轻友”“情有所钟”云云，全是胡扯。下笔不就事论事，扯这些全非事实的题外话，此真政工积习也，务请痛改！第三，请相信人间仍有单纯的正义与友情，我对李 昂的支持，恰属此类。
036.李老哥手复.txt	11	惜玉怜香	至于你老弟叫我开“一份名单”，说：“凡对老哥情有所钟的小姐，我可以避而不碰。”你可真该打！第一，只要基于事实，任何人都可以被批评，包括任何小姐。我们不可因怕得罪人而不说话。第二，你的“惜玉怜香”“重色轻友”“情有所钟”云云，全是胡扯。下笔不就事论事，扯这些全非事实的题外话，此真政工积习也，务请痛改！第三，请相信人间仍有单纯的正义与友情，我对李 昂的支持，恰属此类。
036.李老哥手复.txt	11	重色轻友	至于你老弟叫我开“一份名单”，说：“凡对老哥情有所钟的小姐，我可以避而不碰。”你可真该打！第一，只要基于事实，任何人都可以被批评，包括任何小姐。我们不可因怕得罪人而不说话。第二，你的“惜玉怜香”“重色轻友”“情有所钟”云云，全是胡扯。下笔不就事论事，扯这些全非事实的题外话，此真政工积习也，务请痛改！第三，请相信人间仍有单纯的正义与友情，我对李 昂的支持，恰属此类。
036.李老哥手复.txt	11	情有所钟	至于你老弟叫我开“一份名单”，说：“凡对老哥情有所钟的小姐，我可以避而不碰。”你可真该打！第一，只要基于事实，任何人都可以被批评，包括任何小姐。我们不可因怕得罪人而不说话。第二，你的“惜玉怜香”“重色轻友”“情有所钟”云云，全是胡扯。下笔不就事论事，扯这些全非事实的题外话，此真政工积习也，务请痛改！第三，请相信人间仍有单纯的正义与友情，我对李 昂的支持，恰属此类。
037.“燕京大学新闻系毕业”？.txt	21	金钟罩	因此，人活在今天，一面天天为排山倒海而来的新鲜资讯所困；一面又要想办法练成一身防止劣信（Bad Faith）侵入心房的“金钟罩”功夫，至少要设法从沉思中训练“明辨”的能力。这样，才能清醒、无误的走完一生。如果已经是一位知识分子，并经常制造资讯，不妨牢记两千多年前孟子说过的八个字：
037.“燕京大学新闻系毕业”？.txt	21	明辨	因此，人活在今天，一面天天为排山倒海而来的新鲜资讯所困；一面又要想办法练成一身防止劣信（Bad Faith）侵入心房的“金钟罩”功夫，至少要设法从沉思中训练“明辨”的能力。这样，才能清醒、无误的走完一生。如果已经是一位知识分子，并经常制造资讯，不妨牢记两千多年前孟子说过的八个字：
038.吴心柳冒充大学毕业.txt	15	天津工商大学	所谓“天津工商大学”，其实也是吴心柳冒充的，因为并没有这种名称的学校，有的只是“天津工商学院”而已。据1948年12月教育部教育年鉴编纂委员会编纂的《第二次中国教育年鉴》，“私立天津工商学院”院址在天津市第十区马场道，院长是刘乃仁。“该院于民国十二年成立预科，十四年成立工、商两科，十九年奉令停办预科，改设高级中学。二十二年8月经教育部批准立案。二十六年秋部令工科分为土木系、建筑系。商科分为会计财政系、国际贸易系，三十二年添设文学院，内分国文系及西语系。三十四年秋又添设家政系及史地系。三十五年秋更在工科添设机械系，在商科添设工商管理系，现有三院十系。”这学校的规模很小，三十六学年度第一学期教员九十一人，职员二十人，学生不过七百六十一人。图书设备也很差，外文书只33631册，中文书只21369册，合计55000册。还没我李敖一个人书多呢！
038.吴心柳冒充大学毕业.txt	15	天津工商学院	所谓“天津工商大学”，其实也是吴心柳冒充的，因为并没有这种名称的学校，有的只是“天津工商学院”而已。据1948年12月教育部教育年鉴编纂委员会编纂的《第二次中国教育年鉴》，“私立天津工商学院”院址在天津市第十区马场道，院长是刘乃仁。“该院于民国十二年成立预科，十四年成立工、商两科，十九年奉令停办预科，改设高级中学。二十二年8月经教育部批准立案。二十六年秋部令工科分为土木系、建筑系。商科分为会计财政系、国际贸易系，三十二年添设文学院，内分国文系及西语系。三十四年秋又添设家政系及史地系。三十五年秋更在工科添设机械系，在商科添设工商管理系，现有三院十系。”这学校的规模很小，三十六学年度第一学期教员九十一人，职员二十人，学生不过七百六十一人。图书设备也很差，外文书只33631册，中文书只21369册，合计55000册。还没我李敖一个人书多呢！
038.吴心柳冒充大学毕业.txt	15	私立天津工商学院	所谓“天津工商大学”，其实也是吴心柳冒充的，因为并没有这种名称的学校，有的只是“天津工商学院”而已。据1948年12月教育部教育年鉴编纂委员会编纂的《第二次中国教育年鉴》，“私立天津工商学院”院址在天津市第十区马场道，院长是刘乃仁。“该院于民国十二年成立预科，十四年成立工、商两科，十九年奉令停办预科，改设高级中学。二十二年8月经教育部批准立案。二十六年秋部令工科分为土木系、建筑系。商科分为会计财政系、国际贸易系，三十二年添设文学院，内分国文系及西语系。三十四年秋又添设家政系及史地系。三十五年秋更在工科添设机械系，在商科添设工商管理系，现有三院十系。”这学校的规模很小，三十六学年度第一学期教员九十一人，职员二十人，学生不过七百六十一人。图书设备也很差，外文书只33631册，中文书只21369册，合计55000册。还没我李敖一个人书多呢！
038.吴心柳冒充大学毕业.txt	15	该院于民国十二年成立预科，十四年成立工、商两科，十九年奉令停办预科，改设高级中学。二十二年8月经教育部批准立案。二十六年秋部令工科分为土木系、建筑系。商科分为会计财政系、国际贸易系，三十二年添设文学院，内分国文系及西语系。三十四年秋又添设家政系及史地系。三十五年秋更在工科添设机械系，在商科添设工商管理系，现有三院十系。	所谓“天津工商大学”，其实也是吴心柳冒充的，因为并没有这种名称的学校，有的只是“天津工商学院”而已。据1948年12月教育部教育年鉴编纂委员会编纂的《第二次中国教育年鉴》，“私立天津工商学院”院址在天津市第十区马场道，院长是刘乃仁。“该院于民国十二年成立预科，十四年成立工、商两科，十九年奉令停办预科，改设高级中学。二十二年8月经教育部批准立案。二十六年秋部令工科分为土木系、建筑系。商科分为会计财政系、国际贸易系，三十二年添设文学院，内分国文系及西语系。三十四年秋又添设家政系及史地系。三十五年秋更在工科添设机械系，在商科添设工商管理系，现有三院十系。”这学校的规模很小，三十六学年度第一学期教员九十一人，职员二十人，学生不过七百六十一人。图书设备也很差，外文书只33631册，中文书只21369册，合计55000册。还没我李敖一个人书多呢！
038.吴心柳冒充大学毕业.txt	17	天津工商大学	天津的大学只有两个，一个是张伯苓的南开大学、一个是张含英的北洋大学，都是国立的。所以所谓“天津工商大学”，根本是子虚乌有的鬼学府！吴心柳为了虚张声势，竟在进中央社时，把天津一家小私立学院，蒙混升级为大学，这种行为岂不太可笑了吗？
039.童子功加老子功.txt	7	我早在小学初中期间，就决定了我一生中想要做的一种人，今昔并无不同。我的志愿在用文字救世、鼓动风潮、关切苍生，我最看不起知识分子逃避现实。	上月30日晚上，王杏庆偕同香港的黎则奋（即方卡缪）、张小姐来访问我。则奋问我一生中在志愿方面今昔有什么不同没有，我说：“我早在小学初中期间，就决定了我一生中想要做的一种人，今昔并无不同。我的志愿在用文字救世、鼓动风潮、关切苍生，我最看不起知识分子逃避现实。”正因为我这一志愿下得很早，所以，我的许多文章都是早就蓄意要写了的，准备过程，有的也日积月累得盖有年矣，人们看李敖文章，惊叹于文章的体大思精、资料渊博，却不知道这是我多年练就的童子功加老子功，绝非幸致，更绝非今天加入什么党外编联会就以为会写文章的数典忘祖之徒所可企及（今天这些党外杂碎，头一天还做骗子、做瘪三、借钱不还、退票无信呢，第二天就打着党外旗号，摇身一变坐直升机蹿入党外矣！党外被这些品格极坏的小子们掺入，洁身之士当然是羞与为伍的！）。
039.童子功加老子功.txt	13	刻才及数篇，杜子手之而笑。客或问：‘翁何笑？’杜子曰：‘昔范詹事自赞其后汉书为天下奇作，吾尝笑之。今吾意中之言，仿佛詹事，吾恐后之人又将笑吾也，是以先自笑也！’	国民党有史以来从没领教过像李敖这样高段的敌人，他们做梦也想不到有这么一个难缠好斗的文海游魂，目无刀枪斧钺，不顾一切，抓住他们穷追猛打，想来实堪自笑。明末清初的不合作主义者杜子皇（杜浚，湖北黄冈人），在《变雅堂文集卷》二《初刻文集自序》中说：“刻才及数篇，杜子手之而笑。客或问：‘翁何笑？’杜子曰：‘昔范詹事自赞其后汉书为天下奇作，吾尝笑之。今吾意中之言，仿佛詹事，吾恐后之人又将笑吾也，是以先自笑也！’”“天下奇作”写出，“先自笑”是不够的，请大哥一起来笑，才别有奇趣啊！
039.童子功加老子功.txt	13	天下奇作	国民党有史以来从没领教过像李敖这样高段的敌人，他们做梦也想不到有这么一个难缠好斗的文海游魂，目无刀枪斧钺，不顾一切，抓住他们穷追猛打，想来实堪自笑。明末清初的不合作主义者杜子皇（杜浚，湖北黄冈人），在《变雅堂文集卷》二《初刻文集自序》中说：“刻才及数篇，杜子手之而笑。客或问：‘翁何笑？’杜子曰：‘昔范詹事自赞其后汉书为天下奇作，吾尝笑之。今吾意中之言，仿佛詹事，吾恐后之人又将笑吾也，是以先自笑也！’”“天下奇作”写出，“先自笑”是不够的，请大哥一起来笑，才别有奇趣啊！
039.童子功加老子功.txt	13	先自笑	国民党有史以来从没领教过像李敖这样高段的敌人，他们做梦也想不到有这么一个难缠好斗的文海游魂，目无刀枪斧钺，不顾一切，抓住他们穷追猛打，想来实堪自笑。明末清初的不合作主义者杜子皇（杜浚，湖北黄冈人），在《变雅堂文集卷》二《初刻文集自序》中说：“刻才及数篇，杜子手之而笑。客或问：‘翁何笑？’杜子曰：‘昔范詹事自赞其后汉书为天下奇作，吾尝笑之。今吾意中之言，仿佛詹事，吾恐后之人又将笑吾也，是以先自笑也！’”“天下奇作”写出，“先自笑”是不够的，请大哥一起来笑，才别有奇趣啊！
041.探探和事佬的底.txt	7	应本着诚心诚意的态度，与社会各方面人士进行意见沟通，以促进政治和谐与民众福祉	今天国民党搞沟通阳谋，它所派出来的和事老，恰恰如此！5月8日的报上，登出蒋经国在国民党中常会指示中央政策委员会，“应本着诚心诚意的态度，与社会各方面人士进行意见沟通，以促进政治和谐与民众福祉”。配合得可真好！当天报上，就登出陶百川、杨国枢、胡佛、李鸿禧，一“国策顾问”三“学者”具名邀请的饭局！邀请国民党钦定的党外花瓶们共餐，以进行沟通。和事老本以为这种赐宴式的沟通，自可一沟即通、不辱君命的。不料党外花瓶们在广大党外正义之声的压力下，总觉卖身为难，因而不无扭捏，结果害得和事老不能从速向主子报命，导致陶百川愤而退席、胡佛托词去美的妙事，我旁观者清，一直好笑。我笑的是双方沟通，当事人双方还在沟里比划，和事老居然先没耐心了，这种和事老，心里有鬼，不是昭然若揭了吗？这可真是笑剧！
041.探探和事佬的底.txt	7	国策顾问	今天国民党搞沟通阳谋，它所派出来的和事老，恰恰如此！5月8日的报上，登出蒋经国在国民党中常会指示中央政策委员会，“应本着诚心诚意的态度，与社会各方面人士进行意见沟通，以促进政治和谐与民众福祉”。配合得可真好！当天报上，就登出陶百川、杨国枢、胡佛、李鸿禧，一“国策顾问”三“学者”具名邀请的饭局！邀请国民党钦定的党外花瓶们共餐，以进行沟通。和事老本以为这种赐宴式的沟通，自可一沟即通、不辱君命的。不料党外花瓶们在广大党外正义之声的压力下，总觉卖身为难，因而不无扭捏，结果害得和事老不能从速向主子报命，导致陶百川愤而退席、胡佛托词去美的妙事，我旁观者清，一直好笑。我笑的是双方沟通，当事人双方还在沟里比划，和事老居然先没耐心了，这种和事老，心里有鬼，不是昭然若揭了吗？这可真是笑剧！
041.探探和事佬的底.txt	7	学者	今天国民党搞沟通阳谋，它所派出来的和事老，恰恰如此！5月8日的报上，登出蒋经国在国民党中常会指示中央政策委员会，“应本着诚心诚意的态度，与社会各方面人士进行意见沟通，以促进政治和谐与民众福祉”。配合得可真好！当天报上，就登出陶百川、杨国枢、胡佛、李鸿禧，一“国策顾问”三“学者”具名邀请的饭局！邀请国民党钦定的党外花瓶们共餐，以进行沟通。和事老本以为这种赐宴式的沟通，自可一沟即通、不辱君命的。不料党外花瓶们在广大党外正义之声的压力下，总觉卖身为难，因而不无扭捏，结果害得和事老不能从速向主子报命，导致陶百川愤而退席、胡佛托词去美的妙事，我旁观者清，一直好笑。我笑的是双方沟通，当事人双方还在沟里比划，和事老居然先没耐心了，这种和事老，心里有鬼，不是昭然若揭了吗？这可真是笑剧！
041.探探和事佬的底.txt	21	人权御史	这位两手有血的陶百川，曾几何时，居然在台湾海峡偷偷洗了血手，到了台湾，摇身一变，变成所谓“人权御史”、变成所谓“学者”“清流”了，这真是欺尽台湾苍生！如今他受蒋经国的两次秘密召见后，承命搞沟通阳谋，这种和事老，能为人中正持平、立身不令人起疑吗？真是天晓得！
041.探探和事佬的底.txt	21	学者	这位两手有血的陶百川，曾几何时，居然在台湾海峡偷偷洗了血手，到了台湾，摇身一变，变成所谓“人权御史”、变成所谓“学者”“清流”了，这真是欺尽台湾苍生！如今他受蒋经国的两次秘密召见后，承命搞沟通阳谋，这种和事老，能为人中正持平、立身不令人起疑吗？真是天晓得！
041.探探和事佬的底.txt	21	清流	这位两手有血的陶百川，曾几何时，居然在台湾海峡偷偷洗了血手，到了台湾，摇身一变，变成所谓“人权御史”、变成所谓“学者”“清流”了，这真是欺尽台湾苍生！如今他受蒋经国的两次秘密召见后，承命搞沟通阳谋，这种和事老，能为人中正持平、立身不令人起疑吗？真是天晓得！
041.探探和事佬的底.txt	29	其间一度兼任中央研究院行政职务，……处世尤恬淡自守	这种履历，又是瞒天过海的。所谓“其间一度兼任中央研究院行政职务，……处世尤恬淡自守”等说词，对照起我所掌握的资料，却大异其趣。事实上，胡佛1962年11月到“中央研究院”时，身份是台湾大学讲师。他来做情治系统有关的人事室主任，因为没有空缺，就先移花接木，借用了“中央研究院”近代史研究所助理研究员的空缺，这是与制度不合的。事为台湾大学得悉，便去函“中央研究院”，要求说明胡佛究竟是以何种身份做人事室主任，如身份为专任职，则台大方面，于法就不能续聘他为讲师。1962年底，“中央研究院”去函台大，竟说胡佛不是专任，只是该院的兼任助理研究员云云，于是台大眼开眼闭，不再追问。到了1964年下半年，铨叙部正式发给胡佛为“中央研究院”人事室主任任用状，目的已达，原借自近代史研究所的助理研究员的空缺，方予归还。不料师管区召集预备军官时，因为依法专任学术研究工作者可由服务学术机构出具证明，申请缓召（包括服役、教育召集等等），胡佛竟又摇身一变，又转成...
041.探探和事佬的底.txt	29	中央研究院	这种履历，又是瞒天过海的。所谓“其间一度兼任中央研究院行政职务，……处世尤恬淡自守”等说词，对照起我所掌握的资料，却大异其趣。事实上，胡佛1962年11月到“中央研究院”时，身份是台湾大学讲师。他来做情治系统有关的人事室主任，因为没有空缺，就先移花接木，借用了“中央研究院”近代史研究所助理研究员的空缺，这是与制度不合的。事为台湾大学得悉，便去函“中央研究院”，要求说明胡佛究竟是以何种身份做人事室主任，如身份为专任职，则台大方面，于法就不能续聘他为讲师。1962年底，“中央研究院”去函台大，竟说胡佛不是专任，只是该院的兼任助理研究员云云，于是台大眼开眼闭，不再追问。到了1964年下半年，铨叙部正式发给胡佛为“中央研究院”人事室主任任用状，目的已达，原借自近代史研究所的助理研究员的空缺，方予归还。不料师管区召集预备军官时，因为依法专任学术研究工作者可由服务学术机构出具证明，申请缓召（包括服役、教育召集等等），胡佛竟又摇身一变，又转成...
041.探探和事佬的底.txt	29	中央级	这种履历，又是瞒天过海的。所谓“其间一度兼任中央研究院行政职务，……处世尤恬淡自守”等说词，对照起我所掌握的资料，却大异其趣。事实上，胡佛1962年11月到“中央研究院”时，身份是台湾大学讲师。他来做情治系统有关的人事室主任，因为没有空缺，就先移花接木，借用了“中央研究院”近代史研究所助理研究员的空缺，这是与制度不合的。事为台湾大学得悉，便去函“中央研究院”，要求说明胡佛究竟是以何种身份做人事室主任，如身份为专任职，则台大方面，于法就不能续聘他为讲师。1962年底，“中央研究院”去函台大，竟说胡佛不是专任，只是该院的兼任助理研究员云云，于是台大眼开眼闭，不再追问。到了1964年下半年，铨叙部正式发给胡佛为“中央研究院”人事室主任任用状，目的已达，原借自近代史研究所的助理研究员的空缺，方予归还。不料师管区召集预备军官时，因为依法专任学术研究工作者可由服务学术机构出具证明，申请缓召（包括服役、教育召集等等），胡佛竟又摇身一变，又转成...
041.探探和事佬的底.txt	29	行政院	这种履历，又是瞒天过海的。所谓“其间一度兼任中央研究院行政职务，……处世尤恬淡自守”等说词，对照起我所掌握的资料，却大异其趣。事实上，胡佛1962年11月到“中央研究院”时，身份是台湾大学讲师。他来做情治系统有关的人事室主任，因为没有空缺，就先移花接木，借用了“中央研究院”近代史研究所助理研究员的空缺，这是与制度不合的。事为台湾大学得悉，便去函“中央研究院”，要求说明胡佛究竟是以何种身份做人事室主任，如身份为专任职，则台大方面，于法就不能续聘他为讲师。1962年底，“中央研究院”去函台大，竟说胡佛不是专任，只是该院的兼任助理研究员云云，于是台大眼开眼闭，不再追问。到了1964年下半年，铨叙部正式发给胡佛为“中央研究院”人事室主任任用状，目的已达，原借自近代史研究所的助理研究员的空缺，方予归还。不料师管区召集预备军官时，因为依法专任学术研究工作者可由服务学术机构出具证明，申请缓召（包括服役、教育召集等等），胡佛竟又摇身一变，又转成...
041.探探和事佬的底.txt	29	中华书局	这种履历，又是瞒天过海的。所谓“其间一度兼任中央研究院行政职务，……处世尤恬淡自守”等说词，对照起我所掌握的资料，却大异其趣。事实上，胡佛1962年11月到“中央研究院”时，身份是台湾大学讲师。他来做情治系统有关的人事室主任，因为没有空缺，就先移花接木，借用了“中央研究院”近代史研究所助理研究员的空缺，这是与制度不合的。事为台湾大学得悉，便去函“中央研究院”，要求说明胡佛究竟是以何种身份做人事室主任，如身份为专任职，则台大方面，于法就不能续聘他为讲师。1962年底，“中央研究院”去函台大，竟说胡佛不是专任，只是该院的兼任助理研究员云云，于是台大眼开眼闭，不再追问。到了1964年下半年，铨叙部正式发给胡佛为“中央研究院”人事室主任任用状，目的已达，原借自近代史研究所的助理研究员的空缺，方予归还。不料师管区召集预备军官时，因为依法专任学术研究工作者可由服务学术机构出具证明，申请缓召（包括服役、教育召集等等），胡佛竟又摇身一变，又转成...
041.探探和事佬的底.txt	29	尤恬淡自守	这种履历，又是瞒天过海的。所谓“其间一度兼任中央研究院行政职务，……处世尤恬淡自守”等说词，对照起我所掌握的资料，却大异其趣。事实上，胡佛1962年11月到“中央研究院”时，身份是台湾大学讲师。他来做情治系统有关的人事室主任，因为没有空缺，就先移花接木，借用了“中央研究院”近代史研究所助理研究员的空缺，这是与制度不合的。事为台湾大学得悉，便去函“中央研究院”，要求说明胡佛究竟是以何种身份做人事室主任，如身份为专任职，则台大方面，于法就不能续聘他为讲师。1962年底，“中央研究院”去函台大，竟说胡佛不是专任，只是该院的兼任助理研究员云云，于是台大眼开眼闭，不再追问。到了1964年下半年，铨叙部正式发给胡佛为“中央研究院”人事室主任任用状，目的已达，原借自近代史研究所的助理研究员的空缺，方予归还。不料师管区召集预备军官时，因为依法专任学术研究工作者可由服务学术机构出具证明，申请缓召（包括服役、教育召集等等），胡佛竟又摇身一变，又转成...
041.探探和事佬的底.txt	29	再展开新文化运动	这种履历，又是瞒天过海的。所谓“其间一度兼任中央研究院行政职务，……处世尤恬淡自守”等说词，对照起我所掌握的资料，却大异其趣。事实上，胡佛1962年11月到“中央研究院”时，身份是台湾大学讲师。他来做情治系统有关的人事室主任，因为没有空缺，就先移花接木，借用了“中央研究院”近代史研究所助理研究员的空缺，这是与制度不合的。事为台湾大学得悉，便去函“中央研究院”，要求说明胡佛究竟是以何种身份做人事室主任，如身份为专任职，则台大方面，于法就不能续聘他为讲师。1962年底，“中央研究院”去函台大，竟说胡佛不是专任，只是该院的兼任助理研究员云云，于是台大眼开眼闭，不再追问。到了1964年下半年，铨叙部正式发给胡佛为“中央研究院”人事室主任任用状，目的已达，原借自近代史研究所的助理研究员的空缺，方予归还。不料师管区召集预备军官时，因为依法专任学术研究工作者可由服务学术机构出具证明，申请缓召（包括服役、教育召集等等），胡佛竟又摇身一变，又转成...
041.探探和事佬的底.txt	29	反拜金	这种履历，又是瞒天过海的。所谓“其间一度兼任中央研究院行政职务，……处世尤恬淡自守”等说词，对照起我所掌握的资料，却大异其趣。事实上，胡佛1962年11月到“中央研究院”时，身份是台湾大学讲师。他来做情治系统有关的人事室主任，因为没有空缺，就先移花接木，借用了“中央研究院”近代史研究所助理研究员的空缺，这是与制度不合的。事为台湾大学得悉，便去函“中央研究院”，要求说明胡佛究竟是以何种身份做人事室主任，如身份为专任职，则台大方面，于法就不能续聘他为讲师。1962年底，“中央研究院”去函台大，竟说胡佛不是专任，只是该院的兼任助理研究员云云，于是台大眼开眼闭，不再追问。到了1964年下半年，铨叙部正式发给胡佛为“中央研究院”人事室主任任用状，目的已达，原借自近代史研究所的助理研究员的空缺，方予归还。不料师管区召集预备军官时，因为依法专任学术研究工作者可由服务学术机构出具证明，申请缓召（包括服役、教育召集等等），胡佛竟又摇身一变，又转成...
041.探探和事佬的底.txt	29	恬淡自守	这种履历，又是瞒天过海的。所谓“其间一度兼任中央研究院行政职务，……处世尤恬淡自守”等说词，对照起我所掌握的资料，却大异其趣。事实上，胡佛1962年11月到“中央研究院”时，身份是台湾大学讲师。他来做情治系统有关的人事室主任，因为没有空缺，就先移花接木，借用了“中央研究院”近代史研究所助理研究员的空缺，这是与制度不合的。事为台湾大学得悉，便去函“中央研究院”，要求说明胡佛究竟是以何种身份做人事室主任，如身份为专任职，则台大方面，于法就不能续聘他为讲师。1962年底，“中央研究院”去函台大，竟说胡佛不是专任，只是该院的兼任助理研究员云云，于是台大眼开眼闭，不再追问。到了1964年下半年，铨叙部正式发给胡佛为“中央研究院”人事室主任任用状，目的已达，原借自近代史研究所的助理研究员的空缺，方予归还。不料师管区召集预备军官时，因为依法专任学术研究工作者可由服务学术机构出具证明，申请缓召（包括服役、教育召集等等），胡佛竟又摇身一变，又转成...
043.顺风与逆风.txt	9	畅谈	谢谢你的信。你信中说“畅谈”以后，“编辑部的伙伴大家都很开心”，其实我也很开心。你们的开心，真的原因恐怕属于没买门票就跳进动物园那种；而我的开心，则是从动物园里逃出来回眸一笑那种，陶渊明写“久在樊笼里，复得返自然”，那种开心，你们在台湾顺风里长大的小朋友不知也！
043.顺风与逆风.txt	9	编辑部的伙伴大家都很开心	谢谢你的信。你信中说“畅谈”以后，“编辑部的伙伴大家都很开心”，其实我也很开心。你们的开心，真的原因恐怕属于没买门票就跳进动物园那种；而我的开心，则是从动物园里逃出来回眸一笑那种，陶渊明写“久在樊笼里，复得返自然”，那种开心，你们在台湾顺风里长大的小朋友不知也！
043.顺风与逆风.txt	9	久在樊笼里，复得返自然	谢谢你的信。你信中说“畅谈”以后，“编辑部的伙伴大家都很开心”，其实我也很开心。你们的开心，真的原因恐怕属于没买门票就跳进动物园那种；而我的开心，则是从动物园里逃出来回眸一笑那种，陶渊明写“久在樊笼里，复得返自然”，那种开心，你们在台湾顺风里长大的小朋友不知也！
046.打碎玉壶也是冰.txt	23	假党外的公道与是非标准	事实还不止一半呢！我还有几个官司要打。正因为我在舆论上、工具上、传播媒体上，和“假党外的公道与是非标准”上，遭到太不公平的对待，所以我决心打一阵官司来出这口气。我当然不是说诉诸司法就一定换得回公道，但即使换不回，也可留下司法有问题的历史记录。所以从正反两方面来看，官司都值得一打。何况在“不能办报”“不能办杂志”“不是台湾人”等等不利于我的条件下，“去打官司”似乎已是唯一形式上残存的“武器”，犹堪一战也。
046.打碎玉壶也是冰.txt	23	不能办报	事实还不止一半呢！我还有几个官司要打。正因为我在舆论上、工具上、传播媒体上，和“假党外的公道与是非标准”上，遭到太不公平的对待，所以我决心打一阵官司来出这口气。我当然不是说诉诸司法就一定换得回公道，但即使换不回，也可留下司法有问题的历史记录。所以从正反两方面来看，官司都值得一打。何况在“不能办报”“不能办杂志”“不是台湾人”等等不利于我的条件下，“去打官司”似乎已是唯一形式上残存的“武器”，犹堪一战也。
046.打碎玉壶也是冰.txt	23	不能办杂志	事实还不止一半呢！我还有几个官司要打。正因为我在舆论上、工具上、传播媒体上，和“假党外的公道与是非标准”上，遭到太不公平的对待，所以我决心打一阵官司来出这口气。我当然不是说诉诸司法就一定换得回公道，但即使换不回，也可留下司法有问题的历史记录。所以从正反两方面来看，官司都值得一打。何况在“不能办报”“不能办杂志”“不是台湾人”等等不利于我的条件下，“去打官司”似乎已是唯一形式上残存的“武器”，犹堪一战也。
046.打碎玉壶也是冰.txt	23	不是台湾人	事实还不止一半呢！我还有几个官司要打。正因为我在舆论上、工具上、传播媒体上，和“假党外的公道与是非标准”上，遭到太不公平的对待，所以我决心打一阵官司来出这口气。我当然不是说诉诸司法就一定换得回公道，但即使换不回，也可留下司法有问题的历史记录。所以从正反两方面来看，官司都值得一打。何况在“不能办报”“不能办杂志”“不是台湾人”等等不利于我的条件下，“去打官司”似乎已是唯一形式上残存的“武器”，犹堪一战也。
046.打碎玉壶也是冰.txt	23	去打官司	事实还不止一半呢！我还有几个官司要打。正因为我在舆论上、工具上、传播媒体上，和“假党外的公道与是非标准”上，遭到太不公平的对待，所以我决心打一阵官司来出这口气。我当然不是说诉诸司法就一定换得回公道，但即使换不回，也可留下司法有问题的历史记录。所以从正反两方面来看，官司都值得一打。何况在“不能办报”“不能办杂志”“不是台湾人”等等不利于我的条件下，“去打官司”似乎已是唯一形式上残存的“武器”，犹堪一战也。
046.打碎玉壶也是冰.txt	23	武器	事实还不止一半呢！我还有几个官司要打。正因为我在舆论上、工具上、传播媒体上，和“假党外的公道与是非标准”上，遭到太不公平的对待，所以我决心打一阵官司来出这口气。我当然不是说诉诸司法就一定换得回公道，但即使换不回，也可留下司法有问题的历史记录。所以从正反两方面来看，官司都值得一打。何况在“不能办报”“不能办杂志”“不是台湾人”等等不利于我的条件下，“去打官司”似乎已是唯一形式上残存的“武器”，犹堪一战也。
049.以得礼始，以失礼终.txt	7	待人接物	可是这种非客套的感谢信并不好写，竟被我给拖下来了，并且一拖一年四个多月，足见以得礼始，以失礼终，想来不无你怨我艾之可能，虽然我知道你一片好意，绝不会怨；但是我却每一想到，就有一股不安之情，可见坦荡受礼的训练，犹嫌不足也。古话说“待人接物”，其真意实在该解作“等待人送礼物而接受之”（我最喜把古话做新解，当然是歪解），因为世上像你这种好心人太少，致我收礼太少、致我“待人接物”经验太少，为了帮我充实这种经验，世上好心人尚有待加勉也。
049.以得礼始，以失礼终.txt	7	等待人送礼物而接受之	可是这种非客套的感谢信并不好写，竟被我给拖下来了，并且一拖一年四个多月，足见以得礼始，以失礼终，想来不无你怨我艾之可能，虽然我知道你一片好意，绝不会怨；但是我却每一想到，就有一股不安之情，可见坦荡受礼的训练，犹嫌不足也。古话说“待人接物”，其真意实在该解作“等待人送礼物而接受之”（我最喜把古话做新解，当然是歪解），因为世上像你这种好心人太少，致我收礼太少、致我“待人接物”经验太少，为了帮我充实这种经验，世上好心人尚有待加勉也。
049.以得礼始，以失礼终.txt	13	行路仓卒，非陈（契）阔之所，可共到前亭宿息，以叙分隔。	冉好违时绝俗，为激诡之行。常慕梁伯鸾、闵仲叔之为人。与汉中李固、河内王奂亲善，而鄙贾伟节、郭林宗焉。奂后为考城令，境接外黄，屡遣书请冉，冉不至。及奂迁汉阳太守，将行，冉乃与弟协步赍麦酒，于道侧设坛以待之。冉见奂车徒骆驿，遂不自闻，唯与弟共辩论于路。奂识其声，即下车与相揖对。奂曰：“行路仓卒，非陈（契）阔之所，可共到前亭宿息，以叙分隔。”冉曰：“子前在考城，思欲相从，以贱质自绝豪友耳。今子远适千里，会面无期，故轻行相候，以展诀别。如其相追，将有慕贵之讥矣。”便起告违，拂衣而去。奂瞻望弗及，冉长逝不顾。
049.以得礼始，以失礼终.txt	13	子前在考城，思欲相从，以贱质自绝豪友耳。今子远适千里，会面无期，故轻行相候，以展诀别。如其相追，将有慕贵之讥矣。	冉好违时绝俗，为激诡之行。常慕梁伯鸾、闵仲叔之为人。与汉中李固、河内王奂亲善，而鄙贾伟节、郭林宗焉。奂后为考城令，境接外黄，屡遣书请冉，冉不至。及奂迁汉阳太守，将行，冉乃与弟协步赍麦酒，于道侧设坛以待之。冉见奂车徒骆驿，遂不自闻，唯与弟共辩论于路。奂识其声，即下车与相揖对。奂曰：“行路仓卒，非陈（契）阔之所，可共到前亭宿息，以叙分隔。”冉曰：“子前在考城，思欲相从，以贱质自绝豪友耳。今子远适千里，会面无期，故轻行相候，以展诀别。如其相追，将有慕贵之讥矣。”便起告违，拂衣而去。奂瞻望弗及，冉长逝不顾。
051.“南朝鲜”了又怎样？.txt	3	中国	七月十六日报载：驻韩大使邹坚十五日表示，韩国将中共称为“中国”是一项不友善的行为，我已向韩表示严重不满，至于是否也相对地将北韩称为“朝鲜民主主义人民共和国”，则还须通盘的考虑。邹坚在接受记者访问时表示，他没有听说过我国要将韩国称为“南朝鲜”，以报复韩国称中共为“中国”，他认为此举并不恰当，因为外交工作不应情绪化，同时韩国也保证会称呼我为“中华民国”，至于我国是否基于对等原则，而亦将北韩称为“朝鲜民主主义人民共和国”，则还须做通盘的考虑。
051.“南朝鲜”了又怎样？.txt	3	朝鲜民主主义人民共和国	七月十六日报载：驻韩大使邹坚十五日表示，韩国将中共称为“中国”是一项不友善的行为，我已向韩表示严重不满，至于是否也相对地将北韩称为“朝鲜民主主义人民共和国”，则还须通盘的考虑。邹坚在接受记者访问时表示，他没有听说过我国要将韩国称为“南朝鲜”，以报复韩国称中共为“中国”，他认为此举并不恰当，因为外交工作不应情绪化，同时韩国也保证会称呼我为“中华民国”，至于我国是否基于对等原则，而亦将北韩称为“朝鲜民主主义人民共和国”，则还须做通盘的考虑。
051.“南朝鲜”了又怎样？.txt	3	南朝鲜	七月十六日报载：驻韩大使邹坚十五日表示，韩国将中共称为“中国”是一项不友善的行为，我已向韩表示严重不满，至于是否也相对地将北韩称为“朝鲜民主主义人民共和国”，则还须通盘的考虑。邹坚在接受记者访问时表示，他没有听说过我国要将韩国称为“南朝鲜”，以报复韩国称中共为“中国”，他认为此举并不恰当，因为外交工作不应情绪化，同时韩国也保证会称呼我为“中华民国”，至于我国是否基于对等原则，而亦将北韩称为“朝鲜民主主义人民共和国”，则还须做通盘的考虑。
051.“南朝鲜”了又怎样？.txt	3	中华民国	七月十六日报载：驻韩大使邹坚十五日表示，韩国将中共称为“中国”是一项不友善的行为，我已向韩表示严重不满，至于是否也相对地将北韩称为“朝鲜民主主义人民共和国”，则还须通盘的考虑。邹坚在接受记者访问时表示，他没有听说过我国要将韩国称为“南朝鲜”，以报复韩国称中共为“中国”，他认为此举并不恰当，因为外交工作不应情绪化，同时韩国也保证会称呼我为“中华民国”，至于我国是否基于对等原则，而亦将北韩称为“朝鲜民主主义人民共和国”，则还须做通盘的考虑。
051.“南朝鲜”了又怎样？.txt	5	南朝鲜	所谓把韩国改称“南朝鲜”之议，出自七月十一日的自立晚报系统。自立晚报以“无党无派独立经营”为号召，其实许多方面，吴三连、吴丰山之流比国民党还国民党，见识低陋、目光褊狭。这次主张：“南韩可改称‘南朝鲜’了！”就十足看出他们的水平。他们说：“南朝鲜”就是国人平日所称的韩国、南韩、大韩民国。不过，世界上大多数中国人却称该国为“南朝鲜”，主要是中共承认北朝鲜的“朝鲜民主主义人民共和国”，因此对南北韩的称呼，也就依照北朝鲜的称谓用法。他们又说：可惜我国外交部处于当前外交困境下，对于南朝鲜的不友善行为，恐怕也无法采取任何积极有效的抗议行动。不过，至少台湾的新闻工作者今后也可将南韩改名为“南朝鲜”，以表达我们的不满。
051.“南朝鲜”了又怎样？.txt	5	无党无派独立经营	所谓把韩国改称“南朝鲜”之议，出自七月十一日的自立晚报系统。自立晚报以“无党无派独立经营”为号召，其实许多方面，吴三连、吴丰山之流比国民党还国民党，见识低陋、目光褊狭。这次主张：“南韩可改称‘南朝鲜’了！”就十足看出他们的水平。他们说：“南朝鲜”就是国人平日所称的韩国、南韩、大韩民国。不过，世界上大多数中国人却称该国为“南朝鲜”，主要是中共承认北朝鲜的“朝鲜民主主义人民共和国”，因此对南北韩的称呼，也就依照北朝鲜的称谓用法。他们又说：可惜我国外交部处于当前外交困境下，对于南朝鲜的不友善行为，恐怕也无法采取任何积极有效的抗议行动。不过，至少台湾的新闻工作者今后也可将南韩改名为“南朝鲜”，以表达我们的不满。
051.“南朝鲜”了又怎样？.txt	5	南韩可改称‘南朝鲜’了！	所谓把韩国改称“南朝鲜”之议，出自七月十一日的自立晚报系统。自立晚报以“无党无派独立经营”为号召，其实许多方面，吴三连、吴丰山之流比国民党还国民党，见识低陋、目光褊狭。这次主张：“南韩可改称‘南朝鲜’了！”就十足看出他们的水平。他们说：“南朝鲜”就是国人平日所称的韩国、南韩、大韩民国。不过，世界上大多数中国人却称该国为“南朝鲜”，主要是中共承认北朝鲜的“朝鲜民主主义人民共和国”，因此对南北韩的称呼，也就依照北朝鲜的称谓用法。他们又说：可惜我国外交部处于当前外交困境下，对于南朝鲜的不友善行为，恐怕也无法采取任何积极有效的抗议行动。不过，至少台湾的新闻工作者今后也可将南韩改名为“南朝鲜”，以表达我们的不满。
051.“南朝鲜”了又怎样？.txt	5	朝鲜民主主义人民共和国	所谓把韩国改称“南朝鲜”之议，出自七月十一日的自立晚报系统。自立晚报以“无党无派独立经营”为号召，其实许多方面，吴三连、吴丰山之流比国民党还国民党，见识低陋、目光褊狭。这次主张：“南韩可改称‘南朝鲜’了！”就十足看出他们的水平。他们说：“南朝鲜”就是国人平日所称的韩国、南韩、大韩民国。不过，世界上大多数中国人却称该国为“南朝鲜”，主要是中共承认北朝鲜的“朝鲜民主主义人民共和国”，因此对南北韩的称呼，也就依照北朝鲜的称谓用法。他们又说：可惜我国外交部处于当前外交困境下，对于南朝鲜的不友善行为，恐怕也无法采取任何积极有效的抗议行动。不过，至少台湾的新闻工作者今后也可将南韩改名为“南朝鲜”，以表达我们的不满。
051.“南朝鲜”了又怎样？.txt	15	防卫方式	变态心理学上有所谓“防卫方式”（defense mechanism），征状之一是“否认现实”（denial of reality），出之以自我陶醉式的自慰，给高丽棒子改名，正此之谓也。
051.“南朝鲜”了又怎样？.txt	15	否认现实	变态心理学上有所谓“防卫方式”（defense mechanism），征状之一是“否认现实”（denial of reality），出之以自我陶醉式的自慰，给高丽棒子改名，正此之谓也。
052.“平生之志，不在温饱”.txt	15	性豪华，平生自奉甚厚，声伎满前	文天祥在年轻时候，是非常温饱的。《宋史·文天祥传》说他“性豪华，平生自奉甚厚，声伎满前”。无异家中自养歌星给他唱歌跳舞。可是国亡之日，他却视死如归，原来温饱非其所志，而要以殉国成仁取义，这种高人，更不是凡夫俗子所能理解的了。
054.跑出来的理由.txt	11	总统	1987年4月26日，国民党为纪念先“总统”蒋公逝世十二周年与庆祝复活节，举办了“为热爱生命而跑”，由宋美龄特颁祝词、“经济部次长”王建煊、“教育部次长”阮大年等一体参加，足见死去十二年的死者之复活，跟彼辈之跑攸关也！
054.跑出来的理由.txt	11	为热爱生命而跑	1987年4月26日，国民党为纪念先“总统”蒋公逝世十二周年与庆祝复活节，举办了“为热爱生命而跑”，由宋美龄特颁祝词、“经济部次长”王建煊、“教育部次长”阮大年等一体参加，足见死去十二年的死者之复活，跟彼辈之跑攸关也！
054.跑出来的理由.txt	11	经济部次长	1987年4月26日，国民党为纪念先“总统”蒋公逝世十二周年与庆祝复活节，举办了“为热爱生命而跑”，由宋美龄特颁祝词、“经济部次长”王建煊、“教育部次长”阮大年等一体参加，足见死去十二年的死者之复活，跟彼辈之跑攸关也！
054.跑出来的理由.txt	11	教育部次长	1987年4月26日，国民党为纪念先“总统”蒋公逝世十二周年与庆祝复活节，举办了“为热爱生命而跑”，由宋美龄特颁祝词、“经济部次长”王建煊、“教育部次长”阮大年等一体参加，足见死去十二年的死者之复活，跟彼辈之跑攸关也！
055.魂牵梦萦贝克特.txt	7	在我四周，难道就没有人有种去为我干掉那匹夫教头吗？	贝克特做大臣期间，雍容华贵，排场甚奢。在朝廷上、在狩猎场上，他都是亨利二世一位受欢迎的伙伴和亲密的朋友，而有助于国王大行其君主集权政策，即使那政策不利于教会（To Henry himself Thomas was a welcome companion and intimate friend, both at court and in the chase, aiding the King in his policy of gathering all power into the hands of the monarchy, even when that policy went against claims of the church.）但是，一旦1162年，亨利二世任命他为坎特伯雷总主教以后，一切都变样了。亨利二世原以为这位亲信可以帮他向教会夺权的，殊不知衣冠易人，贝克特却真的认真干起总主教的职务来了。他从一名国王的忠仆，突变而...
055.魂牵梦萦贝克特.txt	7	秉承领袖意旨，体念领袖苦心	贝克特做大臣期间，雍容华贵，排场甚奢。在朝廷上、在狩猎场上，他都是亨利二世一位受欢迎的伙伴和亲密的朋友，而有助于国王大行其君主集权政策，即使那政策不利于教会（To Henry himself Thomas was a welcome companion and intimate friend, both at court and in the chase, aiding the King in his policy of gathering all power into the hands of the monarchy, even when that policy went against claims of the church.）但是，一旦1162年，亨利二世任命他为坎特伯雷总主教以后，一切都变样了。亨利二世原以为这位亲信可以帮他向教会夺权的，殊不知衣冠易人，贝克特却真的认真干起总主教的职务来了。他从一名国王的忠仆，突变而...
055.魂牵梦萦贝克特.txt	9	个人行为	消息传出，举世大哗。亨利二世辩称他不知情，那是武士的“个人行为”。但是没人信他的，他被迫亲到贝克特的墓地忏悔认罪。贝克特死难之处成了圣地，武士被迫在该处服务十四年，以示惩罚。
