score	file	line	text	context
3	《求是新语》目录.txt	33	何其声之似我也！	027.“何其声之似我也！”
6	《求是新语》目录.txt	67	胡适是谁？	061.“胡适是谁？”
5	《求是新语》目录.txt	80	只会筑桥，不会玩桥	074.“只会筑桥，不会玩桥”
5	《求是新语》目录.txt	127	一脸横肉、扑人而来	118.“一脸横肉、扑人而来”的男女
3	《求是新语》目录.txt	183	政治黑名单取消了吗？	171.“政治黑名单取消了吗？”
5	《求是新语》自序.txt	5	尔为尔，我为我	《世界论坛报》是一家低格调的烂报，只因全台湾只有这一家报的发行人愿意邀我写专栏并保障我一字不改的言论自由，所以我也就以“尔为尔，我为我”的划清界限，撒起野来了。最后发行人吃不消，大家闹翻也、绝交也，自是意料中事。如今回想，了无遗憾，但恨没有第二家烂报烂眼识人耳！
4	《求是新语》自序.txt	15	吾道一以贯之	我盼有兴趣的读者，能够连同《世论新语》一书，跟此书合看，才能得到好戏连台之乐或歹戏拖棚之苦，子曰“吾道一以贯之”，不论是苦是乐，子在其中矣！
4	001.钟曜唐的国文程度.txt	5	读了这段妙文，读者必须当心笑死——尤其千万请勿‘自行意外笑死’为幸。	钟曜唐除了发生做人的故障以外，我看他的作文，也发生了故障。难友李世杰11月1日写信给我说：“刚刚看到早报，前高雄县长余登发命案，已经‘结’掉了。高雄地检处首席检察官钟曜唐表示：检方对余登发命案是以‘平常心’处理，……余登发是‘自行意外摔跌……’死亡的。”李世杰说：“读了这段妙文，读者必须当心笑死——尤其千万请勿‘自行意外笑死’为幸。”
3	001.钟曜唐的国文程度.txt	5	刚刚看到早报，前高雄县长余登发命案，已经‘结’掉了。高雄地检处首席检察官钟曜唐表示：检方对余登发命案是以‘平常心’处理，……余登发是‘自行意外摔跌……’死亡的。	钟曜唐除了发生做人的故障以外，我看他的作文，也发生了故障。难友李世杰11月1日写信给我说：“刚刚看到早报，前高雄县长余登发命案，已经‘结’掉了。高雄地检处首席检察官钟曜唐表示：检方对余登发命案是以‘平常心’处理，……余登发是‘自行意外摔跌……’死亡的。”李世杰说：“读了这段妙文，读者必须当心笑死——尤其千万请勿‘自行意外笑死’为幸。”
4	001.钟曜唐的国文程度.txt	7	‘自行’是‘自’己立意决定而后‘行’之，是有自主意思表现的行为。	李世杰进一步说：“‘自行’是‘自’己立意决定而后‘行’之，是有自主意思表现的行为。”照钟曜唐的国文程度，“可不就等于是说，余登发他老先生是不想活了，乃自己决定要‘意外摔跌’一下以求‘死亡’的，夫既‘自行’，怎又‘意外’？说‘意外’，又怎会是‘自行’的呢？”
3	001.钟曜唐的国文程度.txt	7	可不就等于是说，余登发他老先生是不想活了，乃自己决定要‘意外摔跌’一下以求‘死亡’的，夫既‘自行’，怎又‘意外’？说‘意外’，又怎会是‘自行’的呢？	李世杰进一步说：“‘自行’是‘自’己立意决定而后‘行’之，是有自主意思表现的行为。”照钟曜唐的国文程度，“可不就等于是说，余登发他老先生是不想活了，乃自己决定要‘意外摔跌’一下以求‘死亡’的，夫既‘自行’，怎又‘意外’？说‘意外’，又怎会是‘自行’的呢？”
4	001.钟曜唐的国文程度.txt	9	自行失足落水而死	李世杰回忆，五十多年前，国民党军警在南京干请愿学生，事后发言说，许多学生乃“自行失足落水而死”，鲁迅有文奚落之。我想，钟曜唐自非五十年前军警的子孙，但其自行有此慧根、自行发为妙论，则属无独有偶也。感而记之，以告天下国文老师，请自行打自己三个嘴巴子。
3	002.奴才教育与浑蛋教育.txt	7	台湾共和国基本法草案	由于混蛋教育的成功，人们居然忘了自己应该面对的现实与真相，而要不断异想天开、一厢情愿。国民党昧于“台独分子”的存在，自以为长治久安；“台独分子”昧于中共的虎视眈眈，自以为斯台可独。这种不知今夕何夕、身处何地的混蛋性格，真被全世界有识之士窃笑、也被中共窃笑。但国民党和“台独分子”居然在台湾还洋洋自得，这边搞“中华民国宪法”自渎，那边搞“台湾共和国基本法草案”手...
3	003.台湾哪有大事！.txt	3	你呀，要有见识一点！台湾哪有大事可谈？台湾有的，都是屁事小事，不谈这些，没得可谈了。你可以转告我的话给这种林正杰水准的读者，叫他好好想想吧。读了我这么久的文章，这种人头脑还这么浑，他应该惭愧！	老友段宏俊打电话来，说有读者抗议，埋怨李敖的文章谈了许多小人物的小事。我告诉段宏俊：“你呀，要有见识一点！台湾哪有大事可谈？台湾有的，都是屁事小事，不谈这些，没得可谈了。你可以转告我的话给这种林正杰水准的读者，叫他好好想想吧。读了我这么久的文章，这种人头脑还这么浑，他应该惭愧！”
7	004.孙中山的二不.txt	3	国父伟大，不用私人、不报私仇。……	我早上起来，同时做三件事：早餐、看报、顺便听华视晨间节目。三件事，都在三十分钟以内完成。十一月九日听华视报导，说“国父伟大，不用私人、不报私仇。……”云云，这就是武夫武士嵩的胡说八道！
7	005.他们都是哲学家？.txt	3	马克斯，还有我的祖父毛泽东。	就读北京大学历史系的毛新宇，是毛泽东的孙子，现年十九岁。美联社十一月八日电讯报导：他被问到他最喜欢的哲学家是谁时，回答说：“马克斯，还有我的祖父毛泽东。”
3	006.勿忘李氏父子.txt	3	你们台湾人太笨，搞政变、搞颠覆，非你们所长。但有两次小成功，把外省人赶走，也可留为历史纪录。一次是张建邦逼走外省舅舅居浩然、又逼外省妈妈居瀛玖上吊，抢到淡江大学；一次是吴三连逼走外省合伙人李玉阶，抢到《自立晚报》。	我常向台湾朋友戏谑说：“你们台湾人太笨，搞政变、搞颠覆，非你们所长。但有两次小成功，把外省人赶走，也可留为历史纪录。一次是张建邦逼走外省舅舅居浩然、又逼外省妈妈居瀛玖上吊，抢到淡江大学；一次是吴三连逼走外省合伙人李玉阶，抢到《自立晚报》。”我的台湾朋友听了我的戏谑，都会觉得好笑。
4	007.李玉阶与天命.txt	5	子弋兄，你老太爷离开《自立晚报》后，信他的天帝教，还信得那么迷吗？	我问子弋：“子弋兄，你老太爷离开《自立晚报》后，信他的天帝教，还信得那么迷吗？”子弋说：“敖之兄，你不知道，他信这个可信得历史悠久了，早就在大陆时就信起了。”我说：“我是信科学的人，绝不信什么天命。不过看到你老太爷因迷信而那样健康、长寿、快乐，倒觉得真能信上什么东西，还不错呢！”子弋说：“他身体可真好！精神可真好！”
4	007.李玉阶与天命.txt	5	敖之兄，你不知道，他信这个可信得历史悠久了，早就在大陆时就信起了。	我问子弋：“子弋兄，你老太爷离开《自立晚报》后，信他的天帝教，还信得那么迷吗？”子弋说：“敖之兄，你不知道，他信这个可信得历史悠久了，早就在大陆时就信起了。”我说：“我是信科学的人，绝不信什么天命。不过看到你老太爷因迷信而那样健康、长寿、快乐，倒觉得真能信上什么东西，还不错呢！”子弋说：“他身体可真好！精神可真好！”
3	007.李玉阶与天命.txt	5	我是信科学的人，绝不信什么天命。不过看到你老太爷因迷信而那样健康、长寿、快乐，倒觉得真能信上什么东西，还不错呢！	我问子弋：“子弋兄，你老太爷离开《自立晚报》后，信他的天帝教，还信得那么迷吗？”子弋说：“敖之兄，你不知道，他信这个可信得历史悠久了，早就在大陆时就信起了。”我说：“我是信科学的人，绝不信什么天命。不过看到你老太爷因迷信而那样健康、长寿、快乐，倒觉得真能信上什么东西，还不错呢！”子弋说：“他身体可真好！精神可真好！”
3	007.李玉阶与天命.txt	5	他身体可真好！精神可真好！	我问子弋：“子弋兄，你老太爷离开《自立晚报》后，信他的天帝教，还信得那么迷吗？”子弋说：“敖之兄，你不知道，他信这个可信得历史悠久了，早就在大陆时就信起了。”我说：“我是信科学的人，绝不信什么天命。不过看到你老太爷因迷信而那样健康、长寿、快乐，倒觉得真能信上什么东西，还不错呢！”子弋说：“他身体可真好！精神可真好！”
7	008.胡言中的真话.txt	3	我时常对教徒说：‘国民党确实对不起大陆同胞，但是国民党真正对得起台湾同胞。’	李玉阶在报上登满版广告，说天命在李登辉、蒋经国，一派胡言。但全文中有一句真话，那是：“我时常对教徒说：‘国民党确实对不起大陆同胞，但是国民党真正对得起台湾同胞。’”我想，这话大致不差。1949年后，国民党洗劫大陆同胞的九十二万两黄金，用在一穷二白的台湾同胞身上，虽劫贫济贫，真相确是如此。大陆人可肏国民党的妈，台湾人却不宜干国民党的娘，这是盗亦有道。台湾人讲公...
3	010.“伽冠哥戴”.txt	7	四百年前波兰的哥白尼（1473-1543 A. D.）发表‘地动说’（地球绕着太阳转动），随即招惹基督教为首的恶势力群起迫害，有人要求他向恶势力妥协认错，他说：‘认错又如何？地球还是在动啊！’	以11月12日《自由时报》老包的《认错又如何》一文为例。老包写道：“四百年前波兰的哥白尼（1473-1543 A. D.）发表‘地动说’（地球绕着太阳转动），随即招惹基督教为首的恶势力群起迫害，有人要求他向恶势力妥协认错，他说：‘认错又如何？地球还是在动啊！’”
6	010.“伽冠哥戴”.txt	9	随即招惹基督教为首的恶势力群起迫害	事实上，哥白尼在1530年就完成地动说了，但他不敢发表，直到死前，他才发表，书成之日，也就是他弥留之时。据威尔逊（Grove Wilson）《科学家奋斗史话》（Great Men of Science）所述，哥白尼在世时，并没因此书受到什么辱骂或称赞。老包所谓“随即招惹基督教为首的恶势力群起迫害”等话，全是胡说。哥白尼的书，因为当时审查书刊的特务们无知，并没...
5	010.“伽冠哥戴”.txt	9	但它（地球）还在动啊！	事实上，哥白尼在1530年就完成地动说了，但他不敢发表，直到死前，他才发表，书成之日，也就是他弥留之时。据威尔逊（Grove Wilson）《科学家奋斗史话》（Great Men of Science）所述，哥白尼在世时，并没因此书受到什么辱骂或称赞。老包所谓“随即招惹基督教为首的恶势力群起迫害”等话，全是胡说。哥白尼的书，因为当时审查书刊的特务们无知，并没...
3	010.“伽冠哥戴”.txt	9	伽冠哥戴	事实上，哥白尼在1530年就完成地动说了，但他不敢发表，直到死前，他才发表，书成之日，也就是他弥留之时。据威尔逊（Grove Wilson）《科学家奋斗史话》（Great Men of Science）所述，哥白尼在世时，并没因此书受到什么辱骂或称赞。老包所谓“随即招惹基督教为首的恶势力群起迫害”等话，全是胡说。哥白尼的书，因为当时审查书刊的特务们无知，并没...
6	011.两种花蝴蝶.txt	3	台大政治系教授张忠栋昨天透露，中央研究院与台大教授们，正在暗中进行联系，要为民进党台北县长候选人尤清‘做一些事情’。	11月11日报上说：“台大政治系教授张忠栋昨天透露，中央研究院与台大教授们，正在暗中进行联系，要为民进党台北县长候选人尤清‘做一些事情’。”因为张忠栋透露的地点是在尤清的募款餐会上，当然所谓“为尤清‘做一些事情’”，是不外助选那档子事。
4	011.两种花蝴蝶.txt	3	为尤清‘做一些事情’	11月11日报上说：“台大政治系教授张忠栋昨天透露，中央研究院与台大教授们，正在暗中进行联系，要为民进党台北县长候选人尤清‘做一些事情’。”因为张忠栋透露的地点是在尤清的募款餐会上，当然所谓“为尤清‘做一些事情’”，是不外助选那档子事。
4	011.两种花蝴蝶.txt	7	学术花蝴蝶	如今，“学术花蝴蝶”们做不出像样的学术研究，居然不务正业，想为尤清“做一点事情”，并且是以多年国民党员或同路人身份献媚于民进党新贵，论职业、论立场、论品性，恐怕皆属可议。自来大陆型的大学教授，无不以涉足政治为羞耻，今日台湾的教授们却不安于教书，整天拋头露面做“学术花蝴蝶”，今天联名、明天助讲、后天座谈……极作秀之能事。这些人在蒋氏父子高压下，过去一个屁都不敢...
3	011.两种花蝴蝶.txt	7	做一点事情	如今，“学术花蝴蝶”们做不出像样的学术研究，居然不务正业，想为尤清“做一点事情”，并且是以多年国民党员或同路人身份献媚于民进党新贵，论职业、论立场、论品性，恐怕皆属可议。自来大陆型的大学教授，无不以涉足政治为羞耻，今日台湾的教授们却不安于教书，整天拋头露面做“学术花蝴蝶”，今天联名、明天助讲、后天座谈……极作秀之能事。这些人在蒋氏父子高压下，过去一个屁都不敢...
3	011.两种花蝴蝶.txt	7	做一些事情	如今，“学术花蝴蝶”们做不出像样的学术研究，居然不务正业，想为尤清“做一点事情”，并且是以多年国民党员或同路人身份献媚于民进党新贵，论职业、论立场、论品性，恐怕皆属可议。自来大陆型的大学教授，无不以涉足政治为羞耻，今日台湾的教授们却不安于教书，整天拋头露面做“学术花蝴蝶”，今天联名、明天助讲、后天座谈……极作秀之能事。这些人在蒋氏父子高压下，过去一个屁都不敢...
3	012.吴大猷的无耻.txt	3	中央研究院院长吴大猷昨日沉痛的指出，国内‘暴发式’的繁荣，相对产生许多问题，社会不和谐，对立气氛浓厚，传播媒体过度商业化，都有待大家共同努力改善。他特别勉励知识分子，对社会的风气转变比平常人责任更大。	11月12日《中央日报》登：“中央研究院院长吴大猷昨日沉痛的指出，国内‘暴发式’的繁荣，相对产生许多问题，社会不和谐，对立气氛浓厚，传播媒体过度商业化，都有待大家共同努力改善。他特别勉励知识分子，对社会的风气转变比平常人责任更大。”
3	012.吴大猷的无耻.txt	5	对社会的风气转变比平常人责任更大	奇怪的是，吴大猷频频以大道理教人，他自己身居士林高位，却对蒋介石以次的统治者，无一不低三下四，表现不出知识分子的风骨。他竟不知道，他本人的立身，“对社会的风气转变比平常人责任更大”；他不自知而反去教训人，其无耻可想。连做“中央研究院”院长的，都如此无耻，难怪国民党统治下的知识分子都是这副德行也！
6	013.李子弋该打屁股.txt	5	通天教主白日遁走·一代妖姬午夜惊魂	我愿在这里立刻代子弋老哥澄清，并为李氏父子庆幸，因为这一讹传，我不止听萧孟能夫人朱婉坚说过，也听一些人说过，如今经李敖一言九鼎，得以正式澄清，亦子弋老哥尽孝之一大契机。我与子弋老哥相识二十五年，深喜其人坦白豪爽、有真性情。这种真性情，有时也会屁股挨打。一千八百年前，思想家王充只不过说了他爸爸“勇势凌人”、喜欢打架，就被六百年后的史学家骂他“述其父祖不肖”、“...
4	013.李子弋该打屁股.txt	5	勇势凌人	我愿在这里立刻代子弋老哥澄清，并为李氏父子庆幸，因为这一讹传，我不止听萧孟能夫人朱婉坚说过，也听一些人说过，如今经李敖一言九鼎，得以正式澄清，亦子弋老哥尽孝之一大契机。我与子弋老哥相识二十五年，深喜其人坦白豪爽、有真性情。这种真性情，有时也会屁股挨打。一千八百年前，思想家王充只不过说了他爸爸“勇势凌人”、喜欢打架，就被六百年后的史学家骂他“述其父祖不肖”、“...
4	013.李子弋该打屁股.txt	5	述其父祖不肖	我愿在这里立刻代子弋老哥澄清，并为李氏父子庆幸，因为这一讹传，我不止听萧孟能夫人朱婉坚说过，也听一些人说过，如今经李敖一言九鼎，得以正式澄清，亦子弋老哥尽孝之一大契机。我与子弋老哥相识二十五年，深喜其人坦白豪爽、有真性情。这种真性情，有时也会屁股挨打。一千八百年前，思想家王充只不过说了他爸爸“勇势凌人”、喜欢打架，就被六百年后的史学家骂他“述其父祖不肖”、“...
4	013.李子弋该打屁股.txt	5	厚辱其先	我愿在这里立刻代子弋老哥澄清，并为李氏父子庆幸，因为这一讹传，我不止听萧孟能夫人朱婉坚说过，也听一些人说过，如今经李敖一言九鼎，得以正式澄清，亦子弋老哥尽孝之一大契机。我与子弋老哥相识二十五年，深喜其人坦白豪爽、有真性情。这种真性情，有时也会屁股挨打。一千八百年前，思想家王充只不过说了他爸爸“勇势凌人”、喜欢打架，就被六百年后的史学家骂他“述其父祖不肖”、“...
3	013.李子弋该打屁股.txt	5	征逐声色	我愿在这里立刻代子弋老哥澄清，并为李氏父子庆幸，因为这一讹传，我不止听萧孟能夫人朱婉坚说过，也听一些人说过，如今经李敖一言九鼎，得以正式澄清，亦子弋老哥尽孝之一大契机。我与子弋老哥相识二十五年，深喜其人坦白豪爽、有真性情。这种真性情，有时也会屁股挨打。一千八百年前，思想家王充只不过说了他爸爸“勇势凌人”、喜欢打架，就被六百年后的史学家骂他“述其父祖不肖”、“...
8	014.李玉阶高明光大.txt	5	如有违背誓言，愿受国法制裁，选民唾弃，并遭天谴	不过，看到11月13日吕秀莲发起、胡茵梦主持的所谓祈安竞选大会，纠合各路候选人发誓：“如有违背誓言，愿受国法制裁，选民唾弃，并遭天谴”的举动，我大吃一惊。原来这些男女的大脑如此荒谬、如此封建，连“天谴”都出笼了，这是什么世纪的大脑！
3	014.李玉阶高明光大.txt	5	天谴	不过，看到11月13日吕秀莲发起、胡茵梦主持的所谓祈安竞选大会，纠合各路候选人发誓：“如有违背誓言，愿受国法制裁，选民唾弃，并遭天谴”的举动，我大吃一惊。原来这些男女的大脑如此荒谬、如此封建，连“天谴”都出笼了，这是什么世纪的大脑！
3	015.民进党同室操“信”.txt	5	宣传部长	公开信既然能操，其他的，也就不在话下。报上说，民进党市议员候选人黄宗文为了国民党对手陈政忠不来辩论；而原先答应他前来助阵的同党陈胜宏亦不克前来，乃在会场及宣传车上贴满海报，以漫画手法讽刺二陈，其中一张画一只标明“陈×忠”蛇尾老虎，及标明“陈×宏”的缩头乌龟云。——黄宗文曾是民进党的“宣传部长”，如今同室一操至此，中国政党笑谈，又别开新面了。
6	017.浇黄鼎翎凉水.txt	3	名家耶卡送爱心联展	《时报广场》黄鼎翎小姐寄来总经理文念萱先生的邀请函，附空白设计卡片一张，要我涂鸦以后，参加他们企划的“名家耶卡送爱心联展”。
3	018.“澄社”的嘴脸.txt	3	知识分子不可做政治帮闲	“澄社”的龙头杨国枢日来说“台独”只是“言论自由”范围，其言甚壮。杨国枢有一文题目是“知识分子不可做政治帮闲”，真不知他今日的作风是帮忙还是帮闲。试问当年他的老同学魏廷朝、李敖等下狱时，他为什么不主张这些人是“言论自由”范围？“澄社”成立时发表“宣言”，其中指责国民党的“亲贵”结构，殊不知身为警备副总司令女婿的杨国枢本人，正是这种“亲贵”结构的受益人！你杨国...
3	018.“澄社”的嘴脸.txt	3	社会心理学读书摘要	“澄社”的龙头杨国枢日来说“台独”只是“言论自由”范围，其言甚壮。杨国枢有一文题目是“知识分子不可做政治帮闲”，真不知他今日的作风是帮忙还是帮闲。试问当年他的老同学魏廷朝、李敖等下狱时，他为什么不主张这些人是“言论自由”范围？“澄社”成立时发表“宣言”，其中指责国民党的“亲贵”结构，殊不知身为警备副总司令女婿的杨国枢本人，正是这种“亲贵”结构的受益人！你杨国...
8	018.“澄社”的嘴脸.txt	5	论坛而不参政，澄社立场鲜明	杨国枢以外，别人也一样。今年4月18日“澄社”成立时，报上大捧“论坛而不参政，澄社立场鲜明”，“他们认为知识分子参政以后将可能丧失独立超然立场”云云。可是四个月下来，社员之一林俊义就以民进党“立委”候选人身份，大参其政了，言犹在纸，说了旋即不算了，这叫什么知识分子？
6	018.“澄社”的嘴脸.txt	5	他们认为知识分子参政以后将可能丧失独立超然立场	杨国枢以外，别人也一样。今年4月18日“澄社”成立时，报上大捧“论坛而不参政，澄社立场鲜明”，“他们认为知识分子参政以后将可能丧失独立超然立场”云云。可是四个月下来，社员之一林俊义就以民进党“立委”候选人身份，大参其政了，言犹在纸，说了旋即不算了，这叫什么知识分子？
6	019.尤清的妖妄.txt	3	今年我的胜算应该是百分之五十，和李锡锟五五波的局面。有一位研究奇门遁甲的江湖人士说，今年是蛇年，而我属马，年尾选举后，正象征我在明年马到成功，因而预测我会当选。但是即使如此，也要靠大家帮忙，一票一票累积起来，结合民意与天意，才可能使预言实现。	11月16日《联合晚报》说，民进党台北县长候选人尤清声言：“今年我的胜算应该是百分之五十，和李锡锟五五波的局面。有一位研究奇门遁甲的江湖人士说，今年是蛇年，而我属马，年尾选举后，正象征我在明年马到成功，因而预测我会当选。但是即使如此，也要靠大家帮忙，一票一票累积起来，结合民意与天意，才可能使预言实现。”
3	021.周清玉的妖妄.txt	3	民国四十年第一届县长选举时，彰化县共有四人参选，其中陈锡卿、于国祯两人，分别代表本省籍与外省籍人士出马角逐，当时陈锡卿的智囊团即利用耳语，以陈锡卿是‘天命所归’广加宣传，并指称他的宣传单有‘庇佑’功效。	11月15日《民众日报》登：“民国四十年第一届县长选举时，彰化县共有四人参选，其中陈锡卿、于国祯两人，分别代表本省籍与外省籍人士出马角逐，当时陈锡卿的智囊团即利用耳语，以陈锡卿是‘天命所归’广加宣传，并指称他的宣传单有‘庇佑’功效。”“耳语传出后，陈锡卿的宣传单成为各界争先搜集对象，并有人指称只要将这些宣传单，贴在‘猪槽’或‘鸡场’，均可庇佑六畜兴旺，也因此...
3	021.周清玉的妖妄.txt	3	耳语传出后，陈锡卿的宣传单成为各界争先搜集对象，并有人指称只要将这些宣传单，贴在‘猪槽’或‘鸡场’，均可庇佑六畜兴旺，也因此造成陈锡卿声望日隆，并以绝对票数获得胜利，此事迄今仍为县内老一辈人士津津乐道。	11月15日《民众日报》登：“民国四十年第一届县长选举时，彰化县共有四人参选，其中陈锡卿、于国祯两人，分别代表本省籍与外省籍人士出马角逐，当时陈锡卿的智囊团即利用耳语，以陈锡卿是‘天命所归’广加宣传，并指称他的宣传单有‘庇佑’功效。”“耳语传出后，陈锡卿的宣传单成为各界争先搜集对象，并有人指称只要将这些宣传单，贴在‘猪槽’或‘鸡场’，均可庇佑六畜兴旺，也因此...
3	021.周清玉的妖妄.txt	3	民进党提名县长参选人周清玉，昨日举行全民治安大游行时，推出一张如神明绕境游行中的‘符咒’，祈求‘护县佑民’，民众反映不一。	11月15日《民众日报》登：“民国四十年第一届县长选举时，彰化县共有四人参选，其中陈锡卿、于国祯两人，分别代表本省籍与外省籍人士出马角逐，当时陈锡卿的智囊团即利用耳语，以陈锡卿是‘天命所归’广加宣传，并指称他的宣传单有‘庇佑’功效。”“耳语传出后，陈锡卿的宣传单成为各界争先搜集对象，并有人指称只要将这些宣传单，贴在‘猪槽’或‘鸡场’，均可庇佑六畜兴旺，也因此...
3	021.周清玉的妖妄.txt	3	周清玉所推出的这张‘符咒’文宣，几乎完全仿自一般神明绕境游行的‘符咒’印刷，只是将‘绕境平安、风调雨顺’字样，改为‘护县佑民’，由随车人员大量散发。	11月15日《民众日报》登：“民国四十年第一届县长选举时，彰化县共有四人参选，其中陈锡卿、于国祯两人，分别代表本省籍与外省籍人士出马角逐，当时陈锡卿的智囊团即利用耳语，以陈锡卿是‘天命所归’广加宣传，并指称他的宣传单有‘庇佑’功效。”“耳语传出后，陈锡卿的宣传单成为各界争先搜集对象，并有人指称只要将这些宣传单，贴在‘猪槽’或‘鸡场’，均可庇佑六畜兴旺，也因此...
7	022.一厢情愿的迷梦.txt	3	李登辉应学习已故的埃及总统萨达特，前往大陆与中共签订互不以武力侵犯的约定。	11月19日在报上一翻，就抓到一大堆一厢情愿的迷梦：一、民进党台南县“立委”候选人魏耀乾说：“台湾应立即加入联合国，成为‘新而独立’的国家，不再附属于共产中国的一部分。如此不仅可避免中共入侵的口实，而且也能突破台湾在国际上的困境，让台湾人在国际社会抬头挺胸”。二、民进党高雄市“立委”候选人李庆雄说：“台湾与中国大陆应以‘国与国’的立场直接交通，中共确有实力攻...
6	022.一厢情愿的迷梦.txt	3	台湾应立即加入联合国，成为‘新而独立’的国家，不再附属于共产中国的一部分。如此不仅可避免中共入侵的口实，而且也能突破台湾在国际上的困境，让台湾人在国际社会抬头挺胸	11月19日在报上一翻，就抓到一大堆一厢情愿的迷梦：一、民进党台南县“立委”候选人魏耀乾说：“台湾应立即加入联合国，成为‘新而独立’的国家，不再附属于共产中国的一部分。如此不仅可避免中共入侵的口实，而且也能突破台湾在国际上的困境，让台湾人在国际社会抬头挺胸”。二、民进党高雄市“立委”候选人李庆雄说：“台湾与中国大陆应以‘国与国’的立场直接交通，中共确有实力攻...
6	022.一厢情愿的迷梦.txt	3	台湾与中国大陆应以‘国与国’的立场直接交通，中共确有实力攻打台湾，但天安门事件使中共付出沉重代价，急需科技、资金援助的中共，不会在台湾独立后攻打台湾	11月19日在报上一翻，就抓到一大堆一厢情愿的迷梦：一、民进党台南县“立委”候选人魏耀乾说：“台湾应立即加入联合国，成为‘新而独立’的国家，不再附属于共产中国的一部分。如此不仅可避免中共入侵的口实，而且也能突破台湾在国际上的困境，让台湾人在国际社会抬头挺胸”。二、民进党高雄市“立委”候选人李庆雄说：“台湾与中国大陆应以‘国与国’的立场直接交通，中共确有实力攻...
3	022.一厢情愿的迷梦.txt	5	国与国	说进联合国？今天能进，当年就不会被赶出来，怎么进法？说天安门事件后中共不会打台湾？它早在天安门事件前就打你了，为何不打？说签互不侵犯协定？谁要跟你签？萨达特是埃及总统，不是以色列一省的总统，他可以分庭抗礼；但李登辉算什么？台湾算什么？“国与国”立场直接沟通，你算老几呀？
3	023.答余政宪老弟.txt	3	李敖先生大鉴：近日于高雄县坊间，有多份黑函大量流传，其中引用先生大作攻讦余陈县长月瑛，必是不肖分子所为；唯恐有违先生素志及清誉，敬请先生出面澄清，兹检附黑函影本，谨供先生参考。顺颂祺安。晚政宪敬上。1989.11.20	11月19日，余政宪来信如下：“李敖先生大鉴：近日于高雄县坊间，有多份黑函大量流传，其中引用先生大作攻讦余陈县长月瑛，必是不肖分子所为；唯恐有违先生素志及清誉，敬请先生出面澄清，兹检附黑函影本，谨供先生参考。顺颂祺安。晚政宪敬上。1989.11.20”
3	025.你们为何不利用？.txt	3	本报专栏作家李敖在本报《世论新语》所撰写的文章，已成为台北县长候选人李锡锟最有力的文宣作品之一，李锡锟连日来却在国民党提名立委候选人的政见发表会上帮忙助选，同时到处向在场听政见的选民散发李敖所写的文宣作品，选民看了李敖所写的文章大声叫好指出，总算有人给尤清一记当头棒喝。	12月21日早上《世界论坛报》登：“本报专栏作家李敖在本报《世论新语》所撰写的文章，已成为台北县长候选人李锡锟最有力的文宣作品之一，李锡锟连日来却在国民党提名立委候选人的政见发表会上帮忙助选，同时到处向在场听政见的选民散发李敖所写的文宣作品，选民看了李敖所写的文章大声叫好指出，总算有人给尤清一记当头棒喝。”
6	026.谁删减了“国防预算”？.txt	3	国民党黄河清与民进党余政宪两位立委候选人，昨晚不约而同自称在立法院率先倡议删减国防预算，双方旗鼓相当。	11月20日《联合报》仁武讯：“国民党黄河清与民进党余政宪两位立委候选人，昨晚不约而同自称在立法院率先倡议删减国防预算，双方旗鼓相当。”其实，真正“在立法院率先倡议删减国防预算”的人，不是他们，而是苏秋镇。
6	026.谁删减了“国防预算”？.txt	3	在立法院率先倡议删减国防预算	11月20日《联合报》仁武讯：“国民党黄河清与民进党余政宪两位立委候选人，昨晚不约而同自称在立法院率先倡议删减国防预算，双方旗鼓相当。”其实，真正“在立法院率先倡议删减国防预算”的人，不是他们，而是苏秋镇。
3	027.“何其声之似我也！”.txt	1	何其声之似我也！	“何其声之似我也！”
3	027.“何其声之似我也！”.txt	3	‘宪法草案’既是采取内阁制，又规定总统直接民选，是否会发生总统与总理因代表性而引发各种矛盾？	11月17日《民众日报》登出《林浊水谈“台湾共和国宪法”特色》，记者问：“‘宪法草案’既是采取内阁制，又规定总统直接民选，是否会发生总统与总理因代表性而引发各种矛盾？”林浊水答：“宪法的制定、实行，有两项作用，一是引领社会变迁，二是社会现实的转化，也可以说是一种现实与理想的作用。‘宪法草案’之所以采内阁制，又规定总统直选，就是现实与理想的考虑。”
3	027.“何其声之似我也！”.txt	3	宪法的制定、实行，有两项作用，一是引领社会变迁，二是社会现实的转化，也可以说是一种现实与理想的作用。‘宪法草案’之所以采内阁制，又规定总统直选，就是现实与理想的考虑。	11月17日《民众日报》登出《林浊水谈“台湾共和国宪法”特色》，记者问：“‘宪法草案’既是采取内阁制，又规定总统直接民选，是否会发生总统与总理因代表性而引发各种矛盾？”林浊水答：“宪法的制定、实行，有两项作用，一是引领社会变迁，二是社会现实的转化，也可以说是一种现实与理想的作用。‘宪法草案’之所以采内阁制，又规定总统直选，就是现实与理想的考虑。”
5	027.“何其声之似我也！”.txt	5	此非吾君也，何其声之似我也！	我想我的小老弟林浊水（包括林义雄等新“宪法”迷）等人，大概不知道他们今天说的话，正是四十多年前国民党又搞总统制又搞内阁制时说的话！正因为国民党当年有那种“现实与理想的考虑”，所以贻害至今！四十多年后，国民党教育下的最出类拔萃的台湾人又来了！他们还说要反国民党呢！他们是国民党教育下的最成功同路人，只是昏然不自知而已。古话说：“此非吾君也，何其声之似我也！”国民...
6	028.又一个捡便宜的.txt	3	在民众高度好奇和情治单位高度关切的警戒下，海外台独联盟美国主席郭倍宏，22日晚间如‘预期’地出现中和市运动场卢修一、周慧瑛联合政见会场，上台大谈台独主张，警方一度曾试图上台逮捕，但被群众阻挡，政见会场结束后，郭倍宏在民进党人士掩护下，以极戏剧性的‘金蝉脱壳’手法，突破情治单位及警方的严密封锁，从现场消失。	11月23日报上登：“在民众高度好奇和情治单位高度关切的警戒下，海外台独联盟美国主席郭倍宏，22日晚间如‘预期’地出现中和市运动场卢修一、周慧瑛联合政见会场，上台大谈台独主张，警方一度曾试图上台逮捕，但被群众阻挡，政见会场结束后，郭倍宏在民进党人士掩护下，以极戏剧性的‘金蝉脱壳’手法，突破情治单位及警方的严密封锁，从现场消失。”
4	028.又一个捡便宜的.txt	7	职业学生	郭倍宏只是一个1955年生的台湾台南人，在台大学土木工程，并且是国民党党棍。1980年去美国留学后，还是国民党的“职业学生”。1981年任北卡州大中国同学会财务负责人、北卡地区国民党小组长、1982年还竞选中国同学会会长。1983年宣布退出国民党，摇身一变，加入“台独联盟”美国本部，四年之内，夺权干到本部主席。总计他从做国民党的“职业学生”到背离国民党，于今...
3	028.又一个捡便宜的.txt	7	台独联盟	郭倍宏只是一个1955年生的台湾台南人，在台大学土木工程，并且是国民党党棍。1980年去美国留学后，还是国民党的“职业学生”。1981年任北卡州大中国同学会财务负责人、北卡地区国民党小组长、1982年还竞选中国同学会会长。1983年宣布退出国民党，摇身一变，加入“台独联盟”美国本部，四年之内，夺权干到本部主席。总计他从做国民党的“职业学生”到背离国民党，于今...
3	030.林义雄矫情.txt	3	林义雄昨日请托跑民进党中央党部新闻的记者，送还今年8月民进党主席黄信介至美拜访他时，离去前匆忙塞给他女儿奂均的‘一包东西’。	11月16日报上登：“林义雄昨日请托跑民进党中央党部新闻的记者，送还今年8月民进党主席黄信介至美拜访他时，离去前匆忙塞给他女儿奂均的‘一包东西’。”“原来这一包东西，是一万美元的现钞，林义雄夫妇认为这个礼太重，所以共同决定退还。林义雄表示自从他家发生惨案后，经常有人要赠送礼物给他们所剩下来的唯一女儿，但都被他们夫妇拒绝，因为他们认为那样会宠坏孩子。”“林义雄...
3	030.林义雄矫情.txt	3	原来这一包东西，是一万美元的现钞，林义雄夫妇认为这个礼太重，所以共同决定退还。林义雄表示自从他家发生惨案后，经常有人要赠送礼物给他们所剩下来的唯一女儿，但都被他们夫妇拒绝，因为他们认为那样会宠坏孩子。	11月16日报上登：“林义雄昨日请托跑民进党中央党部新闻的记者，送还今年8月民进党主席黄信介至美拜访他时，离去前匆忙塞给他女儿奂均的‘一包东西’。”“原来这一包东西，是一万美元的现钞，林义雄夫妇认为这个礼太重，所以共同决定退还。林义雄表示自从他家发生惨案后，经常有人要赠送礼物给他们所剩下来的唯一女儿，但都被他们夫妇拒绝，因为他们认为那样会宠坏孩子。”“林义雄...
3	030.林义雄矫情.txt	3	林义雄表示，此番返台只在拜访民进党中央党部时见过黄信介，未来也可能少有机会碰到，但是他了解赠送者的心意，所以特别请记者把这一万美元现钞折合成台币后的二十五万元送还给黄信介，至于剩下的九千元零数，算他们收了黄信介这位长者赐给其女儿的礼物。	11月16日报上登：“林义雄昨日请托跑民进党中央党部新闻的记者，送还今年8月民进党主席黄信介至美拜访他时，离去前匆忙塞给他女儿奂均的‘一包东西’。”“原来这一包东西，是一万美元的现钞，林义雄夫妇认为这个礼太重，所以共同决定退还。林义雄表示自从他家发生惨案后，经常有人要赠送礼物给他们所剩下来的唯一女儿，但都被他们夫妇拒绝，因为他们认为那样会宠坏孩子。”“林义雄...
3	031.苦苓的乐观.txt	3	凡是敢跟国民党政府吵的、闹的，甚至大打出手的，事后都会得到特别的重视与照顾，反而如老兵、眷村子弟、原住民，最不被国民党看在眼里，好像吃定成铁票与乖乖牌，根本不曾认真的为其着想过。	我的小老弟苦苓最近说：“凡是敢跟国民党政府吵的、闹的，甚至大打出手的，事后都会得到特别的重视与照顾，反而如老兵、眷村子弟、原住民，最不被国民党看在眼里，好像吃定成铁票与乖乖牌，根本不曾认真的为其着想过。”因此他呼吁眷村子弟用神圣的选票，向国民党做最严正的抗议，这将更有助于国民党加快改革的脚步，如此才能获得真正的幸福，而眷村的下一代亦可高唱“我的未来不是梦”。
5	031.苦苓的乐观.txt	5	老兵、眷村子弟、原住民	我看，我的小老弟未免太乐观了，用选票做抗议，纵使把民进党选出来，又怎么样？民进党对“老兵、眷村子弟、原住民”的表现，其实和国民党一样王八蛋。这两个王八蛋政党，给人的未来不但是梦，并且是噩梦。以苦苓的聪明，当然看得出来。看得出来还这样说，小老弟该打屁股。
4	032.有劳小民丑表功.txt	7	此亦人子也，可善遇之。	自己的“功”，自己不“表”，却劳小民“丑表功”，这种民意代表，太不体恤人了。陶渊明说：“此亦人子也，可善遇之。”民意代表不拿“人子”当“人子”，还有仁心济世么？
4	033.中共有大志.txt	5	中共正在花大笔金钱，援助第三世界，以证明本身是第三世界的领袖。	11月24日，《中央日报》报导：“中共正在花大笔金钱，援助第三世界，以证明本身是第三世界的领袖。”“只要外交不顾肚皮。”“中共无视财政窘况。”其实，这就是中共。陈立夫等提议内援，他们不要；自己却在一穷二白负债累累之时，还要援外。这种大志，岂是商人町人的台湾政客所能理解的！
6	035.郭倍宏原来是国特！.txt	5	对一个由拥有国民党龄十一年、校园特务半年、留美‘中国同学会’干部一年，到台湾独立建国联盟美国本部主席。这一个铁的事实，是倍宏心灵经过正义和邪恶的战争的抉择，倍宏给正义抬头，让邪恶沉沦。阿宏不只是我的后生，更加是傲骨凛然的台湾男子汉。	11月26日我看报，得知郭倍宏的双亲在25日公开提出声明，其中透露：“对一个由拥有国民党龄十一年、校园特务半年、留美‘中国同学会’干部一年，到台湾独立建国联盟美国本部主席。这一个铁的事实，是倍宏心灵经过正义和邪恶的战争的抉择，倍宏给正义抬头，让邪恶沉沦。阿宏不只是我的后生，更加是傲骨凛然的台湾男子汉。”可见我的“情报”，还太轻了呢！原来郭倍宏根本就是“特务”...
5	035.郭倍宏原来是国特！.txt	7	给正义抬头，让邪恶沉沦	说郭倍宏“心灵经过正义和邪恶的战争”而知所“抉择”，这是好的，不过，我们忍不住要纳闷，他的抉择，为什么抉择得这么迟？这么晚？真正男子汉们前仆后继“给正义抬头，让邪恶沉沦”而受苦受难的时候，他郭倍宏在干什么？在干的，正是人人看不起的特务啊！
3	035.郭倍宏原来是国特！.txt	7	心灵经过正义和邪恶的战争	说郭倍宏“心灵经过正义和邪恶的战争”而知所“抉择”，这是好的，不过，我们忍不住要纳闷，他的抉择，为什么抉择得这么迟？这么晚？真正男子汉们前仆后继“给正义抬头，让邪恶沉沦”而受苦受难的时候，他郭倍宏在干什么？在干的，正是人人看不起的特务啊！
3	035.郭倍宏原来是国特！.txt	9	傲骨凛然的台湾男子汉	郭倍宏要做男子汉，自然为我们所乐见。但是，做男子汉不是嘴巴说的，尤其不是在海外国民党恶势力所不及的安全地方说的，要真见诸行动才算，但郭倍宏的“铁的事实”，呈现给我们的，却是一连串的助纣为虐、为虎作伥，今天给国民党做狗腿，明天又以立地成佛姿态，夤缘而成“台独”主席。这样反复无常的小人、投机靠大边的懦夫、没有任何实际成绩来立功于台湾的假货，如今居然以“傲骨凛然的...
4	036.不足为训的弃投.txt	3	弃暗投明	陈英士的孙子，为了护照纠纷，愤而朝民进党钩手指；关中的继母，为了遗产纠纷，愤而朝民进党吊膀子……这种“弃暗投明”的理由是不足为训的。你可以光明磊落的唾弃国民党、你可以光明磊落的加入民进党，但为了一己的私利或屁事，就决定个人的大局，这是不得体的小动作。何况，民进党当了道，你的纠纷，就不发生了吗？太天真了吧？英文有自拉丁文转出的一句谚语是：Out of the ...
3	036.不足为训的弃投.txt	3	跳出油锅又入火坑	陈英士的孙子，为了护照纠纷，愤而朝民进党钩手指；关中的继母，为了遗产纠纷，愤而朝民进党吊膀子……这种“弃暗投明”的理由是不足为训的。你可以光明磊落的唾弃国民党、你可以光明磊落的加入民进党，但为了一己的私利或屁事，就决定个人的大局，这是不得体的小动作。何况，民进党当了道，你的纠纷，就不发生了吗？太天真了吧？英文有自拉丁文转出的一句谚语是：Out of the ...
4	037.“跖非诛盗之人”.txt	3	Set a thief to catch a thief	古话有一种“以盗首弭盗”，流行的说法是“以贼捉贼”，英谚“Set a thief to catch a thief”就是这个意思。为什么“以贼捉贼”呢？因为贼最了解贼的习性，用贼去抓贼，必然手到擒来。
3	037.“跖非诛盗之人”.txt	3	以盗首弭盗	古话有一种“以盗首弭盗”，流行的说法是“以贼捉贼”，英谚“Set a thief to catch a thief”就是这个意思。为什么“以贼捉贼”呢？因为贼最了解贼的习性，用贼去抓贼，必然手到擒来。
3	037.“跖非诛盗之人”.txt	3	以贼捉贼	古话有一种“以盗首弭盗”，流行的说法是“以贼捉贼”，英谚“Set a thief to catch a thief”就是这个意思。为什么“以贼捉贼”呢？因为贼最了解贼的习性，用贼去抓贼，必然手到擒来。
4	037.“跖非诛盗之人”.txt	5	盗固不义，而跖非诛盗之人。	虽然在当政者的立场，贪图方便，而要“以贼捉贼”；但对贼自己说来，却也有其立场。古话又说：“盗固不义，而跖非诛盗之人。”意思是说，贼虽然不是好东西，可是贼头子却不适合宣布贼的罪状而杀之。原因何在？他们本是一流货耳！基于“盗亦有道”的道理，一流货的人，不可以这样干自己人。干贼这一行的，也许在不得已时，被迫要去“以贼捉贼”，但是他不能以此为理直气壮，认为自己有资格...
3	038.陈重光之言.txt	7	于每月终了后检查新台币发行数额及准备情形	陈重光的话很含蓄，现在我替他说清楚：四十年前，国民党祸国，币制破产，1949年6月15日发行新台币，为了取信于人，乃从大陆同胞手中巧取豪夺来的黄金中，抽出八十万两，作为准备金，并成立“新台币发行准备监理委员会”，由各界人士参加，“于每月终了后检查新台币发行数额及准备情形”，以为监督。陈重光们每月都要去看黄金还在不在，即因此而来。——国民党信用破产时，搞出这种...
5	039.冷眼看选热.txt	5	温、良、恭、俭、让	选举热潮中，什么国民党、什么民进党，都使尽浑身解数，不择手段，朝对方丢大便，任何他们所服膺的“温、良、恭、俭、让”，全都忘得一干二净，而以互揭对方内幕为能事。我觉得，双方总该隐瞒一点，才够味道，精锐尽出的干法，太不斯文了。我觉得这个美人儿隐瞒年龄的故事，也许可资反省反省。政客也要讲究情调的，你为我隐，我为你隐，民主“风度”在其中矣！
3	040.“国民党法院”.txt	5	为什么你可以向‘国民党法院’告别人，我就不能向‘国民党法院’告你？为什么你告别人，法院就不是国民党的；我一告你，法院就变成国民党的了？请你告诉我，你用的是什么标准？这就是党外的公道吗？	在法庭上，我拿出一张林正杰告别人的剪报，反问他：“为什么你可以向‘国民党法院’告别人，我就不能向‘国民党法院’告你？为什么你告别人，法院就不是国民党的；我一告你，法院就变成国民党的了？请你告诉我，你用的是什么标准？这就是党外的公道吗？”
4	041.“户半开”的民主.txt	3	戴月西厢下，迎风户半开，隔墙花影动，疑是玉人来。	《西厢记》有道是：“戴月西厢下，迎风户半开，隔墙花影动，疑是玉人来。”国民党在台湾实行关门民主四十年，如今解严以后，实行的，也并非开门民主，至多只是“户半开”的（ajar）民主而已。
7	041.“户半开”的民主.txt	5	望得人眼欲穿，想得人心愈窄，多管是冤家不自在。	什么是“户半开”的民主？“户半开”的民主是一种似真又假的民主，它只是民主假象，“户半开”，只是似开非开，纵使你推门而入，其实进的，也只是外院，距离真正的登堂入室，还早得很哩！换句话说，这深宅大院的豪门，真正的权力核心，还在内室卧室。“户半开”一下，纵使让你进门，也不过是在外院跟你演戏。——“望得人眼欲穿，想得人心愈窄，多管是冤家不自在。”对民主有信仰的人，真...
4	041.“户半开”的民主.txt	5	云雨会巫峡	什么是“户半开”的民主？“户半开”的民主是一种似真又假的民主，它只是民主假象，“户半开”，只是似开非开，纵使你推门而入，其实进的，也只是外院，距离真正的登堂入室，还早得很哩！换句话说，这深宅大院的豪门，真正的权力核心，还在内室卧室。“户半开”一下，纵使让你进门，也不过是在外院跟你演戏。——“望得人眼欲穿，想得人心愈窄，多管是冤家不自在。”对民主有信仰的人，真...
4	042.明人不做暗事.txt	3	别不好意思，给我好了，我们明人不做暗事。	一位朋友到警察局送红包，找到主管的那位警察，可是旁边有别的警察，不便把红包奉上。那位警察说：“别不好意思，给我好了，我们明人不做暗事。”
7	043.说小人，则藐之.txt	3	说大人，则藐之，勿视其巍巍然。	孟子说：“说大人，则藐之，勿视其巍巍然。”孟子毕竟是一代大儒，他敢于轻视那些政治人物，气概自是不凡。
4	043.说小人，则藐之.txt	5	小人得志	中国历史上有孟子这一气概的人很少见，大家对政治人物，既畏且羡。这种态度，降至台湾地区，更形鲜活。台湾在清朝是边陲之地，建置以后，不过一府三县，论起官职，小之又小。转入日本统治后，一仍旧贯，台湾人能做的，不过委任之官，五十年间，台湾只有一名简任官，而委任之官，也不过千分之十。故在台湾人眼中，一警察、一校长，无一不是大官，眼界之小，世罕其匹。到了国民党来台，名中...
3	043.说小人，则藐之.txt	5	大人	中国历史上有孟子这一气概的人很少见，大家对政治人物，既畏且羡。这种态度，降至台湾地区，更形鲜活。台湾在清朝是边陲之地，建置以后，不过一府三县，论起官职，小之又小。转入日本统治后，一仍旧贯，台湾人能做的，不过委任之官，五十年间，台湾只有一名简任官，而委任之官，也不过千分之十。故在台湾人眼中，一警察、一校长，无一不是大官，眼界之小，世罕其匹。到了国民党来台，名中...
3	043.说小人，则藐之.txt	5	小大人	中国历史上有孟子这一气概的人很少见，大家对政治人物，既畏且羡。这种态度，降至台湾地区，更形鲜活。台湾在清朝是边陲之地，建置以后，不过一府三县，论起官职，小之又小。转入日本统治后，一仍旧贯，台湾人能做的，不过委任之官，五十年间，台湾只有一名简任官，而委任之官，也不过千分之十。故在台湾人眼中，一警察、一校长，无一不是大官，眼界之小，世罕其匹。到了国民党来台，名中...
3	043.说小人，则藐之.txt	5	小人	中国历史上有孟子这一气概的人很少见，大家对政治人物，既畏且羡。这种态度，降至台湾地区，更形鲜活。台湾在清朝是边陲之地，建置以后，不过一府三县，论起官职，小之又小。转入日本统治后，一仍旧贯，台湾人能做的，不过委任之官，五十年间，台湾只有一名简任官，而委任之官，也不过千分之十。故在台湾人眼中，一警察、一校长，无一不是大官，眼界之小，世罕其匹。到了国民党来台，名中...
8	043.说小人，则藐之.txt	9	说大人，则藐之	正因为台湾格局小，所以一次选举，全岛若狂，在朝者无“大人”相，在野者皆“小人”相，看来令人讨厌之至。一场选举下来，又增加了一批讨厌的嘴脸。“说大人，则藐之”的孟子，若生今之世、值此之岛，除了全是“小人”可藐外，欲求“大人”来藐，都不可得矣！
3	043.说小人，则藐之.txt	9	大人	正因为台湾格局小，所以一次选举，全岛若狂，在朝者无“大人”相，在野者皆“小人”相，看来令人讨厌之至。一场选举下来，又增加了一批讨厌的嘴脸。“说大人，则藐之”的孟子，若生今之世、值此之岛，除了全是“小人”可藐外，欲求“大人”来藐，都不可得矣！
3	043.说小人，则藐之.txt	9	小人	正因为台湾格局小，所以一次选举，全岛若狂，在朝者无“大人”相，在野者皆“小人”相，看来令人讨厌之至。一场选举下来，又增加了一批讨厌的嘴脸。“说大人，则藐之”的孟子，若生今之世、值此之岛，除了全是“小人”可藐外，欲求“大人”来藐，都不可得矣！
5	045.国民党的人才政策.txt	3	国民党的人才比共产党多，这一点阁下也不得不承认吧？	已经去世的老“立法委员”张九如，跟我讲过一个故事。在国共谈判时， 他因为做过记录人员，所以常常见到周恩来。照共产党的规矩，共产党员对外谈判，至少要两人以上出场，隐喻互相监视之意。不过有一次，张群请周恩来吃饭，周恩来却单刀赴会，没有人陪他。那次饭局中，张九如敬陪末座。席间张群忽有所感，对周恩来说：“国民党的人才比共产党多，这一点阁下也不得不承认吧？”不料周恩来...
3	045.国民党的人才政策.txt	3	共产党的人才的确没有国民党多，但共产党却能用这些有限的人才；国民党人才多，却不能用这些大量的人才。	已经去世的老“立法委员”张九如，跟我讲过一个故事。在国共谈判时， 他因为做过记录人员，所以常常见到周恩来。照共产党的规矩，共产党员对外谈判，至少要两人以上出场，隐喻互相监视之意。不过有一次，张群请周恩来吃饭，周恩来却单刀赴会，没有人陪他。那次饭局中，张九如敬陪末座。席间张群忽有所感，对周恩来说：“国民党的人才比共产党多，这一点阁下也不得不承认吧？”不料周恩来...
7	048.土城事件内幕.txt	9	每人都抱怨自己记忆力不好，却从不抱怨自己判断力太差。	洋人谚语说：“每人都抱怨自己记忆力不好，却从不抱怨自己判断力太差。”（Everyone complains of his memory, and no one complains of his judgment.）台湾的选民判断力差，正因为他们的记忆力不好。林正杰在医院的信誓旦旦一出院就说了不算，而选民居然也立刻记忆力不好起来，跟着忘得一干二净。许老大坐牢兴...
6	050.治权在握，步步荆棘.txt	5	假使县市长并非本党同志，同时他又不尊重议会的意见，或对议会的决议执行不力，议会党团应在主管党部指示下，联合党外公正议员予以打击，如否决其提案，削改其预算，使其威信受挫，办事困难，虽治权在握，而步步荆棘。这样，他就自然不能不确实遵照议会的意见办事了。但是，采取此种措施，是不得已而为之的。一旦县市长依法送请复议，若党团同志不能掌握三分之二以上的表决权，非但难免撤销原议，并且有损议会自身的威信。所以在行动之前，要审慎策划，未雨绸缪。	我现举一件国民党的密件为例。1951年6月1日，国民党在内部出版的《改造》第十九期第50页里，就有“怎样控制县市长”的高见，原文说：“假使县市长并非本党同志，同时他又不尊重议会的意见，或对议会的决议执行不力，议会党团应在主管党部指示下，联合党外公正议员予以打击，如否决其提案，削改其预算，使其威信受挫，办事困难，虽治权在握，而步步荆棘。这样，他就自然不能不确实...
3	050.治权在握，步步荆棘.txt	5	怎样控制县市长	我现举一件国民党的密件为例。1951年6月1日，国民党在内部出版的《改造》第十九期第50页里，就有“怎样控制县市长”的高见，原文说：“假使县市长并非本党同志，同时他又不尊重议会的意见，或对议会的决议执行不力，议会党团应在主管党部指示下，联合党外公正议员予以打击，如否决其提案，削改其预算，使其威信受挫，办事困难，虽治权在握，而步步荆棘。这样，他就自然不能不确实...
5	050.治权在握，步步荆棘.txt	7	虽治权在握，而步步荆棘	看到了吧？“非本党同志”不跟本党合作，纵使当上县市长，也卵叫你呷，包你“虽治权在握，而步步荆棘”。党外县市长余登发也、许信良也、施性忠也……一干人等，个个不得善终，未能终职而下台，可为殷鉴。
3	051.赵少康的是与非.txt	3	立委赵少康昨天在立法院，对行政院总预算追加预算案质询时，突然语锋一转，对中国国民党此次大选中的缺失大肆抨击，认为国民党从上到下都要检讨。另外，赵少康也在质询后表示，未来总统、副总统人选，应由党员初选来决定。	12月6日，国民党《中央日报》攻击自己的同志赵少康，说：“立委赵少康昨天在立法院，对行政院总预算追加预算案质询时，突然语锋一转，对中国国民党此次大选中的缺失大肆抨击，认为国民党从上到下都要检讨。另外，赵少康也在质询后表示，未来总统、副总统人选，应由党员初选来决定。”
3	051.赵少康的是与非.txt	5	但是，从赵少康昨天在立法院中放言高论，大肆抨击所属的中国国民党来看，令人不禁要问：这位‘政治金童’是不是被胜利冲昏了头，有无自省过他对中国国民党贡献了多少？	《中央日报》评论说：“但是，从赵少康昨天在立法院中放言高论，大肆抨击所属的中国国民党来看，令人不禁要问：这位‘政治金童’是不是被胜利冲昏了头，有无自省过他对中国国民党贡献了多少？”
5	052.以黑函亮白刃.txt	3	上穷碧落下黄泉，动手动脚找东西	以前东吴大学校长——大讼师端木恺读了李敖的文章，惊为“用笔如刀”，此真知李敖者也。李敖“用笔如刀”，刀锋所至，白刃相加，所伤实多。为什么如此厉害？原因有二：一是文笔、一是证据。空骂一个人是王八蛋，骂得再漂亮，也不够的，要有证据证明他是王八蛋，才算本领。我一生功力所在，都是“上穷碧落下黄泉，动手动脚找东西”，东西就是证据。有证据入档，再用生花妙笔，写而出之，王...
7	052.以黑函亮白刃.txt	5	《乌鸦评论》进国会，反李国代掀巨浪，黑函偷袭李总统	12月7日起，各报多登出国民大会流传一份黑函的事，以12月8日《台湾时报》登的最详细。《台湾时报》的标题是“《乌鸦评论》进国会，反李国代掀巨浪，黑函偷袭李总统”，报导说：“大部分国大代表，日前都接获一份直接抨击李登辉总统的黑函，由于该黑函系采用国大全联会的专用信封，黑函寄发者呼之欲出，国大内部为之沸腾。”“该黑函系以不具名方式，大量影印坊间出售之作家李敖《乌...
6	052.以黑函亮白刃.txt	5	大部分国大代表，日前都接获一份直接抨击李登辉总统的黑函，由于该黑函系采用国大全联会的专用信封，黑函寄发者呼之欲出，国大内部为之沸腾。	12月7日起，各报多登出国民大会流传一份黑函的事，以12月8日《台湾时报》登的最详细。《台湾时报》的标题是“《乌鸦评论》进国会，反李国代掀巨浪，黑函偷袭李总统”，报导说：“大部分国大代表，日前都接获一份直接抨击李登辉总统的黑函，由于该黑函系采用国大全联会的专用信封，黑函寄发者呼之欲出，国大内部为之沸腾。”“该黑函系以不具名方式，大量影印坊间出售之作家李敖《乌...
6	052.以黑函亮白刃.txt	5	该黑函系以不具名方式，大量影印坊间出售之作家李敖《乌鸦评论》的部分内容。‘同样是共产党叛徒的蒋经国看中了他，选他为继承人，真是别具红眼。’‘蒋经国与李登辉，正是无独有偶的一对’	12月7日起，各报多登出国民大会流传一份黑函的事，以12月8日《台湾时报》登的最详细。《台湾时报》的标题是“《乌鸦评论》进国会，反李国代掀巨浪，黑函偷袭李总统”，报导说：“大部分国大代表，日前都接获一份直接抨击李登辉总统的黑函，由于该黑函系采用国大全联会的专用信封，黑函寄发者呼之欲出，国大内部为之沸腾。”“该黑函系以不具名方式，大量影印坊间出售之作家李敖《乌...
6	052.以黑函亮白刃.txt	5	此一黑函内容有两大张，绝大多数国代在这两天先后收到，估计发出数量达七八百张。国大内部人士研判，发出黑函者，应系经常进出国大全联会的‘反李派’国代，鉴于取用全联会专用信封数量庞大，及地址、收件人姓名书写方式，均系全联会特有的作业方式，不难查出是何人所为……	12月7日起，各报多登出国民大会流传一份黑函的事，以12月8日《台湾时报》登的最详细。《台湾时报》的标题是“《乌鸦评论》进国会，反李国代掀巨浪，黑函偷袭李总统”，报导说：“大部分国大代表，日前都接获一份直接抨击李登辉总统的黑函，由于该黑函系采用国大全联会的专用信封，黑函寄发者呼之欲出，国大内部为之沸腾。”“该黑函系以不具名方式，大量影印坊间出售之作家李敖《乌...
6	057.法律问题，政治解决.txt	3	国民党把经济问题，政治解决（如包庇财阀是也）；政治问题，法律解决（如以法律绳异己是也）；法律问题，经济解决（如法官收红包是也）。国民党总不能恪守本位。	我曾有名言：“国民党把经济问题，政治解决（如包庇财阀是也）；政治问题，法律解决（如以法律绳异己是也）；法律问题，经济解决（如法官收红包是也）。国民党总不能恪守本位。”
5	057.法律问题，政治解决.txt	5	法律问题，政治解决	其实，国民党这种思路，却影响了一个它的徒弟，就是民进党。民进党同此思路而反之，把政治问题，经济解决（如争党主席靠洒钞票是也）；经济问题，法律解决（如声言贿选而闹到法院是也）；法律问题，政治解决（如纠众掳人，胁迫官署重新验票是也）。民进党最优为之的，就是自己违法，再逼国民党也不得不违法迁就之。最近的一次就是台南县验票事件。民进党在纠集群众包围、攻击、烧毁公共设...
4	059.民主如晦，鸡鸣不已.txt	3	真奇怪，怎么十点钟鸡就叫了？不过，一定是清早了，因为低等动物的天性是不会错的。	19世纪美国自由派牧师比彻（Henry Ward Beecher），有一次做政治性演说，听众有捣乱者，故作鸡叫以扰之。比彻乃掏出怀表，一边看一边说：“真奇怪，怎么十点钟鸡就叫了？不过，一定是清早了，因为低等动物的天性是不会错的。”
5	060.民进党的友情问题.txt	3	过去四十年间，只照顾自己的朋友	《时代》周刊登民进党尤清的谈话，谴责国民党“过去四十年间，只照顾自己的朋友”。
6	061.“胡适是谁？”.txt	1	胡适是谁？	“胡适是谁？”
3	061.“胡适是谁？”.txt	3	希特勒是谁？	时代的变化，有时一叶知秋。我看到一则洋人之言，大意是说：当你的儿女问你“希特勒是谁？”的时候，你就该警觉你自己已经老了。
6	061.“胡适是谁？”.txt	5	林语堂是谁？	林语堂有次在台湾请唐德刚，唐德刚到了饭店，请问林语堂先生请客在哪一间？跑堂的竟问：“林语堂是谁？”远流出版社印行胡适的书，销路不好，原因之一是：年轻人到了书店，拿起书，竟问：“胡适是谁？”
6	061.“胡适是谁？”.txt	5	胡适是谁？	林语堂有次在台湾请唐德刚，唐德刚到了饭店，请问林语堂先生请客在哪一间？跑堂的竟问：“林语堂是谁？”远流出版社印行胡适的书，销路不好，原因之一是：年轻人到了书店，拿起书，竟问：“胡适是谁？”
6	062.文昌是谁？.txt	3	文昌帝君是不就是文天祥？	有一次我在光华商场赵中令先生的古董店里，谈他老师章太炎先生的书法，进来一位年轻艺术家，端详一座文昌帝君的塑像，俨然内行也。最后问了一句：“文昌帝君是不就是文天祥？”我当时几乎笑出来。
6	064.三头三脑话审美.txt	3	手笨嘴也笨。有一次见到一位女士，他张口便说：‘你今天显得真年轻啊！’对方当然高兴，正待答话，谁知他仔细一端详，又加上一句：‘哦！上回见你，你没化妆！’气得那位女士一句话也说不出来。	报上有一段描写刘宾雁，说他“手笨嘴也笨。有一次见到一位女士，他张口便说：‘你今天显得真年轻啊！’对方当然高兴，正待答话，谁知他仔细一端详，又加上一句：‘哦！上回见你，你没化妆！’气得那位女士一句话也说不出来。”
3	064.三头三脑话审美.txt	5	清华大学	其实，刘宾雁不算最笨的，我想他的学生王企祥比他还笨。王企祥见到女士，他可以单刀直入说她不好看，我笑他是科学怪人，不通人情世故，他在“清华大学”化学系教书，最后被教授们联名赶出来，可见他得罪了多少人。其实他是一个非常质直的好人，只是社会太虚伪了，所以吃不消他。
4	065.“假如我是一只狗”.txt	5	我的朋友， 你下一步怎么办？如果你知道的话，赶紧告诉我，以使我尽快学会你的方法。	记者的确太可恶。我在牢中看过刘君灿译的一篇《谈记者的采访》，是爱因斯坦在1934年写的。其中有这样几段：“设想下面这个情况。一天早上一个记者来找你，并友善地问你关于你朋友N的一些事情，起初你对这种提议难免有点气愤，但你马上就会发现你根本无法逃避，如果你拒绝发表谈话，这个人就会写：‘我询问了公认为N先生的一个最好的朋友，他谨慎地回避我的问题。’这无法避免地会使...
3	065.“假如我是一只狗”.txt	5	现在看看记者老爷的描述：N先生对任何事都一笑置之，并有使人喜爱的天赋，特别小心翼翼培养诚恳与讨好的风度，他完全是他工作的一个奴隶，以致没有时间考虑任何非个人的事务，他宠坏了他的太太，并受她颐指气使……’	记者的确太可恶。我在牢中看过刘君灿译的一篇《谈记者的采访》，是爱因斯坦在1934年写的。其中有这样几段：“设想下面这个情况。一天早上一个记者来找你，并友善地问你关于你朋友N的一些事情，起初你对这种提议难免有点气愤，但你马上就会发现你根本无法逃避，如果你拒绝发表谈话，这个人就会写：‘我询问了公认为N先生的一个最好的朋友，他谨慎地回避我的问题。’这无法避免地会使...
3	065.“假如我是一只狗”.txt	5	一个真正的记者也许会写得比这个更活泼尖刻，但我想这对你和你的朋友N已足够了。当他第二天早上在报上看到这段话，或类似的话，他会气得要死，不管他是多么乐天、多么宽宏大量。对他的伤害给你的是无处可诉的痛苦，尤其你真是那么喜欢他。	记者的确太可恶。我在牢中看过刘君灿译的一篇《谈记者的采访》，是爱因斯坦在1934年写的。其中有这样几段：“设想下面这个情况。一天早上一个记者来找你，并友善地问你关于你朋友N的一些事情，起初你对这种提议难免有点气愤，但你马上就会发现你根本无法逃避，如果你拒绝发表谈话，这个人就会写：‘我询问了公认为N先生的一个最好的朋友，他谨慎地回避我的问题。’这无法避免地会使...
3	066.劝进的台湾版.txt	3	四十八万七千五百七十二人	王莽想当皇帝，有马屁精劝进，一会儿有“九百二人”劝进、一会儿有“四十八万七千五百七十二人”劝进。于是，王莽当上皇帝了。
4	066.劝进的台湾版.txt	9	全国总工会	如今，国民党一百二十六个“立委”，又联名劝进李登辉了、“全国总工会”四十余位理事也一致上电劝进了，其他单位的跟着马屁咚咚，可想而知。这种有失体统的现象，是可耻的、也是民主的反讽，我们要谴责他们，谴责这种集体的不要脸。
3	069.民进党的公函问题.txt	3	中央党部及各地方党部	12月7日，民进党新竹市党部，由主任委员施性融署名，发出公函，行文给“中央党部及各地方党部”，主旨竟是“防止施性忠加入民进党案”！——古今中外的政党，门槛再紧也没有这样紧法的，竟以堂堂公函，防人于先有如是者，天啊！
3	069.民进党的公函问题.txt	3	防止施性忠加入民进党案	12月7日，民进党新竹市党部，由主任委员施性融署名，发出公函，行文给“中央党部及各地方党部”，主旨竟是“防止施性忠加入民进党案”！——古今中外的政党，门槛再紧也没有这样紧法的，竟以堂堂公函，防人于先有如是者，天啊！
8	070.卡萨尔斯的决绝.txt	5	危邦不入、乱邦不居	卡萨尔斯的人道主义还不仅此，他还扩张到“危邦不入、乱邦不居”的气派。凡是他视同不人道的国家，他都要加以抵制，拒绝前往演奏。他抵制希特勒的德国于先，又抵制墨索里尼的意大利于后，到了1946年，又因英国勾搭他祖国的独裁者佛朗哥而不去英国；1950年，又因美国同此勾搭而不去美国。至于苏联等独裁国家，当然悉在他拒赴之列了。
4	071.大风论民进党.txt	5	国民党是坏得可恨；民进党是蠢得可怜。	大风的结论是：“国民党是坏得可恨；民进党是蠢得可怜。”
3	072.政府违“宪”到人民违“宪”.txt	3	民意调查基金会今天早上公布：‘国民党员对总统选举及党政革新问题看法民意调查报告’，主要针对台湾地区年满二十岁的中国国民党进行调查，结果成功地访问了 1157位党员。根据调查结果统计，43.6%的人认为，政府重大决策应由总统决定，17.2%的人则表明，由行政院长决定重大决策，19.1%的人则倾向于由总统和行政院长共同决定。调查中也显示，教育程度在专科以上者有43.2%认为由总统来决定政府重大决策，而20.8%的人认为由行政院长决定。	12月17日《自立晚报》说：“民意调查基金会今天早上公布：‘国民党员对总统选举及党政革新问题看法民意调查报告’，主要针对台湾地区年满二十岁的中国国民党进行调查，结果成功地访问了 1157位党员。根据调查结果统计，43.6%的人认为，政府重大决策应由总统决定，17.2%的人则表明，由行政院长决定重大决策，19.1%的人则倾向于由总统和行政院长共同决定。调查中也...
8	073.赞成人道与接近人道.txt	3	我赞成社会主义，因我赞成人道	当年开火车出身的美国劳工领袖戴布兹（Eugene Victor Debs） ，因参与政治反抗，被判十年，关在牢里。由于他极富人望，虽在牢里，却得到美国大选中，100万选民对他戏剧性投票。1921年，哈定总统特赦了他。在1897年元旦，戴布兹曾说过一句话，他说：“我赞成社会主义，因我赞成人道”（I am for socialism because I am f...
7	073.赞成人道与接近人道.txt	3	我更赞成资本主义，因为它比别的主义更接近人道。	当年开火车出身的美国劳工领袖戴布兹（Eugene Victor Debs） ，因参与政治反抗，被判十年，关在牢里。由于他极富人望，虽在牢里，却得到美国大选中，100万选民对他戏剧性投票。1921年，哈定总统特赦了他。在1897年元旦，戴布兹曾说过一句话，他说：“我赞成社会主义，因我赞成人道”（I am for socialism because I am f...
5	074.“只会筑桥，不会玩桥”.txt	1	只会筑桥，不会玩桥	“只会筑桥，不会玩桥”
5	074.“只会筑桥，不会玩桥”.txt	7	只会筑桥，不会玩桥	我自己就是“只会筑桥，不会玩桥”的人，所以，我最欣赏凌鸿勋这种单调的生活方式。
5	076.有“功”可“弃”.txt	3	岁月是不饶人的，如果你们因为抗退而阻碍民主进步，你们过去的努力，不是前功尽弃了吗？	民进党尤清当选台北县县太爷，在“立法院”做“退职宣言”，对老“立委”说：“岁月是不饶人的，如果你们因为抗退而阻碍民主进步，你们过去的努力，不是前功尽弃了吗？”有趣的是：人家还有“功”可“弃”；可是尤清自己呢？
4	077.从“老贼”到“小贼”.txt	3	金牛民代可怕，资深民代可恶。	12月22日《台湾时报》的一则报导说：“金牛民代可怕，资深民代可恶。”“老代表不退职，虽忤逆民意，他们却无力为恶；但一些金牛代表特权营私，往往祸国殃民。”又说：“据东海大学社会系师生完成的民意调查显示，赞同资深民代自愿退职的民众高达79.8%，赞同‘国会’全面改选的则高达64.1%，显示民众对‘国会’改革有强烈的期望；但另一方面，在是项调查中，受访者回答 目...
4	077.从“老贼”到“小贼”.txt	3	老代表不退职，虽忤逆民意，他们却无力为恶；但一些金牛代表特权营私，往往祸国殃民。	12月22日《台湾时报》的一则报导说：“金牛民代可怕，资深民代可恶。”“老代表不退职，虽忤逆民意，他们却无力为恶；但一些金牛代表特权营私，往往祸国殃民。”又说：“据东海大学社会系师生完成的民意调查显示，赞同资深民代自愿退职的民众高达79.8%，赞同‘国会’全面改选的则高达64.1%，显示民众对‘国会’改革有强烈的期望；但另一方面，在是项调查中，受访者回答 目...
3	078.劝进花名录.txt	3	花名	“中央社”台北21日电：“监察院院长黄尊秋等四十二名资深及增额监察委员，一致签名拥护李总统登辉先生竞选连任第八任总统。这份联名书全文是：‘兹为巩固国家领导中心，赓续推展自由、民主、均富、统一中国，为实践三民主义而奋斗，同仁等谨一致拥护李总统登辉先生竞选连任第八任总统。’……签名拥护李总统登辉先生的监委包括：许炳南、酆景福、梅培德、黄尊秋、陈翰珍、赵纯孝、马空...
3	078.劝进花名录.txt	3	监察委员	“中央社”台北21日电：“监察院院长黄尊秋等四十二名资深及增额监察委员，一致签名拥护李总统登辉先生竞选连任第八任总统。这份联名书全文是：‘兹为巩固国家领导中心，赓续推展自由、民主、均富、统一中国，为实践三民主义而奋斗，同仁等谨一致拥护李总统登辉先生竞选连任第八任总统。’……签名拥护李总统登辉先生的监委包括：许炳南、酆景福、梅培德、黄尊秋、陈翰珍、赵纯孝、马空...
3	079.会了又怎样？.txt	3	针对老委员普遍对设立大陆事务委员会所表现的冷漠态度，资深立委费希平22日在院会中痛骂他的老同事，认为老委员既不为大陆人民说话，也不代表台湾，‘难怪别人要骂你们是老贼’；而民进党立委朱高正也批评，国民党把大陆事务当成一党之私，‘关起门来自己搞’，这种心态太要不得。	12月23日《中国时报》登：“针对老委员普遍对设立大陆事务委员会所表现的冷漠态度，资深立委费希平22日在院会中痛骂他的老同事，认为老委员既不为大陆人民说话，也不代表台湾，‘难怪别人要骂你们是老贼’；而民进党立委朱高正也批评，国民党把大陆事务当成一党之私，‘关起门来自己搞’，这种心态太要不得。”
3	079.会了又怎样？.txt	5	现在正是选自大陆的老委员为大陆人民说话的好机会，可是偏偏大家都不说，如此怎能号称代表大陆？大陆事务部若不能趁此机会成立，老委员都应该统统辞职，既是选自大陆，又不为大陆人民说话，‘这种行为实在太无耻了’。	费希平又说：“现在正是选自大陆的老委员为大陆人民说话的好机会，可是偏偏大家都不说，如此怎能号称代表大陆？大陆事务部若不能趁此机会成立，老委员都应该统统辞职，既是选自大陆，又不为大陆人民说话，‘这种行为实在太无耻了’。”
3	079.会了又怎样？.txt	7	难怪别人要骂你们是老贼	大陆事务由国民党“关起门来自己搞”，固然属实，但是“立法委员”如果肯发挥他们的权责，国民党想关起门来，也非易事。所以，关键应该监督先于设会。不尽监督之责，空设部会，叠床架屋而已，有个屁用？四十年来，费希平自己，又为大陆人民说了多少话？还不是跟其他老贼一样“无耻”？他骂“难怪别人要骂你们是老贼”，但他自己何尝不是贼中之一？他号称代表大陆，又代表个屁！他连台湾的...
5	080.“巩固领导中心”.txt	3	拥李反李，老少国代反目	看到12月23日第一版《台湾时报》，顿觉有趣。报头左面有“拥李反李，老少国代反目”大标题，内文是资深“国代”汤炎光领导下的强调“巩固领导中心”等消息；报头下面却是“起阳丹”的广告，“专治阳痿、早泄、肝肾、性功能减退。轻者一帖，重者二帖。”
4	080.“巩固领导中心”.txt	3	专治阳痿、早泄、肝肾、性功能减退。轻者一帖，重者二帖。	看到12月23日第一版《台湾时报》，顿觉有趣。报头左面有“拥李反李，老少国代反目”大标题，内文是资深“国代”汤炎光领导下的强调“巩固领导中心”等消息；报头下面却是“起阳丹”的广告，“专治阳痿、早泄、肝肾、性功能减退。轻者一帖，重者二帖。”
4	082.刘宾雁见不到李敖.txt	5	我将于23日返台北，25日离去。我仍要力争与您一晤。	刘宾雁是有风度、有大度的人，他吃了李敖的闭门羹，不以为忤。12月18日写信来，声言：“我将于23日返台北，25日离去。我仍要力争与您一晤。”但是，“力争”之下，他还是见不到这台湾最有“臭架子”的人。
3	082.刘宾雁见不到李敖.txt	7	李敖兄：这本书将会告诉你的，是我的骨头缺乏你的那种硬度。仅以此书表示我对于当代中国知识分子绝无仅有的一人之敬意！宾雁。89.12.16	写信以外，刘宾雁送来他的自传。扉页上题：“李敖兄：这本书将会告诉你的，是我的骨头缺乏你的那种硬度。仅以此书表示我对于当代中国知识分子绝无仅有的一人之敬意！宾雁。89.12.16”
7	082.刘宾雁见不到李敖.txt	9	大作读来总是诗，‘才如江海命如丝’。朱弦休为蓝衣绝，白山黑水子何之？	我写了《赠宾雁乡兄》回他：“大作读来总是诗，‘才如江海命如丝’。朱弦休为蓝衣绝，白山黑水子何之？”言近旨远，他当然懂得。我始终不肯见他。
4	083.骄不露骨.txt	3	李翰祥满脸骄气；李敖一身傲骨。	二十年前，费翔的妈妈毕丽娜说：“李翰祥满脸骄气；李敖一身傲骨。”毕丽娜是李翰祥同学、是我朋友，她的观察，十分深刻有趣。
5	083.骄不露骨.txt	5	望之俨然，即之也温	我的为人，的确“一身傲骨”，凡是攸关立身大节的事，我都非常认真，不愿通融。不过我在方式上，并不“满脸骄气”的使人难堪，我使别人根本就看不到我的脸。——为了行“不言之教”或其他，我总是拒见或不合作而已，倒很少当面使人难堪。久而久之，大家都知道李敖架子大，大到很难见到他、拜访到他。但是一旦碰到了，却也有宋朝大儒“望之俨然，即之也温”的和气，很少当面给人过不去。
4	085.都是国民党？.txt	5	天下之恶皆归之	古人说“天下之恶皆归之”，原来国民党这个臭马桶，不但装了自己的一干人等，还装了民进党的一干人等。不同的是，装自己的，是“显性的臭”；装别人的，是“隐性的臭”，其臭皆一也！
3	085.都是国民党？.txt	5	显性的臭	古人说“天下之恶皆归之”，原来国民党这个臭马桶，不但装了自己的一干人等，还装了民进党的一干人等。不同的是，装自己的，是“显性的臭”；装别人的，是“隐性的臭”，其臭皆一也！
3	085.都是国民党？.txt	5	隐性的臭	古人说“天下之恶皆归之”，原来国民党这个臭马桶，不但装了自己的一干人等，还装了民进党的一干人等。不同的是，装自己的，是“显性的臭”；装别人的，是“隐性的臭”，其臭皆一也！
5	086.国民党求仁？.txt	3	如其仁、如其仁	一场选举下来，国民党党官下台者有之、党纪处分者有之。事后关中说他求仁得了一半、林钰祥说他求仁得仁。其实，国民党有何仁可求？这种集团也叫仁，真是“如其仁、如其仁”啦！
6	087.一来了，就恶心人.txt	3	终于一了此次来台的最大心愿	老画家刘海粟一来台湾，就恶心人，带着老婆女儿，在董氏基金会董事长严道的陪同下，前往桃园慈湖“谒陵”，并说他“终于一了此次来台的最大心愿”云云。他的老婆还下了泪呢！
8	087.一来了，就恶心人.txt	5	不嫌孤寂不嫌寒，也不添盏灯儿做伴？	刘海粟当年是“艺术叛徒”，但行年九五的今天，却是“政治顺民”，他跑去对“九五之尊”的蒋介石的“陵寝”行礼、说肉麻话，可见此人格调之卑下。胡适当年题刘海粟的画，曾说“不嫌孤寂不嫌寒，也不添盏灯儿做伴？”如今岁月无情，人却增愚，刘海粟又嫌孤寂又嫌寒，找蒋家尸灯做伴如此，真是可耻也！
4	087.一来了，就恶心人.txt	5	九五之尊	刘海粟当年是“艺术叛徒”，但行年九五的今天，却是“政治顺民”，他跑去对“九五之尊”的蒋介石的“陵寝”行礼、说肉麻话，可见此人格调之卑下。胡适当年题刘海粟的画，曾说“不嫌孤寂不嫌寒，也不添盏灯儿做伴？”如今岁月无情，人却增愚，刘海粟又嫌孤寂又嫌寒，找蒋家尸灯做伴如此，真是可耻也！
3	087.一来了，就恶心人.txt	5	艺术叛徒	刘海粟当年是“艺术叛徒”，但行年九五的今天，却是“政治顺民”，他跑去对“九五之尊”的蒋介石的“陵寝”行礼、说肉麻话，可见此人格调之卑下。胡适当年题刘海粟的画，曾说“不嫌孤寂不嫌寒，也不添盏灯儿做伴？”如今岁月无情，人却增愚，刘海粟又嫌孤寂又嫌寒，找蒋家尸灯做伴如此，真是可耻也！
3	087.一来了，就恶心人.txt	5	政治顺民	刘海粟当年是“艺术叛徒”，但行年九五的今天，却是“政治顺民”，他跑去对“九五之尊”的蒋介石的“陵寝”行礼、说肉麻话，可见此人格调之卑下。胡适当年题刘海粟的画，曾说“不嫌孤寂不嫌寒，也不添盏灯儿做伴？”如今岁月无情，人却增愚，刘海粟又嫌孤寂又嫌寒，找蒋家尸灯做伴如此，真是可耻也！
5	089.不喜欢，何必干？.txt	7	吾能于亭后小筑三椽，隐居自适，斯愿足矣	有趣的是，政治人物“走错行”，总喜欢惺惺作态。袁世凯明明想做皇帝，却说在北京“不能一朝居”，而想归隐田园；蒋介石明明想当龙头，却说“吾能于亭后小筑三椽，隐居自适，斯愿足矣”；冯玉祥明明热衷政治，却说“入山读书，还我初服，但为太平之民，于愿足矣”；尤清明明利欲熏心，却一边干“监委”，一边在1984年农历年前，表示要“回家种菜”，以免“充当民主橱窗”，“有愧职守...
5	089.不喜欢，何必干？.txt	7	入山读书，还我初服，但为太平之民，于愿足矣	有趣的是，政治人物“走错行”，总喜欢惺惺作态。袁世凯明明想做皇帝，却说在北京“不能一朝居”，而想归隐田园；蒋介石明明想当龙头，却说“吾能于亭后小筑三椽，隐居自适，斯愿足矣”；冯玉祥明明热衷政治，却说“入山读书，还我初服，但为太平之民，于愿足矣”；尤清明明利欲熏心，却一边干“监委”，一边在1984年农历年前，表示要“回家种菜”，以免“充当民主橱窗”，“有愧职守...
3	090.不幸而有“官”位.txt	3	昔人谓陈后主、隋炀帝做翰林，自是当家本色；燮亦谓杜牧之、温飞卿为天子，亦足破国亡身，乃有幸而为才人，不幸而有天位者。	郑燮（板桥）说：“昔人谓陈后主、隋炀帝做翰林，自是当家本色；燮亦谓杜牧之、温飞卿为天子，亦足破国亡身，乃有幸而为才人，不幸而有天位者。”今天是“民主”时代，才人“不幸而有‘官’位”，斯为自毁。热衷此道者，比比皆是也。官迷如此，真为知识分子悲！
6	091.蒋纬国切腹丑老爸.txt	7	我是一个中国国民党的党员，一定遵守党的制度与规定，绝不会违反党纪，自行参选。我在前面说过，对于总统、副总统候选人，党有一定的提名程序与规定，任何党员自行参选，就是违反党纪，就要开除党籍。我是一个忠贞党员，你想如果有一天‘蒋纬国被开除党籍！’我何以见人？如果有那么一天，我要到慈湖先总统陵寝前切腹自杀！	试以大特写三场，以志奇观。11月21日，台中市长候选人林柏榕在记者会中说，许荣淑对他市长任内的缺失的批评，完全不符事实，如能证实，他愿切腹；12月4日，南投县长兼南投县选委会主任委员吴敦义在群众大会中说，他办理南投县选务，若有对不起县民的地方，他愿切腹；12月30日，国家安全会议秘书长蒋纬国对《中央日报》记者说：“我是一个中国国民党的党员，一定遵守党的制度与...
6	093.小人国的对比.txt	3	受邀来台的大陆民运人士万润南等十九人，昨天前往小人国参观，受到小人国董事长朱钟宏热烈欢迎，他们面对唯妙唯肖的模型叹为观止，见到紫禁城三大殿及午门时，眉宇间不时流露几许惊悸与感伤。	一月三日报上登：“受邀来台的大陆民运人士万润南等十九人，昨天前往小人国参观，受到小人国董事长朱钟宏热烈欢迎，他们面对唯妙唯肖的模型叹为观止，见到紫禁城三大殿及午门时，眉宇间不时流露几许惊悸与感伤。”“当他们走近紫禁城三大殿及午门广场模型时，原本欢愉气氛顿时云消雾散，个个面色凝重，尤其曾在离午门不远的天安门广场，参加过轰轰烈烈民主运动，及历经‘六四大屠杀’的大...
6	093.小人国的对比.txt	3	当他们走近紫禁城三大殿及午门广场模型时，原本欢愉气氛顿时云消雾散，个个面色凝重，尤其曾在离午门不远的天安门广场，参加过轰轰烈烈民主运动，及历经‘六四大屠杀’的大陆民运人士，眉宇之间更是流露着惊悸与愤怒。	一月三日报上登：“受邀来台的大陆民运人士万润南等十九人，昨天前往小人国参观，受到小人国董事长朱钟宏热烈欢迎，他们面对唯妙唯肖的模型叹为观止，见到紫禁城三大殿及午门时，眉宇间不时流露几许惊悸与感伤。”“当他们走近紫禁城三大殿及午门广场模型时，原本欢愉气氛顿时云消雾散，个个面色凝重，尤其曾在离午门不远的天安门广场，参加过轰轰烈烈民主运动，及历经‘六四大屠杀’的大...
7	094.做人筹码而不自知.txt	3	其实，我们的羡慕并不在于台湾报馆的设备，而在于他们的独立地位和社会影响。……	1月3日民运人士苏晓康发表《在南园过年》的文字，一开头就说：“懵懵懂懂竟在台湾迎来了1990年，孤身海外之感油然而生，但在朋友们的热情之中，做不出伤感状，有泪便也只好忍在眼眶里。”“朋友们自然不会叫我们寂寞。新历除夕，《中国时报》将我们一群请去吃饭，东道主《联合报》也慷慨相让，参观过这两家报社设备之新颖，我们都极为感慨。胡平对我说：‘怎么样？看来干什么都不如...
6	094.做人筹码而不自知.txt	3	懵懵懂懂竟在台湾迎来了1990年，孤身海外之感油然而生，但在朋友们的热情之中，做不出伤感状，有泪便也只好忍在眼眶里。	1月3日民运人士苏晓康发表《在南园过年》的文字，一开头就说：“懵懵懂懂竟在台湾迎来了1990年，孤身海外之感油然而生，但在朋友们的热情之中，做不出伤感状，有泪便也只好忍在眼眶里。”“朋友们自然不会叫我们寂寞。新历除夕，《中国时报》将我们一群请去吃饭，东道主《联合报》也慷慨相让，参观过这两家报社设备之新颖，我们都极为感慨。胡平对我说：‘怎么样？看来干什么都不如...
6	094.做人筹码而不自知.txt	3	朋友们自然不会叫我们寂寞。新历除夕，《中国时报》将我们一群请去吃饭，东道主《联合报》也慷慨相让，参观过这两家报社设备之新颖，我们都极为感慨。胡平对我说：‘怎么样？看来干什么都不如办报纸。’	1月3日民运人士苏晓康发表《在南园过年》的文字，一开头就说：“懵懵懂懂竟在台湾迎来了1990年，孤身海外之感油然而生，但在朋友们的热情之中，做不出伤感状，有泪便也只好忍在眼眶里。”“朋友们自然不会叫我们寂寞。新历除夕，《中国时报》将我们一群请去吃饭，东道主《联合报》也慷慨相让，参观过这两家报社设备之新颖，我们都极为感慨。胡平对我说：‘怎么样？看来干什么都不如...
3	094.做人筹码而不自知.txt	5	独立地位和社会影响	其实，这些观察，一出手便是错误的。民运人士看到报阀们的显赫，歌颂报阀的“独立地位和社会影响”，殊不知王惕吾、余纪忠之流之有今日，就在他们根本不独立，他们是国民党四十年来钳制言论自由、不准别人办报下的受益人，台湾四十年来民智还是这副德性，跟两大报的低级“社会影响”极有关系。民运人士“羡慕”他们而不知来龙去脉，一来就被当成两大报争胜的筹码而不自知，我们真为他们悲...
8	095.宋楚瑜应知“唇亡齿寒”.txt	5	辅车相依，唇亡齿寒	中国古代谚语中，就有“辅车相依，唇亡齿寒”的老话。唇齿关系的被重视，早就见于《左传》。《左传·僖公五年》有这样一段：“晋侯复假道于虞以伐虢。宫之奇谏曰：‘虢，虞之表也，虢亡，虞必从之。晋不可启，寇不可翫。一之谓甚，其可再乎？谚所谓辅车相依、唇亡齿寒者，其虞虢之谓也。’”可是宫之奇的劝告，虞公不听，还是答应了晋国借路伐虢的要求。不料，虢国一灭，晋军回师就偷袭虞...
6	095.宋楚瑜应知“唇亡齿寒”.txt	5	晋侯复假道于虞以伐虢。宫之奇谏曰：‘虢，虞之表也，虢亡，虞必从之。晋不可启，寇不可翫。一之谓甚，其可再乎？谚所谓辅车相依、唇亡齿寒者，其虞虢之谓也。’	中国古代谚语中，就有“辅车相依，唇亡齿寒”的老话。唇齿关系的被重视，早就见于《左传》。《左传·僖公五年》有这样一段：“晋侯复假道于虞以伐虢。宫之奇谏曰：‘虢，虞之表也，虢亡，虞必从之。晋不可启，寇不可翫。一之谓甚，其可再乎？谚所谓辅车相依、唇亡齿寒者，其虞虢之谓也。’”可是宫之奇的劝告，虞公不听，还是答应了晋国借路伐虢的要求。不料，虢国一灭，晋军回师就偷袭虞...
3	095.宋楚瑜应知“唇亡齿寒”.txt	9	青年才俊	国民党中本来就缺乏人才，蒋经国生前推出的一些所谓“青年才俊”，外省人的比例本已不多。如今宋楚瑜不识大体，专以剪除外省人为得志，借以取媚于小气八拉的李登辉。殊不知这样破坏“政态平衡”下去，他宋楚瑜的前途，也颇堪“虞”。因为本省人玩政治，更以不懂事见长，这样将更鼓励了台湾政客的小家子气。从长远看，皆非外省人本省人之福也！
3	095.宋楚瑜应知“唇亡齿寒”.txt	9	政态平衡	国民党中本来就缺乏人才，蒋经国生前推出的一些所谓“青年才俊”，外省人的比例本已不多。如今宋楚瑜不识大体，专以剪除外省人为得志，借以取媚于小气八拉的李登辉。殊不知这样破坏“政态平衡”下去，他宋楚瑜的前途，也颇堪“虞”。因为本省人玩政治，更以不懂事见长，这样将更鼓励了台湾政客的小家子气。从长远看，皆非外省人本省人之福也！
3	096.不值得的罪状.txt	5	咱要向全世界的人宣布，咱们台湾人已经非常勇敢地走上街头，要求独立建国，再不受外来统治。	目前黄华又因宣扬台湾“独立”被起诉了。其中理由有一项，是指他在1988年的一段讲话。1988年12月17日，他在新竹县竹东镇儿童乐园广场称：“咱要向全世界的人宣布，咱们台湾人已经非常勇敢地走上街头，要求独立建国，再不受外来统治。”此话引起官怒，如今当做罪状了。
4	097.蒋纬国的肉麻无耻.txt	3	革命志士只有倒下去，没有蹲下去。	蒋纬国1月6日出席“立法院”，明白表示反对资深“国民大会”代表退职。他引述他老子的话说：“革命志士只有倒下去，没有蹲下去。”
6	097.蒋纬国的肉麻无耻.txt	9	拿破仑曾经这样说过：‘攻略高卢的，不是罗马的军队，而是凯撒；震惊罗马的，不是卡尔泰的士兵，而是汉尼拔；侵入印度的，不是马其顿的军队，而是亚历山大；七年战争，保卫普鲁士的，不是普鲁士的军队，而是腓特烈大帝。’拿破仑这段名言，充分表明了统帅在战争中的分量和地位。假如拿破仑今天还健在，看到中日战争经过的事实，我相信也会高呼：‘战胜日本的，是中国的领袖蒋委员长！’	蒋纬国不懂战略，懂什么？我看他懂得拍马屁。不但自己拍，还邀请拿破仑一起拍。他在所谓战略名著——《蒋委员长如何战胜日本》一书中，就有这样肉麻的“战略”：“拿破仑曾经这样说过：‘攻略高卢的，不是罗马的军队，而是凯撒；震惊罗马的，不是卡尔泰的士兵，而是汉尼拔；侵入印度的，不是马其顿的军队，而是亚历山大；七年战争，保卫普鲁士的，不是普鲁士的军队，而是腓特烈大帝。’拿...
6	098.出于宗教，入于宗教.txt	3	大陆民运人士刘亚东、张锐、秦萧等三人昨天在星云法师的见证下，皈依三宝成为正式的佛教徒。	一月四日中央日报登：“大陆民运人士刘亚东、张锐、秦萧等三人昨天在星云法师的见证下，皈依三宝成为正式的佛教徒。”
3	102.“私生立委”.txt	5	立法院立法委员依下列规定选出之：一、各省、各直辖市选出者，其人口在三百万以下者五人，其人口超过三百万者，每满一百万人增选一人。……	什么是“私生立委”？按照“宪法”第64条规定：“立法院立法委员依下列规定选出之：一、各省、各直辖市选出者，其人口在三百万以下者五人，其人口超过三百万者，每满一百万人增选一人。……”以台湾省人口两千万人来计算，则只能选出二十人；再加上台北高雄两院辖市各选出五人，总共只能选出三十人而已。如今比“宪法”规定多选出一百多，怎么来的？是违“宪”私生的！
4	104.蒋孝武“人品正直”？.txt	3	蒋孝武为人直爽、人品正直、做事踏实。	1月11日《中央日报》登，即将卸任的“亚东关系协会”驻日代表马纪壮，10日在东京招待记者说：“蒋孝武为人直爽、人品正直、做事踏实。”这些马屁话，都是不要脸的谎话。
6	106.马屁广告费之谜.txt	3	中华民国一贯道总会理事长张培成	打开报纸，每天都有大幅劝进李登辉的广告。国民党《中央日报》上，由马屁精石永贵带头，所刊广告尤多。1月12日刊出“中华民国一贯道总会理事长张培成”领衔的大广告，这还算是民间机构的，广告费就算是私人出的可也。但是1月10日的大广告，分别由“国立故宫博物院院长”秦孝仪、“国立编译馆馆长”曾济群、“国立台湾艺术教育馆馆长”张俊杰、“国立台湾科学教育馆馆长”陈石贝、“...
6	106.马屁广告费之谜.txt	3	国立故宫博物院院长	打开报纸，每天都有大幅劝进李登辉的广告。国民党《中央日报》上，由马屁精石永贵带头，所刊广告尤多。1月12日刊出“中华民国一贯道总会理事长张培成”领衔的大广告，这还算是民间机构的，广告费就算是私人出的可也。但是1月10日的大广告，分别由“国立故宫博物院院长”秦孝仪、“国立编译馆馆长”曾济群、“国立台湾艺术教育馆馆长”张俊杰、“国立台湾科学教育馆馆长”陈石贝、“...
6	106.马屁广告费之谜.txt	3	国立台湾艺术教育馆馆长	打开报纸，每天都有大幅劝进李登辉的广告。国民党《中央日报》上，由马屁精石永贵带头，所刊广告尤多。1月12日刊出“中华民国一贯道总会理事长张培成”领衔的大广告，这还算是民间机构的，广告费就算是私人出的可也。但是1月10日的大广告，分别由“国立故宫博物院院长”秦孝仪、“国立编译馆馆长”曾济群、“国立台湾艺术教育馆馆长”张俊杰、“国立台湾科学教育馆馆长”陈石贝、“...
6	106.马屁广告费之谜.txt	3	国立台湾科学教育馆馆长	打开报纸，每天都有大幅劝进李登辉的广告。国民党《中央日报》上，由马屁精石永贵带头，所刊广告尤多。1月12日刊出“中华民国一贯道总会理事长张培成”领衔的大广告，这还算是民间机构的，广告费就算是私人出的可也。但是1月10日的大广告，分别由“国立故宫博物院院长”秦孝仪、“国立编译馆馆长”曾济群、“国立台湾艺术教育馆馆长”张俊杰、“国立台湾科学教育馆馆长”陈石贝、“...
6	106.马屁广告费之谜.txt	3	国立中央图书馆馆长	打开报纸，每天都有大幅劝进李登辉的广告。国民党《中央日报》上，由马屁精石永贵带头，所刊广告尤多。1月12日刊出“中华民国一贯道总会理事长张培成”领衔的大广告，这还算是民间机构的，广告费就算是私人出的可也。但是1月10日的大广告，分别由“国立故宫博物院院长”秦孝仪、“国立编译馆馆长”曾济群、“国立台湾艺术教育馆馆长”张俊杰、“国立台湾科学教育馆馆长”陈石贝、“...
6	106.马屁广告费之谜.txt	3	国立中央图书馆台湾分馆馆长	打开报纸，每天都有大幅劝进李登辉的广告。国民党《中央日报》上，由马屁精石永贵带头，所刊广告尤多。1月12日刊出“中华民国一贯道总会理事长张培成”领衔的大广告，这还算是民间机构的，广告费就算是私人出的可也。但是1月10日的大广告，分别由“国立故宫博物院院长”秦孝仪、“国立编译馆馆长”曾济群、“国立台湾艺术教育馆馆长”张俊杰、“国立台湾科学教育馆馆长”陈石贝、“...
6	106.马屁广告费之谜.txt	3	台北市立图书馆馆长	打开报纸，每天都有大幅劝进李登辉的广告。国民党《中央日报》上，由马屁精石永贵带头，所刊广告尤多。1月12日刊出“中华民国一贯道总会理事长张培成”领衔的大广告，这还算是民间机构的，广告费就算是私人出的可也。但是1月10日的大广告，分别由“国立故宫博物院院长”秦孝仪、“国立编译馆馆长”曾济群、“国立台湾艺术教育馆馆长”张俊杰、“国立台湾科学教育馆馆长”陈石贝、“...
6	106.马屁广告费之谜.txt	3	台北市立美术馆馆长	打开报纸，每天都有大幅劝进李登辉的广告。国民党《中央日报》上，由马屁精石永贵带头，所刊广告尤多。1月12日刊出“中华民国一贯道总会理事长张培成”领衔的大广告，这还算是民间机构的，广告费就算是私人出的可也。但是1月10日的大广告，分别由“国立故宫博物院院长”秦孝仪、“国立编译馆馆长”曾济群、“国立台湾艺术教育馆馆长”张俊杰、“国立台湾科学教育馆馆长”陈石贝、“...
6	106.马屁广告费之谜.txt	3	台北市立社会教育馆馆长	打开报纸，每天都有大幅劝进李登辉的广告。国民党《中央日报》上，由马屁精石永贵带头，所刊广告尤多。1月12日刊出“中华民国一贯道总会理事长张培成”领衔的大广告，这还算是民间机构的，广告费就算是私人出的可也。但是1月10日的大广告，分别由“国立故宫博物院院长”秦孝仪、“国立编译馆馆长”曾济群、“国立台湾艺术教育馆馆长”张俊杰、“国立台湾科学教育馆馆长”陈石贝、“...
5	106.马屁广告费之谜.txt	3	台湾省立博物馆馆长	打开报纸，每天都有大幅劝进李登辉的广告。国民党《中央日报》上，由马屁精石永贵带头，所刊广告尤多。1月12日刊出“中华民国一贯道总会理事长张培成”领衔的大广告，这还算是民间机构的，广告费就算是私人出的可也。但是1月10日的大广告，分别由“国立故宫博物院院长”秦孝仪、“国立编译馆馆长”曾济群、“国立台湾艺术教育馆馆长”张俊杰、“国立台湾科学教育馆馆长”陈石贝、“...
4	106.马屁广告费之谜.txt	3	国立编译馆馆长	打开报纸，每天都有大幅劝进李登辉的广告。国民党《中央日报》上，由马屁精石永贵带头，所刊广告尤多。1月12日刊出“中华民国一贯道总会理事长张培成”领衔的大广告，这还算是民间机构的，广告费就算是私人出的可也。但是1月10日的大广告，分别由“国立故宫博物院院长”秦孝仪、“国立编译馆馆长”曾济群、“国立台湾艺术教育馆馆长”张俊杰、“国立台湾科学教育馆馆长”陈石贝、“...
4	106.马屁广告费之谜.txt	3	国父纪念馆馆长	打开报纸，每天都有大幅劝进李登辉的广告。国民党《中央日报》上，由马屁精石永贵带头，所刊广告尤多。1月12日刊出“中华民国一贯道总会理事长张培成”领衔的大广告，这还算是民间机构的，广告费就算是私人出的可也。但是1月10日的大广告，分别由“国立故宫博物院院长”秦孝仪、“国立编译馆馆长”曾济群、“国立台湾艺术教育馆馆长”张俊杰、“国立台湾科学教育馆馆长”陈石贝、“...
4	107.连假戏都不演了吗？.txt	7	总统候选人	另一方面，自由派学者也会陪着演假戏。例如胡适就公开投莫德惠的票而不投蒋介石，以示支持一党独大以外的“总统候选人”。
5	108.呜呼蒋经国死得好.txt	3	死得好，死得好！	《儒林外史》王三姑娘饿死殉夫，别人哭她，她爸爸却大叫：“死得好，死得好！”高兴极了。王三姑娘一辈子无他技焉，只是会死，死得恰如其时、恰如其分，故人称道之，她爸爸更爽得要死。
8	108.呜呼蒋经国死得好.txt	9	立功名、位将相，岂非因时之隙，以利合而相资者邪？	也许有人说，且慢，且慢，李登辉、宋楚瑜之流，怎么会是蒋经国“干儿子”？答案请读欧阳修《新五代史》卷三十六《义儿传》。欧阳修说：“呜呼！世道衰、人伦坏，而亲疏之理反其常，干戈起于骨肉，异类合为父子。……盖其大者取天下，其次立功名、位将相，岂非因时之隙，以利合而相资者邪？唐……往往养以为儿，号‘义儿军’，至其有天下，多用以成功业，及其亡也亦由焉。”蒋经国当年在苏...
7	108.呜呼蒋经国死得好.txt	9	经国先生生前，视宋楚瑜如亲生子，提携、重用有加。	也许有人说，且慢，且慢，李登辉、宋楚瑜之流，怎么会是蒋经国“干儿子”？答案请读欧阳修《新五代史》卷三十六《义儿传》。欧阳修说：“呜呼！世道衰、人伦坏，而亲疏之理反其常，干戈起于骨肉，异类合为父子。……盖其大者取天下，其次立功名、位将相，岂非因时之隙，以利合而相资者邪？唐……往往养以为儿，号‘义儿军’，至其有天下，多用以成功业，及其亡也亦由焉。”蒋经国当年在苏...
6	108.呜呼蒋经国死得好.txt	9	呜呼！世道衰、人伦坏，而亲疏之理反其常，干戈起于骨肉，异类合为父子。……盖其大者取天下，其次立功名、位将相，岂非因时之隙，以利合而相资者邪？唐……往往养以为儿，号‘义儿军’，至其有天下，多用以成功业，及其亡也亦由焉。	也许有人说，且慢，且慢，李登辉、宋楚瑜之流，怎么会是蒋经国“干儿子”？答案请读欧阳修《新五代史》卷三十六《义儿传》。欧阳修说：“呜呼！世道衰、人伦坏，而亲疏之理反其常，干戈起于骨肉，异类合为父子。……盖其大者取天下，其次立功名、位将相，岂非因时之隙，以利合而相资者邪？唐……往往养以为儿，号‘义儿军’，至其有天下，多用以成功业，及其亡也亦由焉。”蒋经国当年在苏...
4	108.呜呼蒋经国死得好.txt	9	及其亡也亦由焉	也许有人说，且慢，且慢，李登辉、宋楚瑜之流，怎么会是蒋经国“干儿子”？答案请读欧阳修《新五代史》卷三十六《义儿传》。欧阳修说：“呜呼！世道衰、人伦坏，而亲疏之理反其常，干戈起于骨肉，异类合为父子。……盖其大者取天下，其次立功名、位将相，岂非因时之隙，以利合而相资者邪？唐……往往养以为儿，号‘义儿军’，至其有天下，多用以成功业，及其亡也亦由焉。”蒋经国当年在苏...
3	108.呜呼蒋经国死得好.txt	9	干儿子	也许有人说，且慢，且慢，李登辉、宋楚瑜之流，怎么会是蒋经国“干儿子”？答案请读欧阳修《新五代史》卷三十六《义儿传》。欧阳修说：“呜呼！世道衰、人伦坏，而亲疏之理反其常，干戈起于骨肉，异类合为父子。……盖其大者取天下，其次立功名、位将相，岂非因时之隙，以利合而相资者邪？唐……往往养以为儿，号‘义儿军’，至其有天下，多用以成功业，及其亡也亦由焉。”蒋经国当年在苏...
3	108.呜呼蒋经国死得好.txt	9	干戈起于骨肉	也许有人说，且慢，且慢，李登辉、宋楚瑜之流，怎么会是蒋经国“干儿子”？答案请读欧阳修《新五代史》卷三十六《义儿传》。欧阳修说：“呜呼！世道衰、人伦坏，而亲疏之理反其常，干戈起于骨肉，异类合为父子。……盖其大者取天下，其次立功名、位将相，岂非因时之隙，以利合而相资者邪？唐……往往养以为儿，号‘义儿军’，至其有天下，多用以成功业，及其亡也亦由焉。”蒋经国当年在苏...
3	108.呜呼蒋经国死得好.txt	9	用以成功业	也许有人说，且慢，且慢，李登辉、宋楚瑜之流，怎么会是蒋经国“干儿子”？答案请读欧阳修《新五代史》卷三十六《义儿传》。欧阳修说：“呜呼！世道衰、人伦坏，而亲疏之理反其常，干戈起于骨肉，异类合为父子。……盖其大者取天下，其次立功名、位将相，岂非因时之隙，以利合而相资者邪？唐……往往养以为儿，号‘义儿军’，至其有天下，多用以成功业，及其亡也亦由焉。”蒋经国当年在苏...
4	109.许信良光明磊落.txt	3	许信良被控叛乱案宣判之后，到了昨天已经满了上诉期限，而许信良并未上诉。	1月11日报上登：“许信良被控叛乱案宣判之后，到了昨天已经满了上诉期限，而许信良并未上诉。”
5	110.何必学独裁国家的党员训练班模式？.txt	3	此非吾君也，何其声之似我也	古话说“此非吾君也，何其声之似我也”，看了民进党的新猷，国民党当做如是观。
3	110.何必学独裁国家的党员训练班模式？.txt	5	提出设立‘党员训练班’的构想，由中央党部各部主任负责课程设计，巡回各地，就当地党员进行组训工作，务使党员的向心力加强，对于民进党的未来努力方向达成共识。	报上说，民进党主席黄信介“提出设立‘党员训练班’的构想，由中央党部各部主任负责课程设计，巡回各地，就当地党员进行组训工作，务使党员的向心力加强，对于民进党的未来努力方向达成共识。”我看了这一消息，感想是：民进党维妙维肖的学国民党，如今连国民党“革命实践研究院”的党员训练班模式都照学不误了，民进党可真没出息！
3	111.“中社”的嘴脸.txt	5	立法委员	该社社长柴松林本是国民党管训政治犯的黑干将，副社长谢瑞智更是满脑袋警察思想的白额虎。成立“中社”的心态，一言以蔽之，是这些国民党或国民党同路人的自卑感反射而已。柴松林说，五十多位教授的力量汇集，事实上也比不上一位“立法委员”云云。可见他们是何等自卑、何等低估知识的力量。另一方面，由于他们的无能，不能发挥出知识的力量，所以只好成群结队，向群众出风头、跟“澄社”...
3	111.“中社”的嘴脸.txt	5	单打独斗	该社社长柴松林本是国民党管训政治犯的黑干将，副社长谢瑞智更是满脑袋警察思想的白额虎。成立“中社”的心态，一言以蔽之，是这些国民党或国民党同路人的自卑感反射而已。柴松林说，五十多位教授的力量汇集，事实上也比不上一位“立法委员”云云。可见他们是何等自卑、何等低估知识的力量。另一方面，由于他们的无能，不能发挥出知识的力量，所以只好成群结队，向群众出风头、跟“澄社”...
3	113.可耻的马屁精.txt	3	将名字刻在人心中——蒋故总统经国先生精神风范的启示	蒋彦士对党国大员讲“将名字刻在人心中——蒋故总统经国先生精神风范的启示”，中有这么一段：“有些人误以为经国先生的重大改革，是因为反对势力的压力所致。其实不然！余英时教授判断，经国先生‘最迟在始任总统之日，他似已下定决心，要在他任内完成民主宪政的部署了。’根据彦士所知，的确如此，经国先生早就决心全面重大革新，一旦时机成熟，便毅然决然以大开大阖的魄力，勇往迈进！...
3	113.可耻的马屁精.txt	3	有些人误以为经国先生的重大改革，是因为反对势力的压力所致。其实不然！余英时教授判断，经国先生‘最迟在始任总统之日，他似已下定决心，要在他任内完成民主宪政的部署了。’根据彦士所知，的确如此，经国先生早就决心全面重大革新，一旦时机成熟，便毅然决然以大开大阖的魄力，勇往迈进！	蒋彦士对党国大员讲“将名字刻在人心中——蒋故总统经国先生精神风范的启示”，中有这么一段：“有些人误以为经国先生的重大改革，是因为反对势力的压力所致。其实不然！余英时教授判断，经国先生‘最迟在始任总统之日，他似已下定决心，要在他任内完成民主宪政的部署了。’根据彦士所知，的确如此，经国先生早就决心全面重大革新，一旦时机成熟，便毅然决然以大开大阖的魄力，勇往迈进！...
3	115.死无葬身，还要修坟.txt	3	你在台湾一穷二白，要靠朋友照顾，才能生活，我们有否葬身之地，都不可知；还花朋友送的钱，大修祖坟。这可太妙了。	我的朋友胡虚一先生去大陆探亲，我赠金以壮行色。不料他到大陆，除大送其礼外，还为亲人修新坟。回台之后，我笑他说：“你在台湾一穷二白，要靠朋友照顾，才能生活，我们有否葬身之地，都不可知；还花朋友送的钱，大修祖坟。这可太妙了。”胡虚一先生是最纯厚的中国人，他的修坟思想，颇可风世，尤可讽世。他的故事，真不知教人哭呢还是教人笑。
3	116.岂一个“色情刊物”了得！.txt	3	为欢迎美国花花公子企业集团董事长克丽丝汀·赫芙纳小姐来访暨庆祝《公子生活杂志》（PLAYBOY中文台北版）创刊一周年，谨订于1991年4月2日（星期二）下午6时30分，假台北西华饭店三楼宴会厅，举行庆祝酒会。恭候光临。	台湾福宝出版事业股份有限公司董事会全体董事送我一份请帖，中说“为欢迎美国花花公子企业集团董事长克丽丝汀·赫芙纳小姐来访暨庆祝《公子生活杂志》（PLAYBOY中文台北版）创刊一周年，谨订于1991年4月2日（星期二）下午6时30分，假台北西华饭店三楼宴会厅，举行庆祝酒会。恭候光临。”我是一心工作，概不参加婚丧喜庆的，所以我依例谢绝了。
8	117.成舍我“我独乌龟”趣闻.txt	3	人皆玳瑁，我独乌龟，何也？	抗战胜利后，中国海军在西沙群岛，抓到一只大玳瑁，带回南京，一时哄传。各报驻京记者，都发专电报导。天下第一吝啬鬼成舍我，那时正是北京《世界日报》社长，第二天看到各报报导，都说是玳瑁，只有《世界日报》一家，说是乌龟，于是打电报给《世界日报》驻京记者，查问真相。为了节省电报费，成舍我只发了十个字，全文曰：“人皆玳瑁，我独乌龟，何也？”一时传为笑谈。
4	117.成舍我“我独乌龟”趣闻.txt	5	鳖，甲虫也。	“玳瑁”英文是hawksbill，是turtle的一类，是水生的龟；“乌龟”英文是tortoise，是陆生的龟（淡水生的龟，多半水陆两栖）。中国最早有“鳖”与“龟”之分，《说文》上说：“鳖，甲虫也。”《考工记》注：“外骨龟属；内骨鳖属，按鳖骨较龟稍内耳，实介属也。”就是说鳖是有盖儿的爬虫。骨头长在皮外面（有硬盖子的）是龟；骨头长在皮里面（有软盖子的）是鳖，全...
4	117.成舍我“我独乌龟”趣闻.txt	5	外骨龟属；内骨鳖属，按鳖骨较龟稍内耳，实介属也。	“玳瑁”英文是hawksbill，是turtle的一类，是水生的龟；“乌龟”英文是tortoise，是陆生的龟（淡水生的龟，多半水陆两栖）。中国最早有“鳖”与“龟”之分，《说文》上说：“鳖，甲虫也。”《考工记》注：“外骨龟属；内骨鳖属，按鳖骨较龟稍内耳，实介属也。”就是说鳖是有盖儿的爬虫。骨头长在皮外面（有硬盖子的）是龟；骨头长在皮里面（有软盖子的）是鳖，全...
5	118.“一脸横肉、扑人而来”的男女.txt	1	一脸横肉、扑人而来	“一脸横肉、扑人而来”的男女
3	118.“一脸横肉、扑人而来”的男女.txt	3	一位更漂亮的太太	柏杨的学生屠申虹，写了一篇《柏杨事件之追忆》，提到柏老新夫人张香华女士的《我爱的人在火烧岛上》那首“诗”。这位新夫人是柏杨出狱以后结识的，齐以正《人权与柏杨》中说她是“一位更漂亮的太太”，我幸会一次，只见到一脸横肉、扑人而来，深感去第二任夫人艾玫远矣！这位第三任夫人以《我爱的人在火烧岛上》备述“诗”情，其实柏杨在火烧岛上的时候，她爱的人，别有其人，并且在台湾...
3	118.“一脸横肉、扑人而来”的男女.txt	3	诗人	柏杨的学生屠申虹，写了一篇《柏杨事件之追忆》，提到柏老新夫人张香华女士的《我爱的人在火烧岛上》那首“诗”。这位新夫人是柏杨出狱以后结识的，齐以正《人权与柏杨》中说她是“一位更漂亮的太太”，我幸会一次，只见到一脸横肉、扑人而来，深感去第二任夫人艾玫远矣！这位第三任夫人以《我爱的人在火烧岛上》备述“诗”情，其实柏杨在火烧岛上的时候，她爱的人，别有其人，并且在台湾...
3	118.“一脸横肉、扑人而来”的男女.txt	7	我们和一般民主国家确实不一样，因为高官子弟出国，被人说是逃难心态；做官被人说是靠父亲关系，做生意又被说是官商勾结。	郝柏村发表谈话，公然表达对高官子弟的处境的同情，他说：“我们和一般民主国家确实不一样，因为高官子弟出国，被人说是逃难心态；做官被人说是靠父亲关系，做生意又被说是官商勾结。”“郝横肉”认为这些高官子女是不幸的一群，他的恻隐之心，真是超人一等。屠申虹的学生作文，应该加添外一章了。
3	119.为“郝横肉”进一补.txt	3	爸爸妈妈在世时，我经济上最紧张的时候想钱没有钱。困难日月熬过了，父母都去世了，我却一下子成了‘万元户’。	不过，为了不使“郝横肉”太扫兴，我谨以新闻一则进奉：香港中国通讯社北京3月22日电：毛泽东、贺子珍唯一的女儿李敏说：“爸爸妈妈在世时，我经济上最紧张的时候想钱没有钱。困难日月熬过了，父母都去世了，我却一下子成了‘万元户’。”李敏回忆说，“爸爸在生活上讲民主，遇到和家庭有关的事就讲给全家听，让每个人充分发表意见。不知从何时起，家里出现了‘太上皇’ （显然李敏这...
3	119.为“郝横肉”进一补.txt	3	爸爸在生活上讲民主，遇到和家庭有关的事就讲给全家听，让每个人充分发表意见。不知从何时起，家里出现了‘太上皇’ （显然李敏这里是指江青），爸爸的绝对权威动摇了，在家里的很多事情上说了不算数。	不过，为了不使“郝横肉”太扫兴，我谨以新闻一则进奉：香港中国通讯社北京3月22日电：毛泽东、贺子珍唯一的女儿李敏说：“爸爸妈妈在世时，我经济上最紧张的时候想钱没有钱。困难日月熬过了，父母都去世了，我却一下子成了‘万元户’。”李敏回忆说，“爸爸在生活上讲民主，遇到和家庭有关的事就讲给全家听，让每个人充分发表意见。不知从何时起，家里出现了‘太上皇’ （显然李敏这...
3	119.为“郝横肉”进一补.txt	5	爸爸稿费收入很可观，一言九鼎的爸爸为什么在女儿面前食言？我开始可怜爸爸了。他已摆脱不了这场悲剧——伟人的悲剧。	李敏的第一个孩子九岁，她和爱人的工资都是五六十元，三个人生活已很紧张。毛泽东对她说：经济上不用考虑，我接济你。但以后，他不再提接济一事，她说：“爸爸稿费收入很可观，一言九鼎的爸爸为什么在女儿面前食言？我开始可怜爸爸了。他已摆脱不了这场悲剧——伟人的悲剧。”
3	119.为“郝横肉”进一补.txt	9	既然这些钱是父母留给我的，我含泪收下来。在我看来，父母留给我的不是物质金钱，而是教我如何做人的精神。	李敏说，“既然这些钱是父母留给我的，我含泪收下来。在我看来，父母留给我的不是物质金钱，而是教我如何做人的精神。”
6	121.林正杰竟提倡妖妄.txt	3	六年国建的财务问题也令本席忧心，林云大师曾在杂志上预测中华民国的国运，指称‘经济萧、财政亡’。目前我国确实存在经济萧条、财政崩溃的危机，例如经济成长率下降、出口负成长、制造业萎缩、民间投资衰退。而六年国建却计划将庞大资金投注于公共部门，甚至考虑增税百分之五十。在政府垄断所有资源的情形下，民间哪还有余力发展企业？	《立法院公报》第八十卷第二十五期登“立法院”院会记录，林正杰发言中竟有这样一段：“六年国建的财务问题也令本席忧心，林云大师曾在杂志上预测中华民国的国运，指称‘经济萧、财政亡’。目前我国确实存在经济萧条、财政崩溃的危机，例如经济成长率下降、出口负成长、制造业萎缩、民间投资衰退。而六年国建却计划将庞大资金投注于公共部门，甚至考虑增税百分之五十。在政府垄断所有资源...
3	121.林正杰竟提倡妖妄.txt	5	国会	我真没想到：像林云这种妖僧及其妖妄之言，居然被林正杰这种迷信之人提到庙堂之上来，真太可耻了！所谓“国会”，竟是这种水准的；所谓“民进党议员”，竟是这样荒唐的，真要被全世界有识之士笑煞也！
3	121.林正杰竟提倡妖妄.txt	5	民进党议员	我真没想到：像林云这种妖僧及其妖妄之言，居然被林正杰这种迷信之人提到庙堂之上来，真太可耻了！所谓“国会”，竟是这种水准的；所谓“民进党议员”，竟是这样荒唐的，真要被全世界有识之士笑煞也！
6	122.“只是想吃一顿”、“只是想搞一下”、“只是想干一次”.txt	3	襄阳罗友，少时多谓之痴。尝伺人祠，欲乞食，往太蚤，门未开。主人迎神出见，问以非时何得在此，答曰：‘闻卿祠，欲乞一顿食耳！’遂隐门侧，至晓得食，乃退。	李卓吾《初潭集》记“襄阳罗友，少时多谓之痴。尝伺人祠，欲乞食，往太蚤，门未开。主人迎神出见，问以非时何得在此，答曰：‘闻卿祠，欲乞一顿食耳！’遂隐门侧，至晓得食，乃退。”我很喜欢这个故事。——人家拜神拜鬼，他罗友先生却只是想吃一顿，所志在此，别无他意。
4	122.“只是想吃一顿”、“只是想搞一下”、“只是想干一次”.txt	5	我并不想问一下，只是想搞一下。	在Playboy中看到一幅漫画，台上有美女答问，布告要求有话直说畅所欲问，但是一听众站了起来，他说：“I don't have a question. I just said I'd like to put it to Miss Hotchkiss.”此话直译并无奇趣，我认为干脆可译成：“我并不想问一下，只是想搞一下。”如此译法，才能传神纸上。
3	122.“只是想吃一顿”、“只是想搞一下”、“只是想干一次”.txt	7	只是想吃一顿	“只是想吃一顿”、“只是想搞一下”，这是何等洒脱的境界！饮食男女如此，写文章又何独不然？——任凭政坛人物翻云覆雨、出将入相，你在下笔之际，统统一律拆穿，别无所图，只是想干他一次。——“只是想干一次”，这是何等快事呀！
3	122.“只是想吃一顿”、“只是想搞一下”、“只是想干一次”.txt	7	只是想搞一下	“只是想吃一顿”、“只是想搞一下”，这是何等洒脱的境界！饮食男女如此，写文章又何独不然？——任凭政坛人物翻云覆雨、出将入相，你在下笔之际，统统一律拆穿，别无所图，只是想干他一次。——“只是想干一次”，这是何等快事呀！
3	122.“只是想吃一顿”、“只是想搞一下”、“只是想干一次”.txt	7	只是想干一次	“只是想吃一顿”、“只是想搞一下”，这是何等洒脱的境界！饮食男女如此，写文章又何独不然？——任凭政坛人物翻云覆雨、出将入相，你在下笔之际，统统一律拆穿，别无所图，只是想干他一次。——“只是想干一次”，这是何等快事呀！
7	123.学生自己打自己.txt	3	自我体罚，小手打肿小脸。	4月4日《联合晚报》登标题是：“自我体罚，小手打肿小脸。”内文提到：“一位家住新店北宜路的女读者投书指出，她五岁大的侄女正就读幼稚园大班，老师的管理方式也很有可议之处。小朋友上课说话若被老师发现超过三次，就要自己打十下耳光，声音不响要重打。小孩子哪知轻重，常把小脸蛋打得红肿。另一位住在台北市南昌街的读者投书说，他小学六年级的老师自己不批改作业，而是交给班长改...
3	127.台湾的毛笔.txt	3	专家	台湾的毛笔字，严格说来，只有两个半可举：一个张大千、一个溥心畬、半个王壮为。张大千得其势、溥心畬得其逸、王壮为得其技。其他之人，皆不足道。至于大学有特务教起毛笔字来、电视有“专家”写起毛笔字来、车站有女人挂起毛笔字来，全是笑话。我李敖笔下，不足语毛，兴之所至，亦毛起毛落以告世人，王安石诗“千载纷争共一毛”，其实台湾并无此纷争，盖整个岛上，皆毛不成毛也！
3	127.台湾的毛笔.txt	3	千载纷争共一毛	台湾的毛笔字，严格说来，只有两个半可举：一个张大千、一个溥心畬、半个王壮为。张大千得其势、溥心畬得其逸、王壮为得其技。其他之人，皆不足道。至于大学有特务教起毛笔字来、电视有“专家”写起毛笔字来、车站有女人挂起毛笔字来，全是笑话。我李敖笔下，不足语毛，兴之所至，亦毛起毛落以告世人，王安石诗“千载纷争共一毛”，其实台湾并无此纷争，盖整个岛上，皆毛不成毛也！
3	128.评王天竞、王滔夫服务处遭骚扰事件.txt	3	城市游击战	民进党上百人，4月10日下午为国民党籍“立委”王天竞在“立法院”与民进党籍“立委”卢修一武打，在高雄市“议员”黄昭星指挥下，出动市议员朱星羽吉普车、“立委”戴振耀与高县议员黄登勇社会服务车、高县三山联谊会宣传车及新潮流之友会宣传车，展开一场“城市游击战”，除前往“立委”王天竞服务处抗议外，并赴国民党高市党部丢掷鸡蛋泄愤。
7	128.评王天竞、王滔夫服务处遭骚扰事件.txt	9	我打你，不许你还手；骂你，不许你还口；杀你，不许你流血。	前一阵子，在伊拉克朝以色列射飞弹、造成以色列的伤亡的时候，伊朗等回教国家宣称，以色列不可以还手，你还手，我们就同伊拉克联合起来打你，这种观点全是单面的。正像京戏里所说的：“我打你，不许你还手；骂你，不许你还口；杀你，不许你流血。”如果这是道德，那只是“阿拉伯人的道德”，不是人类正义之士的道德。自己人耍横、穷兵黩武，杀别人都不算，只算自己是仁义之师，可以打别人...
4	128.评王天竞、王滔夫服务处遭骚扰事件.txt	9	阿拉伯人的道德	前一阵子，在伊拉克朝以色列射飞弹、造成以色列的伤亡的时候，伊朗等回教国家宣称，以色列不可以还手，你还手，我们就同伊拉克联合起来打你，这种观点全是单面的。正像京戏里所说的：“我打你，不许你还手；骂你，不许你还口；杀你，不许你流血。”如果这是道德，那只是“阿拉伯人的道德”，不是人类正义之士的道德。自己人耍横、穷兵黩武，杀别人都不算，只算自己是仁义之师，可以打别人...
4	128.评王天竞、王滔夫服务处遭骚扰事件.txt	9	单面的道德	前一阵子，在伊拉克朝以色列射飞弹、造成以色列的伤亡的时候，伊朗等回教国家宣称，以色列不可以还手，你还手，我们就同伊拉克联合起来打你，这种观点全是单面的。正像京戏里所说的：“我打你，不许你还手；骂你，不许你还口；杀你，不许你流血。”如果这是道德，那只是“阿拉伯人的道德”，不是人类正义之士的道德。自己人耍横、穷兵黩武，杀别人都不算，只算自己是仁义之师，可以打别人...
5	131.有颜见人.txt	3	世界颜氏宗亲联谊会	新加坡消息：第一届“世界颜氏宗亲联谊会”于4月6日在新加坡举行。会议通过设立“世界颜氏文化教育发展基金”，并定于1993年在菲律宾举行下一届联谊会。参加今次联谊会的有来自中国、菲律宾、印度尼西亚、马来西亚、澳大利亚、加拿大、美国以及台湾、金门、香港、澳门等地的三百多位颜氏宗亲。中国山东曲阜颜子研究会会长李克胜、副会长骆承烈在会上做了专题演讲。
5	131.有颜见人.txt	3	世界颜氏文化教育发展基金	新加坡消息：第一届“世界颜氏宗亲联谊会”于4月6日在新加坡举行。会议通过设立“世界颜氏文化教育发展基金”，并定于1993年在菲律宾举行下一届联谊会。参加今次联谊会的有来自中国、菲律宾、印度尼西亚、马来西亚、澳大利亚、加拿大、美国以及台湾、金门、香港、澳门等地的三百多位颜氏宗亲。中国山东曲阜颜子研究会会长李克胜、副会长骆承烈在会上做了专题演讲。
6	137.作诗岂可成群结队.txt	3	世界华文学生传统诗交流联吟大会	4月18日《新生报》登：一项别开生面的“世界华文学生传统诗交流联吟大会”将于22日在彰化师范学院举行，配合21日的青年诗人联吟大会及全国诗人联吟大会，将在天宝宫举行，应邀参加的除国内学者外，尚包括香港、新加坡的教授学生。这项活动是由财团法人金生文教奖助基金会所举办。该会系由故王金生先生的遗产及董事长王炳奎先生捐助而成立，今年刚好十周年。今年金生文教会为庆祝成...
3	137.作诗岂可成群结队.txt	3	建国	4月18日《新生报》登：一项别开生面的“世界华文学生传统诗交流联吟大会”将于22日在彰化师范学院举行，配合21日的青年诗人联吟大会及全国诗人联吟大会，将在天宝宫举行，应邀参加的除国内学者外，尚包括香港、新加坡的教授学生。这项活动是由财团法人金生文教奖助基金会所举办。该会系由故王金生先生的遗产及董事长王炳奎先生捐助而成立，今年刚好十周年。今年金生文教会为庆祝成...
4	138.台中市长林柏榕太浑蛋.txt	3	星云大师佛学讲座	林柏榕做市长的台中市政府，竟不务正业，联合起《新生报》、台中市佛教会、台中市立人补习班、天发证券、宝泉食品公司、维他露食品公司、大雅乡龙善寺、中华佛光协会中区分会、佛光山彰化福山寺、佛光山员林讲座、正觉寺、普门慈幼基金会、光明慈悲喜舍救济会、精光堂眼镜公司等，举办起“星云大师佛学讲座”来了，地点是台中中兴堂，林柏榕市长亲自在场执礼恭听。这一事件，可太莫名其妙...
3	138.台中市长林柏榕太浑蛋.txt	3	功德	林柏榕做市长的台中市政府，竟不务正业，联合起《新生报》、台中市佛教会、台中市立人补习班、天发证券、宝泉食品公司、维他露食品公司、大雅乡龙善寺、中华佛光协会中区分会、佛光山彰化福山寺、佛光山员林讲座、正觉寺、普门慈幼基金会、光明慈悲喜舍救济会、精光堂眼镜公司等，举办起“星云大师佛学讲座”来了，地点是台中中兴堂，林柏榕市长亲自在场执礼恭听。这一事件，可太莫名其妙...
4	142.马克吐温是真正大丈夫.txt	3	幽默的幽秘远源不是喜而是忧，所以，天上没有幽默。	美国的幽默大师马克·吐温（Mark Twain）说：“幽默的幽秘远源不是喜而是忧，所以，天上没有幽默。”（The secret source of humor is not joy but sorrow; there is no humor in heaven.）
4	143.说不上诉又上诉.txt	3	以上诉程序，进行法庭内抗争。	几年前，林正杰为了选举，不择手段诽谤胡益寿，被判入狱前，在法院门口示威，喊“司法死了”，这样的法院，他不屑上诉了；可是，曾几何时，信誓旦旦、大言壮语、说不上诉的他，却由老婆杨祖珺代为上诉了。杨祖珺对记者说：“以上诉程序，进行法庭内抗争。”夫妻这样演双簧，高兴怎样就怎样，永远圆通自在、永远不愁没理由，真令我们莫知所从，只好叹为观止。不过他们从法院门口走回法庭门...
3	143.说不上诉又上诉.txt	9	但不得与被告明示之意思相反	按照“刑法”，因有可代人上诉的规定，但是观乎第346条“但不得与被告明示之意思相反”的规定，其“立法”精神，自应尊重“被告明示之意思”。但是，做老婆者，可以一再公然“违背”被告公然的信誓旦旦、大言壮语，而该被告却不揍他老婆而甘心追认此一上诉，这种人的公信力，还可信吗？这种人的假戏，还能不拆穿吗？我们还要受这种人的作弄吗？我们还能再被这种套招套去我们的同情吗？
3	145.邵玉铭与叶建丽.txt	5	变更登记之申请，如系变更新闻纸或杂志之名称、发行人或发行所所在地管辖者，应于变更前，附缴原领登记证，按照前条之规定重行登记。	按照“出版法”第10条：“变更登记之申请，如系变更新闻纸或杂志之名称、发行人或发行所所在地管辖者，应于变更前，附缴原领登记证，按照前条之规定重行登记。”“重行登记”绝不是一夜之间能办好的，没办好就公然印而出之，足证邵玉铭主持下的新闻管理作业，全是因人而异的。要是别人，早就按“出版法”第39条扣押了。
3	146.共产主义会在二十年内没落？.txt	5	中国大陆内外的敌对势力都承认要在现阶段推翻我们是不可能的，他们将希望放在未来的十年、二十年后，我们所要面对的是他们对年轻一代的严厉斗争。	北京日报引述中共政治局委员李锡铭的话说：“中国大陆内外的敌对势力都承认要在现阶段推翻我们是不可能的，他们将希望放在未来的十年、二十年后，我们所要面对的是他们对年轻一代的严厉斗争。”
3	146.共产主义会在二十年内没落？.txt	7	如果我们好好培育我们的下一代跨入下一世纪，则我们的理想将大有可为。如果我们这个事情没做好，则不论我们其他任务做得多么好，我们都将失去权势。	他说：“如果我们好好培育我们的下一代跨入下一世纪，则我们的理想将大有可为。如果我们这个事情没做好，则不论我们其他任务做得多么好，我们都将失去权势。”
3	147.梦露65.txt	5	……她给一个摄影记者专利权，在拍片时，去照她那几乎全裸的镜头，她的理由是：‘我要全世界来看我的肉体’（I want the world to see my body）。上一星期，她还在跟一家图书杂志商量卖她另外一张裸体照片。	梦露死后第五天，我读到8月10日的《时代》（time）杂志，中间谈到她那种“赤身裸体的热望”（the urge to go nude），引起我很大的感触。《时代》杂志说：“……她给一个摄影记者专利权，在拍片时，去照她那几乎全裸的镜头，她的理由是：‘我要全世界来看我的肉体’（I want the world to see my body）。上一星期，她还在跟一...
3	147.梦露65.txt	7	梦露风	彼特·马丁（Pete Martin）有《梦露逸闻》（Will Acting Spoil Marilyn Monroe？）一书，把这种袒裼裸裎的超群拔俗，誉之为“梦露风”（Monroeism）。——名女人一裸而成风，谁云不宜？
7	148.线民火烧刑事局.txt	7	千万别同警察交朋友，因为你不晓得他什么时候‘公事公办’。	美国黑社会有一句谚语说：“千万别同警察交朋友，因为你不晓得他什么时候‘公事公办’。”这就是说，警察随时翻脸无情的。如今在警察翻脸后，许东辉执弹以烧彼獠，呜呼，线民一线之牵，亦云烈矣！
3	149.赖泽涵论陈仪.txt	3	行政院二二八研究小组工作分组召集人赖泽涵教授昨天在省文献会演讲时指出，一般人都对前台湾省行政长官陈仪视为万恶不赦的人物，事实上，陈仪为政的清廉自持，绝对是当时国民政府官场中人的佼佼者。	5月29日报上说：“行政院二二八研究小组工作分组召集人赖泽涵教授昨天在省文献会演讲时指出，一般人都对前台湾省行政长官陈仪视为万恶不赦的人物，事实上，陈仪为政的清廉自持，绝对是当时国民政府官场中人的佼佼者。”“赖泽涵说，陈仪随后回大陆任浙江省主席时，因通匪遭枪决时，所以会将其从大陆押解至台北方执行枪决，主要是国民政府‘一石两鸟’之计，希望借此平息台湾民众对二二...
3	149.赖泽涵论陈仪.txt	3	赖泽涵说，陈仪随后回大陆任浙江省主席时，因通匪遭枪决时，所以会将其从大陆押解至台北方执行枪决，主要是国民政府‘一石两鸟’之计，希望借此平息台湾民众对二二八事件的愤懑，并将全部二二八罪过加诸于他，由他的被枪决承担一切。	5月29日报上说：“行政院二二八研究小组工作分组召集人赖泽涵教授昨天在省文献会演讲时指出，一般人都对前台湾省行政长官陈仪视为万恶不赦的人物，事实上，陈仪为政的清廉自持，绝对是当时国民政府官场中人的佼佼者。”“赖泽涵说，陈仪随后回大陆任浙江省主席时，因通匪遭枪决时，所以会将其从大陆押解至台北方执行枪决，主要是国民政府‘一石两鸟’之计，希望借此平息台湾民众对二二...
3	150.王实味终获平反.txt	3	在覆查中没有查出王实味同志参加托派组织的材料，因此一九四六年定为‘反革命托派奸细分子’的结论予以纠正，王在战争环境中被错误处决给予平反昭雪。	中国公安部今年二月七日发出“关于王实味同志托派问题的覆查决定”一文件，其中指出：“在覆查中没有查出王实味同志参加托派组织的材料，因此一九四六年定为‘反革命托派奸细分子’的结论予以纠正，王在战争环境中被错误处决给予平反昭雪。”这一四十四年的沉冤，总算得见天日。
4	153.金钱可使国家自由.txt	5	如果能够赎回自由，我们打算这么做。	爱沙尼亚外交部长梅瑞告诉该报说：“如果能够赎回自由，我们打算这么做。”
4	153.金钱可使国家自由.txt	11	我们只能更加努力工作赚钱了。无论如何，这总比跟坦克对抗好——尤其是我们根本没有坦克。	当梅瑞被问及爱沙尼亚将如何筹措这笔巨款时表示，“我们只能更加努力工作赚钱了。无论如何，这总比跟坦克对抗好——尤其是我们根本没有坦克。”
3	155.黄昆辉的大陆经验.txt	3	行政院副院长	在施启扬做“行政院”大陆委员会主任委员的时候，我曾写文章挖苦此人乃一巧宦，毫无大陆经验，又有什么资格掌管大陆之事？现在好了，施启扬专任他的“行政院副院长”了，大陆委员会换成了李登辉的裤裆人物黄昆辉。国民党报上为这小子打歌说：“高层人士表示，外界认为黄昆辉欠缺大陆实务经验，实际上是不正确的。大陆委员会成立甫满六个月，而主其事的主任委员行政院副院长施启扬及副主委...
3	155.黄昆辉的大陆经验.txt	5	三民主义统一中国大同盟	天啊！这叫哪门子大陆经验！连搞“三民主义统一中国大同盟”的官僚，都懂大陆了！我们宁愿“匪情专家”来，也比他好一万倍！
4	156.裸女广告，大行其道.txt	7	从今以后，广告商会言而有信。	法国在1981年首开先河，推出裸体广告的经过如下：一个模特儿，身穿比基尼泳装，在全国各地的广告看板上宣布：“9月2日，我会脱掉上面的。”到了那天，这位已上空模特儿又宣布：“9月4日，我要脱掉下面的。”两天后，全裸的模特儿配上一行字：“从今以后，广告商会言而有信。”
4	156.裸女广告，大行其道.txt	9	广告界的轻视心态已经消失，裸体也有美感。	曾任妇女事务部长，在1980年代领导对抗法国广告界贬抑妇女作风的洛迪夫人，现在也认为电视上的裸体广告颇有品位，无损妇女形象，她说：“广告界的轻视心态已经消失，裸体也有美感。”
4	157.妈祖大交换.txt	3	海峡女神之岛	据中新社福州6月1日电：今天，“海峡女神之岛”湄洲岛上彩旗招展，锣鼓喧天。上午9时余，湄洲祖庙赠天后宝像安奉台湾北港朝天宫恭送大典在妈祖祖庙隆重举行。湄洲岛祖庙董事会董事长林文豪、常务副董事长林春贻和台湾北港朝天宫董事会代表、朝天宫常务董事蔡辅宏、总干事吴祥同一千多闽台两岸妈祖信徒参加了大典仪式。林文豪在仪式上祝辞。蔡辅宏在仪式上表示，希望同湄洲人民一起建设...
6	158.“爱国”爱到屁股上.txt	3	正在进行民主改革的苏联，红旗就像其他社会主义的标记一样，逐渐丧失往日的风光。但是在苏联极北地区，红旗却供不应求，只是它的用途有别于以前。据俄罗斯电视台5月29日报导，在北部科密共和国的一个村庄里，有数百幅象征国际工人运动的红旗遭窃。破案后，为首的小偷告诉警察，如今穿红裤子成为时尚，由于红布货源短缺，因此他们偷红旗做裤子，趁机大赚一笔。	路透社消息说：“正在进行民主改革的苏联，红旗就像其他社会主义的标记一样，逐渐丧失往日的风光。但是在苏联极北地区，红旗却供不应求，只是它的用途有别于以前。据俄罗斯电视台5月29日报导，在北部科密共和国的一个村庄里，有数百幅象征国际工人运动的红旗遭窃。破案后，为首的小偷告诉警察，如今穿红裤子成为时尚，由于红布货源短缺，因此他们偷红旗做裤子，趁机大赚一笔。”
3	159.李登辉的梦呓.txt	3	李主席谈到我大陆政策时指出，中共的‘一国两制’是想‘以大吃小’，但，事实上，我中华民国不但在大陆推翻‘满清’，建立国家，而且，也在大陆立宪，因此，中华民国应代表整个中国。他说，虽然目前中共统治中国大陆，而我们不得不承认其政权为一政治实体，但李主席也强调，中央政权的存在不能与国家主权混为一谈。	6月1日国民党“中央社”电讯说，“执政党李主席登辉先生日前对返国受训的执政党海外干部讲话时表示：中央政权的存在与国家主权是两回事。”“李主席谈到我大陆政策时指出，中共的‘一国两制’是想‘以大吃小’，但，事实上，我中华民国不但在大陆推翻‘满清’，建立国家，而且，也在大陆立宪，因此，中华民国应代表整个中国。他说，虽然目前中共统治中国大陆，而我们不得不承认其政权为...
3	159.李登辉的梦呓.txt	3	李主席特为此做一比喻。他说，这就像老祖宗给我们一块地，我们理应拥有这块土地的主权，即使中间遭人霸占，我们的主权仍不容置疑。	6月1日国民党“中央社”电讯说，“执政党李主席登辉先生日前对返国受训的执政党海外干部讲话时表示：中央政权的存在与国家主权是两回事。”“李主席谈到我大陆政策时指出，中共的‘一国两制’是想‘以大吃小’，但，事实上，我中华民国不但在大陆推翻‘满清’，建立国家，而且，也在大陆立宪，因此，中华民国应代表整个中国。他说，虽然目前中共统治中国大陆，而我们不得不承认其政权为...
3	159.李登辉的梦呓.txt	5	我们的主权仍不容置疑	这些话，真是梦呓！若照李登辉的逻辑，满清更有资格“代表整个中国”，因为它曾“推翻明朝”并“首倡立宪”，满清更可说，我们有两百六十八年的漫长统治历史，即使中国遭什么“中华民国”霸占，“我们的主权仍不容置疑”！这样一来，不是更理直气壮吗？
3	160.宋英式的公平.txt	3	儆寰逝世后，傅先生在授课之余，将儆寰的一切文稿，包括日记、回忆录、专著，一点一滴的整理出来，有的还加上注释说明，使得儆寰的全集得以在他逝世十周年时开始陆续出版，到现在已出版四十三册。儆寰全集能够如愿以偿地出版，傅先生辛劳地工作居功最伟，这是我和我们全家一直铭感五内的。	6月9日，雷震的女人之一——“监察委员”宋英发表《老天太不公平了——悼念傅正先生》，提到：“儆寰逝世后，傅先生在授课之余，将儆寰的一切文稿，包括日记、回忆录、专著，一点一滴的整理出来，有的还加上注释说明，使得儆寰的全集得以在他逝世十周年时开始陆续出版，到现在已出版四十三册。儆寰全集能够如愿以偿地出版，傅先生辛劳地工作居功最伟，这是我和我们全家一直铭感五内的。...
3	161.傅正精神早就死了.txt	3	傅先生以一介书生，且是外省人的身份，三十年如一日为民主牺牲奉献，在党外阵营一片对抗‘外来政权’的激昂情绪中，所发挥的化解省籍情结效应，乃大家有目共睹，也是一股在乱流中稳定浮躁情绪的砥柱力量，称其永恒的政治家风范，应不为过。	傅正死了，民进党终于逮到一个可盖党旗的机会，趁机大作死人秀。《自由时报》也赶热闹，以《傅正精神永远不死——长活台湾人民心中的外省人典范》为社论，宣称：“傅先生以一介书生，且是外省人的身份，三十年如一日为民主牺牲奉献，在党外阵营一片对抗‘外来政权’的激昂情绪中，所发挥的化解省籍情结效应，乃大家有目共睹，也是一股在乱流中稳定浮躁情绪的砥柱力量，称其永恒的政治家风...
3	164.邮务工会也学坏了.txt	5	司法死了！	这种“送钟”行动，是既迷信、又无知、又邪恶、又下作的行动，邮务工会是跟林正杰学的。林正杰因诽谤私人入狱，故意转为“司法死了！”的活动，乃有执钟以送之举。
8	165.邵玉铭纵容色情广告.txt	3	一看便知，心里有数	翻开官方的《青年日报》、《台湾日报》，到所谓民间的《自由时报》、《民众日报》、《台湾时报》、《自立晚报》等等，都可发现“一看便知，心里有数”的色情广告。
5	165.邵玉铭纵容色情广告.txt	5	意图散布、贩卖而制造、持有	按“出版法”第32条明定：出版品不得为“触犯或煽动他人触犯……妨害风化”之记载，违反者得停止其发行，情节重大者撤销登记。在“刑法”方面，第235条规定：“散布或贩卖猥亵之文字、图画或其他物品，或公然陈列，或以他法供人观览者，处一年以下有期徒刑、拘役或科或并科三千元以下罚金。”且“意图散布、贩卖而制造、持有”者亦同，并没收之。法律既然规定得清清楚楚，而国民党“...
3	165.邵玉铭纵容色情广告.txt	5	触犯或煽动他人触犯……妨害风化	按“出版法”第32条明定：出版品不得为“触犯或煽动他人触犯……妨害风化”之记载，违反者得停止其发行，情节重大者撤销登记。在“刑法”方面，第235条规定：“散布或贩卖猥亵之文字、图画或其他物品，或公然陈列，或以他法供人观览者，处一年以下有期徒刑、拘役或科或并科三千元以下罚金。”且“意图散布、贩卖而制造、持有”者亦同，并没收之。法律既然规定得清清楚楚，而国民党“...
3	165.邵玉铭纵容色情广告.txt	5	散布或贩卖猥亵之文字、图画或其他物品，或公然陈列，或以他法供人观览者，处一年以下有期徒刑、拘役或科或并科三千元以下罚金。	按“出版法”第32条明定：出版品不得为“触犯或煽动他人触犯……妨害风化”之记载，违反者得停止其发行，情节重大者撤销登记。在“刑法”方面，第235条规定：“散布或贩卖猥亵之文字、图画或其他物品，或公然陈列，或以他法供人观览者，处一年以下有期徒刑、拘役或科或并科三千元以下罚金。”且“意图散布、贩卖而制造、持有”者亦同，并没收之。法律既然规定得清清楚楚，而国民党“...
4	167.其实全是妖孽.txt	3	讲我是妖孽，我绝不接受。	国民党“交通部长”简又新玩法弄权，核发长荣起飞许可证。国民党“立委”李胜峰痛斥做这种决策者是“妖孽”。简又新说：“讲我是妖孽，我绝不接受。”并表示不排除告诽谤。李胜峰说不怕你告，你来告，我不要求“立委”院内免责权。
5	167.其实全是妖孽.txt	5	国家将亡，必有妖孽	《中庸》说：“国家将亡，必有妖孽”。但“中华民国”不是将亡而是已亡，所以，照《中庸》的逻辑，其实全是妖孽。
3	168.“党库通国库”以外.txt	3	自1964年任《中华日报》总社长至1987年离开中视董事长职务，我至少为党增加了现值五十亿以上的产业。当年穷困的《中华日报》得建大楼，主要由于内子主动而无偿的献出她终身可住的台银所配独栋员工宿舍。而民国七十年代将中视迁建到当时根本尚无通道的今址，单只土地增值据悉已达三十亿，抚今思昔，感触良深。至于自己与内子至今蛰居在社长任内那栋老旧宿舍，成为一条名副其实的无壳蜗牛，报社及公司老同事，许多人为我叹息，也愿作证，但他心安理得，无怨无悔！	国民党“新闻局长”邵玉铭已公开承认“中央社”预算是“党库通国库”，其实，钱从“国库”来以外，谋利却归党独享。国民党《中央日报》董事长楚崧秋宣告退休，透露秘密如下：“自1964年任《中华日报》总社长至1987年离开中视董事长职务，我至少为党增加了现值五十亿以上的产业。当年穷困的《中华日报》得建大楼，主要由于内子主动而无偿的献出她终身可住的台银所配独栋员工宿舍。...
3	171.“政治黑名单取消了吗？”.txt	1	政治黑名单取消了吗？	“政治黑名单取消了吗？”
3	171.“政治黑名单取消了吗？”.txt	5	此举基本上是象征性的，因为去年一项移民法修正案禁止国务院基于信仰、言论和政治结社理由禁人入境。	《纽约时报》14日于头版报导，美国参院外交委员会通过法案，要国务院取消一份基于意识形态原因而不准二十五万外国人（包括持美绿卡者）入境的黑名单。该报形容说：“此举基本上是象征性的，因为去年一项移民法修正案禁止国务院基于信仰、言论和政治结社理由禁人入境。”
4	171.“政治黑名单取消了吗？”.txt	11	地下活动	第二，参院法案也不是“实质性”的废除了黑名单，只是名义上加以废除。因为在白宫向国会提出的反犯罪法案草案中，就有一条款专门针对外籍人士和持绿卡者而设。依据该条款，司法部可以秘密拘留被告，法庭可以秘密审判，可以不必要被告及其律师出庭，也不让他们知道被控罪名、罪证和判决结果。审判后，政府还可以把被告驱逐到任何地方去。换句话说，一切都进入了“地下活动”。
3	172.关中的科学.txt	3	亚太地区国际关系研讨会	6月27日报上说：香港中文大学亚太研究所主办“亚太地区国际关系研讨会”，探讨亚太经济合作问题，于26日会议中担任评论员的民主基金会董事长关中，对中国大陆学者提出“一国两制”是统一的科学构想，提出了强烈的反击。关中说，科学的构想必须有科学的方法，一、必须要有精确的表现，也就是具体的内容；二、可测性，可预测得出将来可能发生之情况；三、必须可验证的。“一国两制”的...
5	173.郁慕明的预言.txt	3	强硬、有格	6月22日郁慕明在“立法院的乱象与危机”座谈会中说：明年底“立委”改选一百五十席，倘“用钱压死人”的大财阀以一人一亿元收买“立委”，只要七十五亿元就可以让政经系统扭曲，将国家出卖，金权取代政党政治，这才是“立法院”最大危机。而过去称“老贼可恶”，老贼不少还具道德学问，小贼可恶在于做错事还讲出堂堂道理，仿佛正义都与他同边。郁慕明说，如此下去，“强硬、有格”的官...
4	173.郁慕明的预言.txt	9	富可敌国	美国财阀也有在两党身上同时押宝的，但财阀的潜力不是“富可敌国”、议员的抵抗力也没有“有奶就是娘”，所以，尚不足为大害，台湾则一下子就脱底了。古人养虎遗患、国民党养财阀遗患，真是活该也！
3	173.郁慕明的预言.txt	9	有奶就是娘	美国财阀也有在两党身上同时押宝的，但财阀的潜力不是“富可敌国”、议员的抵抗力也没有“有奶就是娘”，所以，尚不足为大害，台湾则一下子就脱底了。古人养虎遗患、国民党养财阀遗患，真是活该也！
3	174.恶心到美国去了.txt	3	风靡海内外华人社会的杨丽花歌仔戏团，于昨晚在此间的成功演出后，今天飞往美西，将分别在圣荷塞和旧金山登台，表演她的拿手好戏，欢娱侨胞。	“中央社”休斯敦26日专电：“风靡海内外华人社会的杨丽花歌仔戏团，于昨晚在此间的成功演出后，今天飞往美西，将分别在圣荷塞和旧金山登台，表演她的拿手好戏，欢娱侨胞。”“在为时两个小时的表演节目中，除了杨丽花及所属老班底全力演出的拿手戏《唐伯虎点秋香》外，也有名节目主持人邹美仪小姐领衔的综艺表演，有歌有舞，受到在场近千位观众的热烈掌声。”“我国驻休斯敦‘办事处长...
3	174.恶心到美国去了.txt	3	在为时两个小时的表演节目中，除了杨丽花及所属老班底全力演出的拿手戏《唐伯虎点秋香》外，也有名节目主持人邹美仪小姐领衔的综艺表演，有歌有舞，受到在场近千位观众的热烈掌声。	“中央社”休斯敦26日专电：“风靡海内外华人社会的杨丽花歌仔戏团，于昨晚在此间的成功演出后，今天飞往美西，将分别在圣荷塞和旧金山登台，表演她的拿手好戏，欢娱侨胞。”“在为时两个小时的表演节目中，除了杨丽花及所属老班底全力演出的拿手戏《唐伯虎点秋香》外，也有名节目主持人邹美仪小姐领衔的综艺表演，有歌有舞，受到在场近千位观众的热烈掌声。”“我国驻休斯敦‘办事处长...
3	174.恶心到美国去了.txt	3	我国驻休斯敦‘办事处长’欧阳瑞雄，曾于昨晚杨丽花歌仔戏团的演出后，以消夜慰劳全体团员，宾主最后在合唱《中华民国颂》歌声中，互道再见！	“中央社”休斯敦26日专电：“风靡海内外华人社会的杨丽花歌仔戏团，于昨晚在此间的成功演出后，今天飞往美西，将分别在圣荷塞和旧金山登台，表演她的拿手好戏，欢娱侨胞。”“在为时两个小时的表演节目中，除了杨丽花及所属老班底全力演出的拿手戏《唐伯虎点秋香》外，也有名节目主持人邹美仪小姐领衔的综艺表演，有歌有舞，受到在场近千位观众的热烈掌声。”“我国驻休斯敦‘办事处长...
3	174.恶心到美国去了.txt	3	台视公司所属的杨丽花歌仔戏团，这次美国之行，共有四十二位团员，包括有乐队、舞团和综艺演员。他们将在本周末于北加州圣他克米拉市举行的全美台湾商会年会中表演，预定下月初回国。	“中央社”休斯敦26日专电：“风靡海内外华人社会的杨丽花歌仔戏团，于昨晚在此间的成功演出后，今天飞往美西，将分别在圣荷塞和旧金山登台，表演她的拿手好戏，欢娱侨胞。”“在为时两个小时的表演节目中，除了杨丽花及所属老班底全力演出的拿手戏《唐伯虎点秋香》外，也有名节目主持人邹美仪小姐领衔的综艺表演，有歌有舞，受到在场近千位观众的热烈掌声。”“我国驻休斯敦‘办事处长...
3	175.毛泽东“霸王硬上弓”？.txt	3	政治任务	6月22日中央日报转引香港《争鸣》杂志一篇署名“冼永标”的文章报导，从1966年3月至1976年8月，大陆29省、市、自治区辖下有1820多间印刷厂全部负有承制《毛主席语录》、《毛泽东选集》、《毛主席诗抄》的“政治任务”。在这十年中，总共出版了《毛主席语录》65亿册，《毛泽东选集（一至四卷）》8亿4千万套，共33亿6千万册，《毛主席诗抄》4亿册，五种不同尺寸...
7	176.伊梅尔达的数学.txt	3	这些鞋子都是进口高级皮鞋，从优雅的高跟鞋、镂空凉鞋，到五英寸高的饰花拖鞋，应有尽有。	7月2日，届满六十二岁的前菲律宾第一夫人伊梅尔达·马科斯（Imelda Marcos），在纽约富丽堂皇的家里，一副端庄高贵的打扮，满口大谈仁义道德。1986年此婆之出走也，宫中遗留珍宝无数，光鞋子就有三千双。据美联社报导：“这些鞋子都是进口高级皮鞋，从优雅的高跟鞋、镂空凉鞋，到五英寸高的饰花拖鞋，应有尽有。”
4	176.伊梅尔达的数学.txt	5	我并没有三千双鞋子，我只有一千零六十双而已。	消息传出，伊梅尔达在外扬言，说：“我并没有三千双鞋子，我只有一千零六十双而已。”（I did not have three thousand pairs of shoes, I had one thousand and sixty.）
5	176.伊梅尔达的数学.txt	7	我只有十六个姨太太，可是人家诽谤我，说我有十七个！	这一壮语，使我想起中国某军阀所说的：“我只有十六个姨太太，可是人家诽谤我，说我有十七个！”
8	177.难道不是“台湾省海基会”么？.txt	3	中新社、新华社口径一致	7月6日《联合报》登：“中共新华社、中新社今天报导海峡交流基金会大陆访问团抵达广州的消息，电文中称海基会为台湾‘省’海峡交流基金会……”中共媒体称“‘海基会’为台湾‘省’海峡交流基金会。今年4月底海基会首次大陆行，中共媒体一开始亦称其为台湾‘省’海峡交流基金会，后来改称台湾海基会；这次用语如出一辙，是否有意凸显海基会的地方性色彩，值得注意”。“中新社、新华社...
7	177.难道不是“台湾省海基会”么？.txt	3	与上回用语如出一辙，似又玩‘矮化’游戏	7月6日《联合报》登：“中共新华社、中新社今天报导海峡交流基金会大陆访问团抵达广州的消息，电文中称海基会为台湾‘省’海峡交流基金会……”中共媒体称“‘海基会’为台湾‘省’海峡交流基金会。今年4月底海基会首次大陆行，中共媒体一开始亦称其为台湾‘省’海峡交流基金会，后来改称台湾海基会；这次用语如出一辙，是否有意凸显海基会的地方性色彩，值得注意”。“中新社、新华社...
6	177.难道不是“台湾省海基会”么？.txt	3	中共新华社、中新社今天报导海峡交流基金会大陆访问团抵达广州的消息，电文中称海基会为台湾‘省’海峡交流基金会……	7月6日《联合报》登：“中共新华社、中新社今天报导海峡交流基金会大陆访问团抵达广州的消息，电文中称海基会为台湾‘省’海峡交流基金会……”中共媒体称“‘海基会’为台湾‘省’海峡交流基金会。今年4月底海基会首次大陆行，中共媒体一开始亦称其为台湾‘省’海峡交流基金会，后来改称台湾海基会；这次用语如出一辙，是否有意凸显海基会的地方性色彩，值得注意”。“中新社、新华社...
6	177.难道不是“台湾省海基会”么？.txt	3	‘海基会’为台湾‘省’海峡交流基金会。今年4月底海基会首次大陆行，中共媒体一开始亦称其为台湾‘省’海峡交流基金会，后来改称台湾海基会；这次用语如出一辙，是否有意凸显海基会的地方性色彩，值得注意	7月6日《联合报》登：“中共新华社、中新社今天报导海峡交流基金会大陆访问团抵达广州的消息，电文中称海基会为台湾‘省’海峡交流基金会……”中共媒体称“‘海基会’为台湾‘省’海峡交流基金会。今年4月底海基会首次大陆行，中共媒体一开始亦称其为台湾‘省’海峡交流基金会，后来改称台湾海基会；这次用语如出一辙，是否有意凸显海基会的地方性色彩，值得注意”。“中新社、新华社...
5	177.难道不是“台湾省海基会”么？.txt	7	中新社、新华社口径一致	台湾为中国的一个省，国民党伪政府并不争执，其与“中新社、新华社口径一致”，可谓“隔海唱和”。台湾既是中国的一个省，海基会不是台湾省海基会，又是什么？台湾之于大陆，明明是一个省的孤悬在外、明明是一个省的地方割据，在事实上与逻辑上，称作“台湾省”，都是名正言顺的，又何“矮化” 之有？
5	178.谁是吴三桂？.txt	3	两岸谈判的时机与方式	7月7日由“中国统一联盟”举办的“两岸谈判的时机与方式”座谈会上，“立法委员”郁慕明表示，他主张跟中共谈判，结果就有人动不动说他是吴三桂、怕他是吴三桂，其实那些本省籍的“立法委员”，到大陆去做生意，他们才是吴三桂，中共的统战部都有他们的资料，他们到大陆跟中共谈生意，要求中共的授权委托书，搞通商通航，不知跑多少趟，他们才是真正的吴三桂。郁慕明说，有“立法委员”...
4	178.谁是吴三桂？.txt	3	中国统一联盟	7月7日由“中国统一联盟”举办的“两岸谈判的时机与方式”座谈会上，“立法委员”郁慕明表示，他主张跟中共谈判，结果就有人动不动说他是吴三桂、怕他是吴三桂，其实那些本省籍的“立法委员”，到大陆去做生意，他们才是吴三桂，中共的统战部都有他们的资料，他们到大陆跟中共谈生意，要求中共的授权委托书，搞通商通航，不知跑多少趟，他们才是真正的吴三桂。郁慕明说，有“立法委员”...
3	178.谁是吴三桂？.txt	3	立法委员	7月7日由“中国统一联盟”举办的“两岸谈判的时机与方式”座谈会上，“立法委员”郁慕明表示，他主张跟中共谈判，结果就有人动不动说他是吴三桂、怕他是吴三桂，其实那些本省籍的“立法委员”，到大陆去做生意，他们才是吴三桂，中共的统战部都有他们的资料，他们到大陆跟中共谈生意，要求中共的授权委托书，搞通商通航，不知跑多少趟，他们才是真正的吴三桂。郁慕明说，有“立法委员”...
5	180.蒋氏父子像岂配油画处理！.txt	5	是个没有感情、冷冰冰的地方	陈水扁说“议场”内“是个没有感情、冷冰冰的地方”，是对的。但他提议把“先总统、蒋经国先生”之流以“油画方式和伟人画像、名画等一并悬挂在外面、走廊”，则是焚琴煮鹤的错误。——“先总统、经国先生”之流是什么货色，还要油画处理么？我看愈这样“改进”，愈糟了吧？
5	180.蒋氏父子像岂配油画处理！.txt	5	先总统、蒋经国先生	陈水扁说“议场”内“是个没有感情、冷冰冰的地方”，是对的。但他提议把“先总统、蒋经国先生”之流以“油画方式和伟人画像、名画等一并悬挂在外面、走廊”，则是焚琴煮鹤的错误。——“先总统、经国先生”之流是什么货色，还要油画处理么？我看愈这样“改进”，愈糟了吧？
5	180.蒋氏父子像岂配油画处理！.txt	5	油画方式和伟人画像、名画等一并悬挂在外面、走廊	陈水扁说“议场”内“是个没有感情、冷冰冰的地方”，是对的。但他提议把“先总统、蒋经国先生”之流以“油画方式和伟人画像、名画等一并悬挂在外面、走廊”，则是焚琴煮鹤的错误。——“先总统、经国先生”之流是什么货色，还要油画处理么？我看愈这样“改进”，愈糟了吧？
5	180.蒋氏父子像岂配油画处理！.txt	5	先总统、经国先生	陈水扁说“议场”内“是个没有感情、冷冰冰的地方”，是对的。但他提议把“先总统、蒋经国先生”之流以“油画方式和伟人画像、名画等一并悬挂在外面、走廊”，则是焚琴煮鹤的错误。——“先总统、经国先生”之流是什么货色，还要油画处理么？我看愈这样“改进”，愈糟了吧？
6	181.岂可清高打扮蒋孝武.txt	3	虽然拥有显赫的家世背景，但蒋孝武从不以此炫耀，更不以其特殊背景及关系，谋求政治前途。虽然高层方面对孝武极为器重，并刻意予以栽培，但孝武有句口头语：‘我对政治没兴趣！ ’使他对仕途不时流露出无心恋栈的意味。	7月3日国民党《中央日报》有一段话如下：“虽然拥有显赫的家世背景，但蒋孝武从不以此炫耀，更不以其特殊背景及关系，谋求政治前途。虽然高层方面对孝武极为器重，并刻意予以栽培，但孝武有句口头语：‘我对政治没兴趣！ ’使他对仕途不时流露出无心恋栈的意味。”
6	182.“舞女”又有何不可？.txt	3	舞厅舞场酒家酒吧及特种咖啡茶室	台北市法规审查委员会7月3日修正通过所谓不合时宜的“舞厅舞场酒家酒吧及特种咖啡茶室”管理规则，其中较突出的是，将带有歧视女性称谓的“舞女”称谓，改为中性“舞伴”称谓，以“实践男女平等”云。
4	182.“舞女”又有何不可？.txt	3	实践男女平等	台北市法规审查委员会7月3日修正通过所谓不合时宜的“舞厅舞场酒家酒吧及特种咖啡茶室”管理规则，其中较突出的是，将带有歧视女性称谓的“舞女”称谓，改为中性“舞伴”称谓，以“实践男女平等”云。
3	182.“舞女”又有何不可？.txt	3	舞女	台北市法规审查委员会7月3日修正通过所谓不合时宜的“舞厅舞场酒家酒吧及特种咖啡茶室”管理规则，其中较突出的是，将带有歧视女性称谓的“舞女”称谓，改为中性“舞伴”称谓，以“实践男女平等”云。
4	183.周恩来是南开大学出身的吗？.txt	3	中共故总理周恩来，亦南大出身。且为极为活跃之学生，在校颇得伯苓先生喜爱。	国民党文字警察总监石永贵主持的《中央日报》，由于文化水平太低，常常闹笑话。7月18日，又来了一次。在该报“政海微言”的专栏中，以《大教育家之遗憾》为题，乱捧南开大学校长张伯苓，并指出：“中共故总理周恩来，亦南大出身。且为极为活跃之学生，在校颇得伯苓先生喜爱。”这里所写周恩来学历，出了大错。
3	186.蒋宋美龄又不要脸了.txt	3	久未露面的蒋夫人宋美龄女士，今天上午应邀出席国立故宫博物院‘中国艺术文物讨论会’开幕典礼，不但优雅的风采，成为会场瞩目焦点；蒋夫人以英文发表的十余分钟演讲，更贏得与会者的掌声。	7月21日晚报上说：“久未露面的蒋夫人宋美龄女士，今天上午应邀出席国立故宫博物院‘中国艺术文物讨论会’开幕典礼，不但优雅的风采，成为会场瞩目焦点；蒋夫人以英文发表的十余分钟演讲，更贏得与会者的掌声。”
3	188.笨鸟停飞志感.txt	3	以古道热肠颇得文友敬重的王大空先生，前日上午不幸因病去世，享年七十一岁。王大空是位散文家，作品虽不多，却以蕴涵启发性见长；他也是位大众传播工作者，在广播界、电视界、报界都有贡献；他还是位‘名嘴’、‘快嘴’，以风趣幽默的话语博君一粲；最重要的，他是个最有人缘的人，无论男女都乐于与他为友，他提携后进不遗余力，许多大学刚毕业的年轻人找工作，只要他做得到，他一定乐于推荐。	8月1日《中央日报》以副刊满版纪念国民党的“空中文宣警察”王大空，编者按语且说：“以古道热肠颇得文友敬重的王大空先生，前日上午不幸因病去世，享年七十一岁。王大空是位散文家，作品虽不多，却以蕴涵启发性见长；他也是位大众传播工作者，在广播界、电视界、报界都有贡献；他还是位‘名嘴’、‘快嘴’，以风趣幽默的话语博君一粲；最重要的，他是个最有人缘的人，无论男女都乐于与...
8	188.笨鸟停飞志感.txt	11	做人成功，作文失败	国民党文人、国民党文学侍从之臣们，他们的集体特色是“做人成功，作文失败”，明明无作文功力与才气而乱附庸风雅，所谓焚琴煮鹤、唐突斯文，正此之谓也！
5	192.“涉嫌妨害风化‘邹郎’落网喊冤”.txt	3	涉嫌妨害风化‘邹郎’落网喊冤	8月1日《联合报》登“涉嫌妨害风化‘邹郎’落网喊冤”，内文报导说：
3	193.李光耀论大陆“停滞不前”的主要原因.txt	7	自由市场和自由市场体系是使这些新兴工业化国家取得成功的因素	李光耀说，中共领导人和大陆人民都知道“自由市场和自由市场体系是使这些新兴工业化国家取得成功的因素”。
5	193.李光耀论大陆“停滞不前”的主要原因.txt	9	如何一方面采取自由市场经济，一方面保留共产党控制政府和社会	他说中国大陆目前面对的问题是“如何一方面采取自由市场经济，一方面保留共产党控制政府和社会”，以及“如何在不引起混乱和动荡的情况下，顺利摆脱目前的制度”。
5	193.李光耀论大陆“停滞不前”的主要原因.txt	9	如何在不引起混乱和动荡的情况下，顺利摆脱目前的制度	他说中国大陆目前面对的问题是“如何一方面采取自由市场经济，一方面保留共产党控制政府和社会”，以及“如何在不引起混乱和动荡的情况下，顺利摆脱目前的制度”。
4	193.李光耀论大陆“停滞不前”的主要原因.txt	11	他们在如何进行工作方面，还不能达成共识。	李光耀指出，虽然中共领导人已意识到马克斯主义下的中央计划体制，“是一个有毛病的体制”，并试图引进市场力量加以改革，但不幸的是：“他们在如何进行工作方面，还不能达成共识。”
6	193.李光耀论大陆“停滞不前”的主要原因.txt	13	中国大陆要成功，并不需要走苏联的路，他相信大陆今后将会逐步开放和放松管制，而海外华人正可发挥影响力。	他说：“中国大陆要成功，并不需要走苏联的路，他相信大陆今后将会逐步开放和放松管制，而海外华人正可发挥影响力。”
5	194.李登辉与许信良.txt	3	一切作为向历史交代，不在乎目前的毁誉，而在于将来历史上的评价	8月11日报上可真无独有偶。一边是国民党主席李登辉声言“一切作为向历史交代，不在乎目前的毁誉，而在于将来历史上的评价”；一边是民进党候选主席许信良声言“从小就期许自己成为历史人物，从政几十年，只在乎个人志业、历史地位，对于一时的毁誉，则不屑计较、不屑去辩解，我要用一生来证明自己”。多么巧呀，他们的抱负都是一样的。我常说民进党跟国民党一模一样，于此又得一实证。
4	194.李登辉与许信良.txt	3	从小就期许自己成为历史人物，从政几十年，只在乎个人志业、历史地位，对于一时的毁誉，则不屑计较、不屑去辩解，我要用一生来证明自己	8月11日报上可真无独有偶。一边是国民党主席李登辉声言“一切作为向历史交代，不在乎目前的毁誉，而在于将来历史上的评价”；一边是民进党候选主席许信良声言“从小就期许自己成为历史人物，从政几十年，只在乎个人志业、历史地位，对于一时的毁誉，则不屑计较、不屑去辩解，我要用一生来证明自己”。多么巧呀，他们的抱负都是一样的。我常说民进党跟国民党一模一样，于此又得一实证。