id	decision	category	quote_text	source_or_origin	source_file	line_start	line_end	summary	notes
LAXA50-001	keep-first-pass	民俗格言	泰山石敢当	传统民俗辟邪石刻语	《笑傲五十年》题辞.txt	3	3	本书在相关章节引用或使用“泰山石敢当”，首轮保留其可独立检索的民俗格言性质。	首轮保守收录：《笑傲五十年》多为自述、人格论、历史人物与时政评论混合文本；现代党政攻防、司法/外交/统独判断、人物政治评价、口号式语录不收。仅保留句子本身可独立检索的诗句、传统联语、古典成句、成语俗语、文学典故、宗教/外文格言与少量李敖式仿古成句。
LAXA50-002	keep-first-pass	李敖式仿古成句	春蚕到死丝方尽，李敖一去兮不复还！	化用李商隐诗句与《史记》句式	001.笑傲五十年.txt	61	61	本书在相关章节引用或使用“春蚕到死丝方尽，李敖一去兮不复还！”，首轮保留其可独立检索的李敖式仿古成句性质。	首轮保守收录：《笑傲五十年》多为自述、人格论、历史人物与时政评论混合文本；现代党政攻防、司法/外交/统独判断、人物政治评价、口号式语录不收。仅保留句子本身可独立检索的诗句、传统联语、古典成句、成语俗语、文学典故、宗教/外文格言与少量李敖式仿古成句。
LAXA50-003	keep-first-pass	古典诗句	泪尽胡尘里	陆游《秋夜将晓出篱门迎凉有感》	002.李敖画像.txt	5	5	本书在相关章节引用或使用“泪尽胡尘里”，首轮保留其可独立检索的古典诗句性质。	首轮保守收录：《笑傲五十年》多为自述、人格论、历史人物与时政评论混合文本；现代党政攻防、司法/外交/统独判断、人物政治评价、口号式语录不收。仅保留句子本身可独立检索的诗句、传统联语、古典成句、成语俗语、文学典故、宗教/外文格言与少量李敖式仿古成句。
LAXA50-004	keep-first-pass	中文成语	史所罕见	传统成语	002.李敖画像.txt	13	13	本书在相关章节引用或使用“史所罕见”，首轮保留其可独立检索的中文成语性质。	首轮保守收录：《笑傲五十年》多为自述、人格论、历史人物与时政评论混合文本；现代党政攻防、司法/外交/统独判断、人物政治评价、口号式语录不收。仅保留句子本身可独立检索的诗句、传统联语、古典成句、成语俗语、文学典故、宗教/外文格言与少量李敖式仿古成句。
LAXA50-005	keep-first-pass	中文成语	独行其是	传统成语	002.李敖画像.txt	13	13	本书在相关章节引用或使用“独行其是”，首轮保留其可独立检索的中文成语性质。	首轮保守收录：《笑傲五十年》多为自述、人格论、历史人物与时政评论混合文本；现代党政攻防、司法/外交/统独判断、人物政治评价、口号式语录不收。仅保留句子本身可独立检索的诗句、传统联语、古典成句、成语俗语、文学典故、宗教/外文格言与少量李敖式仿古成句。
LAXA50-006	keep-first-pass	中文成语	东征西讨	传统成语	002.李敖画像.txt	13	13	本书在相关章节引用或使用“东征西讨”，首轮保留其可独立检索的中文成语性质。	首轮保守收录：《笑傲五十年》多为自述、人格论、历史人物与时政评论混合文本；现代党政攻防、司法/外交/统独判断、人物政治评价、口号式语录不收。仅保留句子本身可独立检索的诗句、传统联语、古典成句、成语俗语、文学典故、宗教/外文格言与少量李敖式仿古成句。
LAXA50-007	keep-first-pass	中文熟语	霹雳手段，菩萨心肠	传统熟语	002.李敖画像.txt	15	15	本书在相关章节引用或使用“霹雳手段，菩萨心肠”，首轮保留其可独立检索的中文熟语性质。	首轮保守收录：《笑傲五十年》多为自述、人格论、历史人物与时政评论混合文本；现代党政攻防、司法/外交/统独判断、人物政治评价、口号式语录不收。仅保留句子本身可独立检索的诗句、传统联语、古典成句、成语俗语、文学典故、宗教/外文格言与少量李敖式仿古成句。
LAXA50-008	keep-first-pass	中文成语	扶弱抑强	传统成语	002.李敖画像.txt	15	15	本书在相关章节引用或使用“扶弱抑强”，首轮保留其可独立检索的中文成语性质。	首轮保守收录：《笑傲五十年》多为自述、人格论、历史人物与时政评论混合文本；现代党政攻防、司法/外交/统独判断、人物政治评价、口号式语录不收。仅保留句子本身可独立检索的诗句、传统联语、古典成句、成语俗语、文学典故、宗教/外文格言与少量李敖式仿古成句。
LAXA50-009	keep-first-pass	中文成语	黑白分明	传统成语	002.李敖画像.txt	15	15	本书在相关章节引用或使用“黑白分明”，首轮保留其可独立检索的中文成语性质。	首轮保守收录：《笑傲五十年》多为自述、人格论、历史人物与时政评论混合文本；现代党政攻防、司法/外交/统独判断、人物政治评价、口号式语录不收。仅保留句子本身可独立检索的诗句、传统联语、古典成句、成语俗语、文学典故、宗教/外文格言与少量李敖式仿古成句。
LAXA50-010	keep-first-pass	中文成语	目空一切	传统成语	002.李敖画像.txt	15	15	本书在相关章节引用或使用“目空一切”，首轮保留其可独立检索的中文成语性质。	首轮保守收录：《笑傲五十年》多为自述、人格论、历史人物与时政评论混合文本；现代党政攻防、司法/外交/统独判断、人物政治评价、口号式语录不收。仅保留句子本身可独立检索的诗句、传统联语、古典成句、成语俗语、文学典故、宗教/外文格言与少量李敖式仿古成句。
LAXA50-011	keep-first-pass	中文成语	手不停挥	传统成语	002.李敖画像.txt	15	15	本书在相关章节引用或使用“手不停挥”，首轮保留其可独立检索的中文成语性质。	首轮保守收录：《笑傲五十年》多为自述、人格论、历史人物与时政评论混合文本；现代党政攻防、司法/外交/统独判断、人物政治评价、口号式语录不收。仅保留句子本身可独立检索的诗句、传统联语、古典成句、成语俗语、文学典故、宗教/外文格言与少量李敖式仿古成句。
LAXA50-012	keep-first-pass	中文成语	侠骨柔情	传统成语	002.李敖画像.txt	15	15	本书在相关章节引用或使用“侠骨柔情”，首轮保留其可独立检索的中文成语性质。	首轮保守收录：《笑傲五十年》多为自述、人格论、历史人物与时政评论混合文本；现代党政攻防、司法/外交/统独判断、人物政治评价、口号式语录不收。仅保留句子本身可独立检索的诗句、传统联语、古典成句、成语俗语、文学典故、宗教/外文格言与少量李敖式仿古成句。
LAXA50-013	keep-first-pass	古典成句	一言而得，一言而丧	《论语》相关典故	003.幸亏有我.txt	11	11	本书在相关章节引用或使用“一言而得，一言而丧”，首轮保留其可独立检索的古典成句性质。	首轮保守收录：《笑傲五十年》多为自述、人格论、历史人物与时政评论混合文本；现代党政攻防、司法/外交/统独判断、人物政治评价、口号式语录不收。仅保留句子本身可独立检索的诗句、传统联语、古典成句、成语俗语、文学典故、宗教/外文格言与少量李敖式仿古成句。
LAXA50-014	keep-first-pass	历史典故	几人称帝，几人称王	《魏志》相关典故	003.幸亏有我.txt	11	11	本书在相关章节引用或使用“几人称帝，几人称王”，首轮保留其可独立检索的历史典故性质。	首轮保守收录：《笑傲五十年》多为自述、人格论、历史人物与时政评论混合文本；现代党政攻防、司法/外交/统独判断、人物政治评价、口号式语录不收。仅保留句子本身可独立检索的诗句、传统联语、古典成句、成语俗语、文学典故、宗教/外文格言与少量李敖式仿古成句。
LAXA50-015	keep-first-pass	古典文句	天下可无洪，不可无公。	《魏志》曹洪相关语	003.幸亏有我.txt	29	29	本书在相关章节引用或使用“天下可无洪，不可无公。”，首轮保留其可独立检索的古典文句性质。	首轮保守收录：《笑傲五十年》多为自述、人格论、历史人物与时政评论混合文本；现代党政攻防、司法/外交/统独判断、人物政治评价、口号式语录不收。仅保留句子本身可独立检索的诗句、传统联语、古典成句、成语俗语、文学典故、宗教/外文格言与少量李敖式仿古成句。
LAXA50-016	keep-first-pass	古典文句	天下可无晦，不可无公。	《南史》谢晦相关语	003.幸亏有我.txt	29	29	本书在相关章节引用或使用“天下可无晦，不可无公。”，首轮保留其可独立检索的古典文句性质。	首轮保守收录：《笑傲五十年》多为自述、人格论、历史人物与时政评论混合文本；现代党政攻防、司法/外交/统独判断、人物政治评价、口号式语录不收。仅保留句子本身可独立检索的诗句、传统联语、古典成句、成语俗语、文学典故、宗教/外文格言与少量李敖式仿古成句。
LAXA50-017	keep-first-pass	古典文句	天下无洪轨，何有哉？苍生可乱，岂可一日无公？	《南史》王洪轨相关语	003.幸亏有我.txt	29	29	本书在相关章节引用或使用“天下无洪轨，何有哉？苍生可乱，岂可一日无公？”，首轮保留其可独立检索的古典文句性质。	首轮保守收录：《笑傲五十年》多为自述、人格论、历史人物与时政评论混合文本；现代党政攻防、司法/外交/统独判断、人物政治评价、口号式语录不收。仅保留句子本身可独立检索的诗句、传统联语、古典成句、成语俗语、文学典故、宗教/外文格言与少量李敖式仿古成句。
LAXA50-018	keep-first-pass	历史典故	天下不可无公	传统“不可无公”模式	003.幸亏有我.txt	29	29	本书在相关章节引用或使用“天下不可无公”，首轮保留其可独立检索的历史典故性质。	首轮保守收录：《笑傲五十年》多为自述、人格论、历史人物与时政评论混合文本；现代党政攻防、司法/外交/统独判断、人物政治评价、口号式语录不收。仅保留句子本身可独立检索的诗句、传统联语、古典成句、成语俗语、文学典故、宗教/外文格言与少量李敖式仿古成句。
LAXA50-019	keep-first-pass	中文熟语	万古如长夜	化用传统尊圣成句	003.幸亏有我.txt	35	35	本书在相关章节引用或使用“万古如长夜”，首轮保留其可独立检索的中文熟语性质。	首轮保守收录：《笑傲五十年》多为自述、人格论、历史人物与时政评论混合文本；现代党政攻防、司法/外交/统独判断、人物政治评价、口号式语录不收。仅保留句子本身可独立检索的诗句、传统联语、古典成句、成语俗语、文学典故、宗教/外文格言与少量李敖式仿古成句。
LAXA50-020	keep-first-pass	中文成语	别开生面	传统成语	003.幸亏有我.txt	35	35	本书在相关章节引用或使用“别开生面”，首轮保留其可独立检索的中文成语性质。	首轮保守收录：《笑傲五十年》多为自述、人格论、历史人物与时政评论混合文本；现代党政攻防、司法/外交/统独判断、人物政治评价、口号式语录不收。仅保留句子本身可独立检索的诗句、传统联语、古典成句、成语俗语、文学典故、宗教/外文格言与少量李敖式仿古成句。
LAXA50-021	keep-first-pass	中文成语	饱更忧患	传统成语	003.幸亏有我.txt	39	39	本书在相关章节引用或使用“饱更忧患”，首轮保留其可独立检索的中文成语性质。	首轮保守收录：《笑傲五十年》多为自述、人格论、历史人物与时政评论混合文本；现代党政攻防、司法/外交/统独判断、人物政治评价、口号式语录不收。仅保留句子本身可独立检索的诗句、传统联语、古典成句、成语俗语、文学典故、宗教/外文格言与少量李敖式仿古成句。
LAXA50-022	keep-first-pass	中文成语	面目全非	传统成语	003.幸亏有我.txt	39	39	本书在相关章节引用或使用“面目全非”，首轮保留其可独立检索的中文成语性质。	首轮保守收录：《笑傲五十年》多为自述、人格论、历史人物与时政评论混合文本；现代党政攻防、司法/外交/统独判断、人物政治评价、口号式语录不收。仅保留句子本身可独立检索的诗句、传统联语、古典成句、成语俗语、文学典故、宗教/外文格言与少量李敖式仿古成句。
LAXA50-023	keep-first-pass	古典成句	天地不仁	《老子》相关成句	004.大人格与小人格.txt	9	9	本书在相关章节引用或使用“天地不仁”，首轮保留其可独立检索的古典成句性质。	首轮保守收录：《笑傲五十年》多为自述、人格论、历史人物与时政评论混合文本；现代党政攻防、司法/外交/统独判断、人物政治评价、口号式语录不收。仅保留句子本身可独立检索的诗句、传统联语、古典成句、成语俗语、文学典故、宗教/外文格言与少量李敖式仿古成句。
LAXA50-024	keep-first-pass	古典成句	管仲非仁者与？桓公杀公子纠，不能死，又相之。	《论语》子贡问管仲	004.大人格与小人格.txt	15	15	本书在相关章节引用或使用“管仲非仁者与？桓公杀公子纠，不能死，又相之。”，首轮保留其可独立检索的古典成句性质。	首轮保守收录：《笑傲五十年》多为自述、人格论、历史人物与时政评论混合文本；现代党政攻防、司法/外交/统独判断、人物政治评价、口号式语录不收。仅保留句子本身可独立检索的诗句、传统联语、古典成句、成语俗语、文学典故、宗教/外文格言与少量李敖式仿古成句。
LAXA50-025	keep-first-pass	古典成句	微管仲，吾其披发左衽矣！	《论语》孔子论管仲	004.大人格与小人格.txt	15	15	本书在相关章节引用或使用“微管仲，吾其披发左衽矣！”，首轮保留其可独立检索的古典成句性质。	首轮保守收录：《笑傲五十年》多为自述、人格论、历史人物与时政评论混合文本；现代党政攻防、司法/外交/统独判断、人物政治评价、口号式语录不收。仅保留句子本身可独立检索的诗句、传统联语、古典成句、成语俗语、文学典故、宗教/外文格言与少量李敖式仿古成句。
LAXA50-026	keep-first-pass	古典成句	自经于沟渎而莫之知也！	《论语》孔子论匹夫匹妇之谅	004.大人格与小人格.txt	15	15	本书在相关章节引用或使用“自经于沟渎而莫之知也！”，首轮保留其可独立检索的古典成句性质。	首轮保守收录：《笑傲五十年》多为自述、人格论、历史人物与时政评论混合文本；现代党政攻防、司法/外交/统独判断、人物政治评价、口号式语录不收。仅保留句子本身可独立检索的诗句、传统联语、古典成句、成语俗语、文学典故、宗教/外文格言与少量李敖式仿古成句。
LAXA50-027	keep-first-pass	中文成语	大处着眼	传统成语	004.大人格与小人格.txt	15	15	本书在相关章节引用或使用“大处着眼”，首轮保留其可独立检索的中文成语性质。	首轮保守收录：《笑傲五十年》多为自述、人格论、历史人物与时政评论混合文本；现代党政攻防、司法/外交/统独判断、人物政治评价、口号式语录不收。仅保留句子本身可独立检索的诗句、传统联语、古典成句、成语俗语、文学典故、宗教/外文格言与少量李敖式仿古成句。
LAXA50-028	keep-first-pass	中文熟语	代圣人立言	传统文人熟语	004.大人格与小人格.txt	21	21	本书在相关章节引用或使用“代圣人立言”，首轮保留其可独立检索的中文熟语性质。	首轮保守收录：《笑傲五十年》多为自述、人格论、历史人物与时政评论混合文本；现代党政攻防、司法/外交/统独判断、人物政治评价、口号式语录不收。仅保留句子本身可独立检索的诗句、传统联语、古典成句、成语俗语、文学典故、宗教/外文格言与少量李敖式仿古成句。
LAXA50-029	keep-first-pass	古典成句	继绝学	传统儒家学术成句	004.大人格与小人格.txt	21	21	本书在相关章节引用或使用“继绝学”，首轮保留其可独立检索的古典成句性质。	首轮保守收录：《笑傲五十年》多为自述、人格论、历史人物与时政评论混合文本；现代党政攻防、司法/外交/统独判断、人物政治评价、口号式语录不收。仅保留句子本身可独立检索的诗句、传统联语、古典成句、成语俗语、文学典故、宗教/外文格言与少量李敖式仿古成句。
LAXA50-030	keep-first-pass	中文成语	百孔千疮	传统成语	004.大人格与小人格.txt	21	21	本书在相关章节引用或使用“百孔千疮”，首轮保留其可独立检索的中文成语性质。	首轮保守收录：《笑傲五十年》多为自述、人格论、历史人物与时政评论混合文本；现代党政攻防、司法/外交/统独判断、人物政治评价、口号式语录不收。仅保留句子本身可独立检索的诗句、传统联语、古典成句、成语俗语、文学典故、宗教/外文格言与少量李敖式仿古成句。
LAXA50-031	keep-first-pass	中文成语	一丘之貉	传统成语	004.大人格与小人格.txt	21	21	本书在相关章节引用或使用“一丘之貉”，首轮保留其可独立检索的中文成语性质。	首轮保守收录：《笑傲五十年》多为自述、人格论、历史人物与时政评论混合文本；现代党政攻防、司法/外交/统独判断、人物政治评价、口号式语录不收。仅保留句子本身可独立检索的诗句、传统联语、古典成句、成语俗语、文学典故、宗教/外文格言与少量李敖式仿古成句。
LAXA50-032	keep-first-pass	中文成语	答非所问	传统成语	004.大人格与小人格.txt	21	21	本书在相关章节引用或使用“答非所问”，首轮保留其可独立检索的中文成语性质。	首轮保守收录：《笑傲五十年》多为自述、人格论、历史人物与时政评论混合文本；现代党政攻防、司法/外交/统独判断、人物政治评价、口号式语录不收。仅保留句子本身可独立检索的诗句、传统联语、古典成句、成语俗语、文学典故、宗教/外文格言与少量李敖式仿古成句。
LAXA50-033	keep-first-pass	古典成句	瞻之在前，忽焉在后	《论语》相关成句	004.大人格与小人格.txt	23	23	本书在相关章节引用或使用“瞻之在前，忽焉在后”，首轮保留其可独立检索的古典成句性质。	首轮保守收录：《笑傲五十年》多为自述、人格论、历史人物与时政评论混合文本；现代党政攻防、司法/外交/统独判断、人物政治评价、口号式语录不收。仅保留句子本身可独立检索的诗句、传统联语、古典成句、成语俗语、文学典故、宗教/外文格言与少量李敖式仿古成句。
LAXA50-034	keep-first-pass	古典成句	虽千万人，吾往矣！	《孟子》相关成句	004.大人格与小人格.txt	35	35	本书在相关章节引用或使用“虽千万人，吾往矣！”，首轮保留其可独立检索的古典成句性质。	首轮保守收录：《笑傲五十年》多为自述、人格论、历史人物与时政评论混合文本；现代党政攻防、司法/外交/统独判断、人物政治评价、口号式语录不收。仅保留句子本身可独立检索的诗句、传统联语、古典成句、成语俗语、文学典故、宗教/外文格言与少量李敖式仿古成句。
LAXA50-035	keep-first-pass	中文成语	特立独行	传统成语	004.大人格与小人格.txt	35	35	本书在相关章节引用或使用“特立独行”，首轮保留其可独立检索的中文成语性质。	首轮保守收录：《笑傲五十年》多为自述、人格论、历史人物与时政评论混合文本；现代党政攻防、司法/外交/统独判断、人物政治评价、口号式语录不收。仅保留句子本身可独立检索的诗句、传统联语、古典成句、成语俗语、文学典故、宗教/外文格言与少量李敖式仿古成句。
LAXA50-036	keep-first-pass	古典成句	庸德之行，庸言之谨	《中庸》相关成句	004.大人格与小人格.txt	37	37	本书在相关章节引用或使用“庸德之行，庸言之谨”，首轮保留其可独立检索的古典成句性质。	首轮保守收录：《笑傲五十年》多为自述、人格论、历史人物与时政评论混合文本；现代党政攻防、司法/外交/统独判断、人物政治评价、口号式语录不收。仅保留句子本身可独立检索的诗句、传统联语、古典成句、成语俗语、文学典故、宗教/外文格言与少量李敖式仿古成句。
LAXA50-037	keep-first-pass	古典成句	管仲之器小哉！	《论语》孔子论管仲	004.大人格与小人格.txt	41	41	本书在相关章节引用或使用“管仲之器小哉！”，首轮保留其可独立检索的古典成句性质。	首轮保守收录：《笑傲五十年》多为自述、人格论、历史人物与时政评论混合文本；现代党政攻防、司法/外交/统独判断、人物政治评价、口号式语录不收。仅保留句子本身可独立检索的诗句、传统联语、古典成句、成语俗语、文学典故、宗教/外文格言与少量李敖式仿古成句。
LAXA50-038	keep-first-pass	中文成语	功成名就	传统成语	004.大人格与小人格.txt	41	41	本书在相关章节引用或使用“功成名就”，首轮保留其可独立检索的中文成语性质。	首轮保守收录：《笑傲五十年》多为自述、人格论、历史人物与时政评论混合文本；现代党政攻防、司法/外交/统独判断、人物政治评价、口号式语录不收。仅保留句子本身可独立检索的诗句、传统联语、古典成句、成语俗语、文学典故、宗教/外文格言与少量李敖式仿古成句。
LAXA50-039	keep-first-pass	古典成句	天下为公	《礼记》相关成句	004.大人格与小人格.txt	41	41	本书在相关章节引用或使用“天下为公”，首轮保留其可独立检索的古典成句性质。	首轮保守收录：《笑傲五十年》多为自述、人格论、历史人物与时政评论混合文本；现代党政攻防、司法/外交/统独判断、人物政治评价、口号式语录不收。仅保留句子本身可独立检索的诗句、传统联语、古典成句、成语俗语、文学典故、宗教/外文格言与少量李敖式仿古成句。
LAXA50-040	keep-first-pass	中文成语	忘恩负义	传统成语	004.大人格与小人格.txt	41	41	本书在相关章节引用或使用“忘恩负义”，首轮保留其可独立检索的中文成语性质。	首轮保守收录：《笑傲五十年》多为自述、人格论、历史人物与时政评论混合文本；现代党政攻防、司法/外交/统独判断、人物政治评价、口号式语录不收。仅保留句子本身可独立检索的诗句、传统联语、古典成句、成语俗语、文学典故、宗教/外文格言与少量李敖式仿古成句。
LAXA50-041	keep-first-pass	古典成句	生我者父母，知我者鲍子也。	管鲍之交相关成句	004.大人格与小人格.txt	59	59	本书在相关章节引用或使用“生我者父母，知我者鲍子也。”，首轮保留其可独立检索的古典成句性质。	首轮保守收录：《笑傲五十年》多为自述、人格论、历史人物与时政评论混合文本；现代党政攻防、司法/外交/统独判断、人物政治评价、口号式语录不收。仅保留句子本身可独立检索的诗句、传统联语、古典成句、成语俗语、文学典故、宗教/外文格言与少量李敖式仿古成句。
LAXA50-042	keep-first-pass	古典成句	独善其身	《孟子》相关成句	004.大人格与小人格.txt	67	67	本书在相关章节引用或使用“独善其身”，首轮保留其可独立检索的古典成句性质。	首轮保守收录：《笑傲五十年》多为自述、人格论、历史人物与时政评论混合文本；现代党政攻防、司法/外交/统独判断、人物政治评价、口号式语录不收。仅保留句子本身可独立检索的诗句、传统联语、古典成句、成语俗语、文学典故、宗教/外文格言与少量李敖式仿古成句。
LAXA50-043	keep-first-pass	古典成句	兼善天下	《孟子》相关成句	004.大人格与小人格.txt	67	67	本书在相关章节引用或使用“兼善天下”，首轮保留其可独立检索的古典成句性质。	首轮保守收录：《笑傲五十年》多为自述、人格论、历史人物与时政评论混合文本；现代党政攻防、司法/外交/统独判断、人物政治评价、口号式语录不收。仅保留句子本身可独立检索的诗句、传统联语、古典成句、成语俗语、文学典故、宗教/外文格言与少量李敖式仿古成句。
LAXA50-044	keep-first-pass	古典概念	乡愿	孔孟语境中的传统人格概念	004.大人格与小人格.txt	67	67	本书在相关章节引用或使用“乡愿”，首轮保留其可独立检索的古典概念性质。	首轮保守收录：《笑傲五十年》多为自述、人格论、历史人物与时政评论混合文本；现代党政攻防、司法/外交/统独判断、人物政治评价、口号式语录不收。仅保留句子本身可独立检索的诗句、传统联语、古典成句、成语俗语、文学典故、宗教/外文格言与少量李敖式仿古成句。
LAXA50-045	keep-first-pass	中文熟语	捋虎须	传统熟语	004.大人格与小人格.txt	69	69	本书在相关章节引用或使用“捋虎须”，首轮保留其可独立检索的中文熟语性质。	首轮保守收录：《笑傲五十年》多为自述、人格论、历史人物与时政评论混合文本；现代党政攻防、司法/外交/统独判断、人物政治评价、口号式语录不收。仅保留句子本身可独立检索的诗句、传统联语、古典成句、成语俗语、文学典故、宗教/外文格言与少量李敖式仿古成句。
LAXA50-046	keep-first-pass	古典成句	禹、稷、卨与之为善则行，鮌、讙兜欲与为恶则诛。	《汉书·古今人表》相关引文	005.中国式好人.txt	29	29	本书在相关章节引用或使用“禹、稷、卨与之为善则行，鮌、讙兜欲与为恶则诛。”，首轮保留其可独立检索的古典成句性质。	首轮保守收录：《笑傲五十年》多为自述、人格论、历史人物与时政评论混合文本；现代党政攻防、司法/外交/统独判断、人物政治评价、口号式语录不收。仅保留句子本身可独立检索的诗句、传统联语、古典成句、成语俗语、文学典故、宗教/外文格言与少量李敖式仿古成句。
LAXA50-047	keep-first-pass	古典成句	龙逢、比干欲与之为善则诛，于莘、崇侯与之为恶则行。	《汉书·古今人表》相关引文	005.中国式好人.txt	31	31	本书在相关章节引用或使用“龙逢、比干欲与之为善则诛，于莘、崇侯与之为恶则行。”，首轮保留其可独立检索的古典成句性质。	首轮保守收录：《笑傲五十年》多为自述、人格论、历史人物与时政评论混合文本；现代党政攻防、司法/外交/统独判断、人物政治评价、口号式语录不收。仅保留句子本身可独立检索的诗句、传统联语、古典成句、成语俗语、文学典故、宗教/外文格言与少量李敖式仿古成句。
LAXA50-048	keep-first-pass	古典成句	管仲相之则霸，竖貂辅之则乱。	《汉书·古今人表》相关引文	005.中国式好人.txt	33	33	本书在相关章节引用或使用“管仲相之则霸，竖貂辅之则乱。”，首轮保留其可独立检索的古典成句性质。	首轮保守收录：《笑傲五十年》多为自述、人格论、历史人物与时政评论混合文本；现代党政攻防、司法/外交/统独判断、人物政治评价、口号式语录不收。仅保留句子本身可独立检索的诗句、传统联语、古典成句、成语俗语、文学典故、宗教/外文格言与少量李敖式仿古成句。
LAXA50-049	keep-first-pass	古典成句	非圣无法	传统儒家评价语	005.中国式好人.txt	39	39	本书在相关章节引用或使用“非圣无法”，首轮保留其可独立检索的古典成句性质。	首轮保守收录：《笑傲五十年》多为自述、人格论、历史人物与时政评论混合文本；现代党政攻防、司法/外交/统独判断、人物政治评价、口号式语录不收。仅保留句子本身可独立检索的诗句、传统联语、古典成句、成语俗语、文学典故、宗教/外文格言与少量李敖式仿古成句。
LAXA50-050	keep-first-pass	中文熟语	求忠臣于孝子之门	传统熟语	005.中国式好人.txt	43	43	本书在相关章节引用或使用“求忠臣于孝子之门”，首轮保留其可独立检索的中文熟语性质。	首轮保守收录：《笑傲五十年》多为自述、人格论、历史人物与时政评论混合文本；现代党政攻防、司法/外交/统独判断、人物政治评价、口号式语录不收。仅保留句子本身可独立检索的诗句、传统联语、古典成句、成语俗语、文学典故、宗教/外文格言与少量李敖式仿古成句。
LAXA50-051	keep-first-pass	中文成语	一视同仁	传统成语	005.中国式好人.txt	47	47	本书在相关章节引用或使用“一视同仁”，首轮保留其可独立检索的中文成语性质。	首轮保守收录：《笑傲五十年》多为自述、人格论、历史人物与时政评论混合文本；现代党政攻防、司法/外交/统独判断、人物政治评价、口号式语录不收。仅保留句子本身可独立检索的诗句、传统联语、古典成句、成语俗语、文学典故、宗教/外文格言与少量李敖式仿古成句。
LAXA50-052	keep-first-pass	古典典故	子见南子	《论语》相关典故	005.中国式好人.txt	47	47	本书在相关章节引用或使用“子见南子”，首轮保留其可独立检索的古典典故性质。	首轮保守收录：《笑傲五十年》多为自述、人格论、历史人物与时政评论混合文本；现代党政攻防、司法/外交/统独判断、人物政治评价、口号式语录不收。仅保留句子本身可独立检索的诗句、传统联语、古典成句、成语俗语、文学典故、宗教/外文格言与少量李敖式仿古成句。
LAXA50-053	keep-first-pass	历史典故	不为五斗米折腰	陶渊明相关典故	005.中国式好人.txt	51	51	本书在相关章节引用或使用“不为五斗米折腰”，首轮保留其可独立检索的历史典故性质。	首轮保守收录：《笑傲五十年》多为自述、人格论、历史人物与时政评论混合文本；现代党政攻防、司法/外交/统独判断、人物政治评价、口号式语录不收。仅保留句子本身可独立检索的诗句、传统联语、古典成句、成语俗语、文学典故、宗教/外文格言与少量李敖式仿古成句。
LAXA50-054	keep-first-pass	古典成句	临大节而不可夺	传统人格成句	005.中国式好人.txt	51	51	本书在相关章节引用或使用“临大节而不可夺”，首轮保留其可独立检索的古典成句性质。	首轮保守收录：《笑傲五十年》多为自述、人格论、历史人物与时政评论混合文本；现代党政攻防、司法/外交/统独判断、人物政治评价、口号式语录不收。仅保留句子本身可独立检索的诗句、传统联语、古典成句、成语俗语、文学典故、宗教/外文格言与少量李敖式仿古成句。
LAXA50-055	keep-first-pass	中文成语	从容就义	传统成语	005.中国式好人.txt	51	51	本书在相关章节引用或使用“从容就义”，首轮保留其可独立检索的中文成语性质。	首轮保守收录：《笑傲五十年》多为自述、人格论、历史人物与时政评论混合文本；现代党政攻防、司法/外交/统独判断、人物政治评价、口号式语录不收。仅保留句子本身可独立检索的诗句、传统联语、古典成句、成语俗语、文学典故、宗教/外文格言与少量李敖式仿古成句。
LAXA50-056	keep-first-pass	古典成句	举世而誉之而不加劝	《庄子》相关成句	005.中国式好人.txt	55	55	本书在相关章节引用或使用“举世而誉之而不加劝”，首轮保留其可独立检索的古典成句性质。	首轮保守收录：《笑傲五十年》多为自述、人格论、历史人物与时政评论混合文本；现代党政攻防、司法/外交/统独判断、人物政治评价、口号式语录不收。仅保留句子本身可独立检索的诗句、传统联语、古典成句、成语俗语、文学典故、宗教/外文格言与少量李敖式仿古成句。
LAXA50-057	keep-first-pass	古典成句	举世而非之而不加沮	《庄子》相关成句	005.中国式好人.txt	55	55	本书在相关章节引用或使用“举世而非之而不加沮”，首轮保留其可独立检索的古典成句性质。	首轮保守收录：《笑傲五十年》多为自述、人格论、历史人物与时政评论混合文本；现代党政攻防、司法/外交/统独判断、人物政治评价、口号式语录不收。仅保留句子本身可独立检索的诗句、传统联语、古典成句、成语俗语、文学典故、宗教/外文格言与少量李敖式仿古成句。
LAXA50-058	keep-first-pass	中文成语	八面玲珑	传统成语	005.中国式好人.txt	55	55	本书在相关章节引用或使用“八面玲珑”，首轮保留其可独立检索的中文成语性质。	首轮保守收录：《笑傲五十年》多为自述、人格论、历史人物与时政评论混合文本；现代党政攻防、司法/外交/统独判断、人物政治评价、口号式语录不收。仅保留句子本身可独立检索的诗句、传统联语、古典成句、成语俗语、文学典故、宗教/外文格言与少量李敖式仿古成句。
LAXA50-059	keep-first-pass	中文成语	随波逐流	传统成语	005.中国式好人.txt	55	55	本书在相关章节引用或使用“随波逐流”，首轮保留其可独立检索的中文成语性质。	首轮保守收录：《笑傲五十年》多为自述、人格论、历史人物与时政评论混合文本；现代党政攻防、司法/外交/统独判断、人物政治评价、口号式语录不收。仅保留句子本身可独立检索的诗句、传统联语、古典成句、成语俗语、文学典故、宗教/外文格言与少量李敖式仿古成句。
LAXA50-060	keep-first-pass	现代诗句	举目揽八荒，谁为真男子？	韩孔厂诗句	005.中国式好人.txt	57	57	本书在相关章节引用或使用“举目揽八荒，谁为真男子？”，首轮保留其可独立检索的现代诗句性质。	首轮保守收录：《笑傲五十年》多为自述、人格论、历史人物与时政评论混合文本；现代党政攻防、司法/外交/统独判断、人物政治评价、口号式语录不收。仅保留句子本身可独立检索的诗句、传统联语、古典成句、成语俗语、文学典故、宗教/外文格言与少量李敖式仿古成句。
LAXA50-061	keep-first-pass	中文熟语	退让贤路	传统熟语	006.好人坏在哪里？.txt	9	9	本书在相关章节引用或使用“退让贤路”，首轮保留其可独立检索的中文熟语性质。	首轮保守收录：《笑傲五十年》多为自述、人格论、历史人物与时政评论混合文本；现代党政攻防、司法/外交/统独判断、人物政治评价、口号式语录不收。仅保留句子本身可独立检索的诗句、传统联语、古典成句、成语俗语、文学典故、宗教/外文格言与少量李敖式仿古成句。
LAXA50-062	keep-first-pass	李敖式仿成语	退让恶路	仿“退让贤路”	006.好人坏在哪里？.txt	9	9	本书在相关章节引用或使用“退让恶路”，首轮保留其可独立检索的李敖式仿成语性质。	首轮保守收录：《笑傲五十年》多为自述、人格论、历史人物与时政评论混合文本；现代党政攻防、司法/外交/统独判断、人物政治评价、口号式语录不收。仅保留句子本身可独立检索的诗句、传统联语、古典成句、成语俗语、文学典故、宗教/外文格言与少量李敖式仿古成句。
LAXA50-063	keep-first-pass	现代格言	坏人都在台上唱戏，好人蹲在屋里叹气。	张伯苓相关语	006.好人坏在哪里？.txt	9	9	本书在相关章节引用或使用“坏人都在台上唱戏，好人蹲在屋里叹气。”，首轮保留其可独立检索的现代格言性质。	首轮保守收录：《笑傲五十年》多为自述、人格论、历史人物与时政评论混合文本；现代党政攻防、司法/外交/统独判断、人物政治评价、口号式语录不收。仅保留句子本身可独立检索的诗句、传统联语、古典成句、成语俗语、文学典故、宗教/外文格言与少量李敖式仿古成句。
LAXA50-064	keep-first-pass	佛教成句	普渡众生	佛教常用语	006.好人坏在哪里？.txt	17	17	本书在相关章节引用或使用“普渡众生”，首轮保留其可独立检索的佛教成句性质。	首轮保守收录：《笑傲五十年》多为自述、人格论、历史人物与时政评论混合文本；现代党政攻防、司法/外交/统独判断、人物政治评价、口号式语录不收。仅保留句子本身可独立检索的诗句、传统联语、古典成句、成语俗语、文学典故、宗教/外文格言与少量李敖式仿古成句。
LAXA50-065	keep-first-pass	古典成句	张其恶	传统文言成句	006.好人坏在哪里？.txt	17	17	本书在相关章节引用或使用“张其恶”，首轮保留其可独立检索的古典成句性质。	首轮保守收录：《笑傲五十年》多为自述、人格论、历史人物与时政评论混合文本；现代党政攻防、司法/外交/统独判断、人物政治评价、口号式语录不收。仅保留句子本身可独立检索的诗句、传统联语、古典成句、成语俗语、文学典故、宗教/外文格言与少量李敖式仿古成句。
LAXA50-066	keep-first-pass	中文成语	扶同为恶	传统成语	006.好人坏在哪里？.txt	17	17	本书在相关章节引用或使用“扶同为恶”，首轮保留其可独立检索的中文成语性质。	首轮保守收录：《笑傲五十年》多为自述、人格论、历史人物与时政评论混合文本；现代党政攻防、司法/外交/统独判断、人物政治评价、口号式语录不收。仅保留句子本身可独立检索的诗句、传统联语、古典成句、成语俗语、文学典故、宗教/外文格言与少量李敖式仿古成句。
LAXA50-067	keep-first-pass	古典成句	乃若其情，则可以为善矣，乃所谓善也。	《孟子》相关成句	006.好人坏在哪里？.txt	27	27	本书在相关章节引用或使用“乃若其情，则可以为善矣，乃所谓善也。”，首轮保留其可独立检索的古典成句性质。	首轮保守收录：《笑傲五十年》多为自述、人格论、历史人物与时政评论混合文本；现代党政攻防、司法/外交/统独判断、人物政治评价、口号式语录不收。仅保留句子本身可独立检索的诗句、传统联语、古典成句、成语俗语、文学典故、宗教/外文格言与少量李敖式仿古成句。
LAXA50-068	keep-first-pass	古典成句	虽恶不罚	传统伦理成句	006.好人坏在哪里？.txt	27	27	本书在相关章节引用或使用“虽恶不罚”，首轮保留其可独立检索的古典成句性质。	首轮保守收录：《笑傲五十年》多为自述、人格论、历史人物与时政评论混合文本；现代党政攻防、司法/外交/统独判断、人物政治评价、口号式语录不收。仅保留句子本身可独立检索的诗句、传统联语、古典成句、成语俗语、文学典故、宗教/外文格言与少量李敖式仿古成句。
LAXA50-069	keep-first-pass	古典成句	虽善不赏	传统伦理成句	006.好人坏在哪里？.txt	27	27	本书在相关章节引用或使用“虽善不赏”，首轮保留其可独立检索的古典成句性质。	首轮保守收录：《笑傲五十年》多为自述、人格论、历史人物与时政评论混合文本；现代党政攻防、司法/外交/统独判断、人物政治评价、口号式语录不收。仅保留句子本身可独立检索的诗句、传统联语、古典成句、成语俗语、文学典故、宗教/外文格言与少量李敖式仿古成句。
LAXA50-070	keep-first-pass	古典成句	至善只是此心纯乎天理之极便是	王阳明相关语	006.好人坏在哪里？.txt	27	27	本书在相关章节引用或使用“至善只是此心纯乎天理之极便是”，首轮保留其可独立检索的古典成句性质。	首轮保守收录：《笑傲五十年》多为自述、人格论、历史人物与时政评论混合文本；现代党政攻防、司法/外交/统独判断、人物政治评价、口号式语录不收。仅保留句子本身可独立检索的诗句、传统联语、古典成句、成语俗语、文学典故、宗教/外文格言与少量李敖式仿古成句。
LAXA50-071	keep-first-pass	西方谚语	善意铺成了到地狱之路	Hell is paved with good intentions	006.好人坏在哪里？.txt	27	27	本书在相关章节引用或使用“善意铺成了到地狱之路”，首轮保留其可独立检索的西方谚语性质。	首轮保守收录：《笑傲五十年》多为自述、人格论、历史人物与时政评论混合文本；现代党政攻防、司法/外交/统独判断、人物政治评价、口号式语录不收。仅保留句子本身可独立检索的诗句、传统联语、古典成句、成语俗语、文学典故、宗教/外文格言与少量李敖式仿古成句。
LAXA50-072	keep-first-pass	中文成语	抑强扶弱	传统成语	006.好人坏在哪里？.txt	27	27	本书在相关章节引用或使用“抑强扶弱”，首轮保留其可独立检索的中文成语性质。	首轮保守收录：《笑傲五十年》多为自述、人格论、历史人物与时政评论混合文本；现代党政攻防、司法/外交/统独判断、人物政治评价、口号式语录不收。仅保留句子本身可独立检索的诗句、传统联语、古典成句、成语俗语、文学典故、宗教/外文格言与少量李敖式仿古成句。
LAXA50-073	keep-first-pass	中文成语	自欺欺人	传统成语	006.好人坏在哪里？.txt	27	27	本书在相关章节引用或使用“自欺欺人”，首轮保留其可独立检索的中文成语性质。	首轮保守收录：《笑傲五十年》多为自述、人格论、历史人物与时政评论混合文本；现代党政攻防、司法/外交/统独判断、人物政治评价、口号式语录不收。仅保留句子本身可独立检索的诗句、传统联语、古典成句、成语俗语、文学典故、宗教/外文格言与少量李敖式仿古成句。
LAXA50-074	keep-first-pass	中文熟语	人饥己饥	传统熟语	007.好人笨在哪里？.txt	7	7	本书在相关章节引用或使用“人饥己饥”，首轮保留其可独立检索的中文熟语性质。	首轮保守收录：《笑傲五十年》多为自述、人格论、历史人物与时政评论混合文本；现代党政攻防、司法/外交/统独判断、人物政治评价、口号式语录不收。仅保留句子本身可独立检索的诗句、传统联语、古典成句、成语俗语、文学典故、宗教/外文格言与少量李敖式仿古成句。
LAXA50-075	keep-first-pass	中文熟语	其笨如牛	传统熟语	007.好人笨在哪里？.txt	11	11	本书在相关章节引用或使用“其笨如牛”，首轮保留其可独立检索的中文熟语性质。	首轮保守收录：《笑傲五十年》多为自述、人格论、历史人物与时政评论混合文本；现代党政攻防、司法/外交/统独判断、人物政治评价、口号式语录不收。仅保留句子本身可独立检索的诗句、传统联语、古典成句、成语俗语、文学典故、宗教/外文格言与少量李敖式仿古成句。
LAXA50-076	keep-first-pass	古典成句	不矜细行，终累大德	传统人格成句	008.从大规迹评论人.txt	5	5	本书在相关章节引用或使用“不矜细行，终累大德”，首轮保留其可独立检索的古典成句性质。	首轮保守收录：《笑傲五十年》多为自述、人格论、历史人物与时政评论混合文本；现代党政攻防、司法/外交/统独判断、人物政治评价、口号式语录不收。仅保留句子本身可独立检索的诗句、传统联语、古典成句、成语俗语、文学典故、宗教/外文格言与少量李敖式仿古成句。
LAXA50-077	keep-first-pass	古典成句	大德不逾闲，小德出入可也	传统人格成句	008.从大规迹评论人.txt	7	7	本书在相关章节引用或使用“大德不逾闲，小德出入可也”，首轮保留其可独立检索的古典成句性质。	首轮保守收录：《笑傲五十年》多为自述、人格论、历史人物与时政评论混合文本；现代党政攻防、司法/外交/统独判断、人物政治评价、口号式语录不收。仅保留句子本身可独立检索的诗句、传统联语、古典成句、成语俗语、文学典故、宗教/外文格言与少量李敖式仿古成句。
LAXA50-078	keep-first-pass	历史典故	精忠报国	岳飞相关传统典故	008.从大规迹评论人.txt	21	21	本书在相关章节引用或使用“精忠报国”，首轮保留其可独立检索的历史典故性质。	首轮保守收录：《笑傲五十年》多为自述、人格论、历史人物与时政评论混合文本；现代党政攻防、司法/外交/统独判断、人物政治评价、口号式语录不收。仅保留句子本身可独立检索的诗句、传统联语、古典成句、成语俗语、文学典故、宗教/外文格言与少量李敖式仿古成句。
LAXA50-079	keep-first-pass	古典成句	鞠躬尽瘁，死而后已。	诸葛亮《后出师表》	008.从大规迹评论人.txt	21	21	本书在相关章节引用或使用“鞠躬尽瘁，死而后已。”，首轮保留其可独立检索的古典成句性质。	首轮保守收录：《笑傲五十年》多为自述、人格论、历史人物与时政评论混合文本；现代党政攻防、司法/外交/统独判断、人物政治评价、口号式语录不收。仅保留句子本身可独立检索的诗句、传统联语、古典成句、成语俗语、文学典故、宗教/外文格言与少量李敖式仿古成句。
LAXA50-080	keep-first-pass	中文成语	独行其道	传统成语	008.从大规迹评论人.txt	23	23	本书在相关章节引用或使用“独行其道”，首轮保留其可独立检索的中文成语性质。	首轮保守收录：《笑傲五十年》多为自述、人格论、历史人物与时政评论混合文本；现代党政攻防、司法/外交/统独判断、人物政治评价、口号式语录不收。仅保留句子本身可独立检索的诗句、传统联语、古典成句、成语俗语、文学典故、宗教/外文格言与少量李敖式仿古成句。
LAXA50-081	keep-first-pass	古典典故	下里巴人	宋玉《对楚王问》相关典故	008.从大规迹评论人.txt	25	25	本书在相关章节引用或使用“下里巴人”，首轮保留其可独立检索的古典典故性质。	首轮保守收录：《笑傲五十年》多为自述、人格论、历史人物与时政评论混合文本；现代党政攻防、司法/外交/统独判断、人物政治评价、口号式语录不收。仅保留句子本身可独立检索的诗句、传统联语、古典成句、成语俗语、文学典故、宗教/外文格言与少量李敖式仿古成句。
LAXA50-082	keep-first-pass	中文成语	因小失大	传统成语	008.从大规迹评论人.txt	27	27	本书在相关章节引用或使用“因小失大”，首轮保留其可独立检索的中文成语性质。	首轮保守收录：《笑傲五十年》多为自述、人格论、历史人物与时政评论混合文本；现代党政攻防、司法/外交/统独判断、人物政治评价、口号式语录不收。仅保留句子本身可独立检索的诗句、传统联语、古典成句、成语俗语、文学典故、宗教/外文格言与少量李敖式仿古成句。
LAXA50-083	keep-first-pass	中文成语	志士仁人	传统成语	009.你没人格还是我没人格？.txt	19	19	本书在相关章节引用或使用“志士仁人”，首轮保留其可独立检索的中文成语性质。	首轮保守收录：《笑傲五十年》多为自述、人格论、历史人物与时政评论混合文本；现代党政攻防、司法/外交/统独判断、人物政治评价、口号式语录不收。仅保留句子本身可独立检索的诗句、传统联语、古典成句、成语俗语、文学典故、宗教/外文格言与少量李敖式仿古成句。
LAXA50-084	keep-first-pass	中文成语	趋炎附势	传统成语	009.你没人格还是我没人格？.txt	27	27	本书在相关章节引用或使用“趋炎附势”，首轮保留其可独立检索的中文成语性质。	首轮保守收录：《笑傲五十年》多为自述、人格论、历史人物与时政评论混合文本；现代党政攻防、司法/外交/统独判断、人物政治评价、口号式语录不收。仅保留句子本身可独立检索的诗句、传统联语、古典成句、成语俗语、文学典故、宗教/外文格言与少量李敖式仿古成句。
LAXA50-085	keep-first-pass	中文成语	希旨承风	传统成语	009.你没人格还是我没人格？.txt	27	27	本书在相关章节引用或使用“希旨承风”，首轮保留其可独立检索的中文成语性质。	首轮保守收录：《笑傲五十年》多为自述、人格论、历史人物与时政评论混合文本；现代党政攻防、司法/外交/统独判断、人物政治评价、口号式语录不收。仅保留句子本身可独立检索的诗句、传统联语、古典成句、成语俗语、文学典故、宗教/外文格言与少量李敖式仿古成句。
LAXA50-086	keep-first-pass	中文成语	曲学阿世	传统成语	009.你没人格还是我没人格？.txt	27	27	本书在相关章节引用或使用“曲学阿世”，首轮保留其可独立检索的中文成语性质。	首轮保守收录：《笑傲五十年》多为自述、人格论、历史人物与时政评论混合文本；现代党政攻防、司法/外交/统独判断、人物政治评价、口号式语录不收。仅保留句子本身可独立检索的诗句、传统联语、古典成句、成语俗语、文学典故、宗教/外文格言与少量李敖式仿古成句。
LAXA50-087	keep-first-pass	中文成语	灰头土脸	传统成语	009.你没人格还是我没人格？.txt	29	29	本书在相关章节引用或使用“灰头土脸”，首轮保留其可独立检索的中文成语性质。	首轮保守收录：《笑傲五十年》多为自述、人格论、历史人物与时政评论混合文本；现代党政攻防、司法/外交/统独判断、人物政治评价、口号式语录不收。仅保留句子本身可独立检索的诗句、传统联语、古典成句、成语俗语、文学典故、宗教/外文格言与少量李敖式仿古成句。
LAXA50-088	keep-first-pass	中文成语	养尊处优	传统成语	009.你没人格还是我没人格？.txt	55	55	本书在相关章节引用或使用“养尊处优”，首轮保留其可独立检索的中文成语性质。	首轮保守收录：《笑傲五十年》多为自述、人格论、历史人物与时政评论混合文本；现代党政攻防、司法/外交/统独判断、人物政治评价、口号式语录不收。仅保留句子本身可独立检索的诗句、传统联语、古典成句、成语俗语、文学典故、宗教/外文格言与少量李敖式仿古成句。
LAXA50-089	keep-first-pass	中文成语	勇往直前	传统成语	009.你没人格还是我没人格？.txt	55	55	本书在相关章节引用或使用“勇往直前”，首轮保留其可独立检索的中文成语性质。	首轮保守收录：《笑傲五十年》多为自述、人格论、历史人物与时政评论混合文本；现代党政攻防、司法/外交/统独判断、人物政治评价、口号式语录不收。仅保留句子本身可独立检索的诗句、传统联语、古典成句、成语俗语、文学典故、宗教/外文格言与少量李敖式仿古成句。
LAXA50-090	keep-first-pass	中文成语	白纸黑字	传统成语	010.现在是我们关心自己人格的时候了！.txt	5	5	本书在相关章节引用或使用“白纸黑字”，首轮保留其可独立检索的中文成语性质。	首轮保守收录：《笑傲五十年》多为自述、人格论、历史人物与时政评论混合文本；现代党政攻防、司法/外交/统独判断、人物政治评价、口号式语录不收。仅保留句子本身可独立检索的诗句、传统联语、古典成句、成语俗语、文学典故、宗教/外文格言与少量李敖式仿古成句。
LAXA50-091	keep-first-pass	中文成语	司空见惯	传统成语	010.现在是我们关心自己人格的时候了！.txt	15	15	本书在相关章节引用或使用“司空见惯”，首轮保留其可独立检索的中文成语性质。	首轮保守收录：《笑傲五十年》多为自述、人格论、历史人物与时政评论混合文本；现代党政攻防、司法/外交/统独判断、人物政治评价、口号式语录不收。仅保留句子本身可独立检索的诗句、传统联语、古典成句、成语俗语、文学典故、宗教/外文格言与少量李敖式仿古成句。
LAXA50-092	keep-first-pass	中文成语	逆来顺受	传统成语	010.现在是我们关心自己人格的时候了！.txt	15	15	本书在相关章节引用或使用“逆来顺受”，首轮保留其可独立检索的中文成语性质。	首轮保守收录：《笑傲五十年》多为自述、人格论、历史人物与时政评论混合文本；现代党政攻防、司法/外交/统独判断、人物政治评价、口号式语录不收。仅保留句子本身可独立检索的诗句、传统联语、古典成句、成语俗语、文学典故、宗教/外文格言与少量李敖式仿古成句。
LAXA50-093	keep-first-pass	外文文学引语	一筐烂苹果，没有什么好挑的。	莎士比亚相关语	010.现在是我们关心自己人格的时候了！.txt	17	17	本书在相关章节引用或使用“一筐烂苹果，没有什么好挑的。”，首轮保留其可独立检索的外文文学引语性质。	首轮保守收录：《笑傲五十年》多为自述、人格论、历史人物与时政评论混合文本；现代党政攻防、司法/外交/统独判断、人物政治评价、口号式语录不收。仅保留句子本身可独立检索的诗句、传统联语、古典成句、成语俗语、文学典故、宗教/外文格言与少量李敖式仿古成句。
LAXA50-094	keep-first-pass	中文俗语	有意栽花花不发，无心插柳柳成荫	传统俗语	011.有意栽花，当然要发.txt	3	3	本书在相关章节引用或使用“有意栽花花不发，无心插柳柳成荫”，首轮保留其可独立检索的中文俗语性质。	首轮保守收录：《笑傲五十年》多为自述、人格论、历史人物与时政评论混合文本；现代党政攻防、司法/外交/统独判断、人物政治评价、口号式语录不收。仅保留句子本身可独立检索的诗句、传统联语、古典成句、成语俗语、文学典故、宗教/外文格言与少量李敖式仿古成句。
LAXA50-095	keep-first-pass	李敖式仿俗语	无心插柳，尚且成荫；	仿“无心插柳柳成荫”	011.有意栽花，当然要发.txt	7	7	本书在相关章节引用或使用“无心插柳，尚且成荫；”，首轮保留其可独立检索的李敖式仿俗语性质。	首轮保守收录：《笑傲五十年》多为自述、人格论、历史人物与时政评论混合文本；现代党政攻防、司法/外交/统独判断、人物政治评价、口号式语录不收。仅保留句子本身可独立检索的诗句、传统联语、古典成句、成语俗语、文学典故、宗教/外文格言与少量李敖式仿古成句。
LAXA50-096	keep-first-pass	李敖式仿俗语	有意栽花，当然要发！	仿“有意栽花花不发”	011.有意栽花，当然要发.txt	9	9	本书在相关章节引用或使用“有意栽花，当然要发！”，首轮保留其可独立检索的李敖式仿俗语性质。	首轮保守收录：《笑傲五十年》多为自述、人格论、历史人物与时政评论混合文本；现代党政攻防、司法/外交/统独判断、人物政治评价、口号式语录不收。仅保留句子本身可独立检索的诗句、传统联语、古典成句、成语俗语、文学典故、宗教/外文格言与少量李敖式仿古成句。
LAXA50-097	keep-first-pass	古典成句	为者常成，行者常至	传统励志成句	011.有意栽花，当然要发.txt	13	13	本书在相关章节引用或使用“为者常成，行者常至”，首轮保留其可独立检索的古典成句性质。	首轮保守收录：《笑傲五十年》多为自述、人格论、历史人物与时政评论混合文本；现代党政攻防、司法/外交/统独判断、人物政治评价、口号式语录不收。仅保留句子本身可独立检索的诗句、传统联语、古典成句、成语俗语、文学典故、宗教/外文格言与少量李敖式仿古成句。
LAXA50-098	keep-first-pass	中文俗语	种瓜得瓜，种豆得豆	传统俗语	011.有意栽花，当然要发.txt	13	13	本书在相关章节引用或使用“种瓜得瓜，种豆得豆”，首轮保留其可独立检索的中文俗语性质。	首轮保守收录：《笑傲五十年》多为自述、人格论、历史人物与时政评论混合文本；现代党政攻防、司法/外交/统独判断、人物政治评价、口号式语录不收。仅保留句子本身可独立检索的诗句、传统联语、古典成句、成语俗语、文学典故、宗教/外文格言与少量李敖式仿古成句。
LAXA50-099	keep-first-pass	佛教成句	功不唐捐	佛教用语	011.有意栽花，当然要发.txt	13	13	本书在相关章节引用或使用“功不唐捐”，首轮保留其可独立检索的佛教成句性质。	首轮保守收录：《笑傲五十年》多为自述、人格论、历史人物与时政评论混合文本；现代党政攻防、司法/外交/统独判断、人物政治评价、口号式语录不收。仅保留句子本身可独立检索的诗句、传统联语、古典成句、成语俗语、文学典故、宗教/外文格言与少量李敖式仿古成句。
LAXA50-100	keep-first-pass	现代格言	成功不必在我	近现代常用格言	011.有意栽花，当然要发.txt	17	17	本书在相关章节引用或使用“成功不必在我”，首轮保留其可独立检索的现代格言性质。	首轮保守收录：《笑傲五十年》多为自述、人格论、历史人物与时政评论混合文本；现代党政攻防、司法/外交/统独判断、人物政治评价、口号式语录不收。仅保留句子本身可独立检索的诗句、传统联语、古典成句、成语俗语、文学典故、宗教/外文格言与少量李敖式仿古成句。
LAXA50-101	keep-first-pass	中文成语	百尺竿头	传统成语	012.孤独伴此生.txt	5	5	本书在相关章节引用或使用“百尺竿头”，首轮保留其可独立检索的中文成语性质。	首轮保守收录：《笑傲五十年》多为自述、人格论、历史人物与时政评论混合文本；现代党政攻防、司法/外交/统独判断、人物政治评价、口号式语录不收。仅保留句子本身可独立检索的诗句、传统联语、古典成句、成语俗语、文学典故、宗教/外文格言与少量李敖式仿古成句。
LAXA50-102	keep-first-pass	中文成语	炉火纯青	传统成语	012.孤独伴此生.txt	13	13	本书在相关章节引用或使用“炉火纯青”，首轮保留其可独立检索的中文成语性质。	首轮保守收录：《笑傲五十年》多为自述、人格论、历史人物与时政评论混合文本；现代党政攻防、司法/外交/统独判断、人物政治评价、口号式语录不收。仅保留句子本身可独立检索的诗句、传统联语、古典成句、成语俗语、文学典故、宗教/外文格言与少量李敖式仿古成句。
LAXA50-103	keep-first-pass	现代格言	我认识人愈多，我愈喜欢狗。	西方常见格言	012.孤独伴此生.txt	15	15	本书在相关章节引用或使用“我认识人愈多，我愈喜欢狗。”，首轮保留其可独立检索的现代格言性质。	首轮保守收录：《笑傲五十年》多为自述、人格论、历史人物与时政评论混合文本；现代党政攻防、司法/外交/统独判断、人物政治评价、口号式语录不收。仅保留句子本身可独立检索的诗句、传统联语、古典成句、成语俗语、文学典故、宗教/外文格言与少量李敖式仿古成句。
LAXA50-104	keep-first-pass	古典成句	形如槁木、心如死灰	《庄子》相关成句	012.孤独伴此生.txt	15	15	本书在相关章节引用或使用“形如槁木、心如死灰”，首轮保留其可独立检索的古典成句性质。	首轮保守收录：《笑傲五十年》多为自述、人格论、历史人物与时政评论混合文本；现代党政攻防、司法/外交/统独判断、人物政治评价、口号式语录不收。仅保留句子本身可独立检索的诗句、传统联语、古典成句、成语俗语、文学典故、宗教/外文格言与少量李敖式仿古成句。
LAXA50-105	keep-first-pass	佛教化成句	成就河沙梦功德	佛教语汇化用	012.孤独伴此生.txt	15	15	本书在相关章节引用或使用“成就河沙梦功德”，首轮保留其可独立检索的佛教化成句性质。	首轮保守收录：《笑傲五十年》多为自述、人格论、历史人物与时政评论混合文本；现代党政攻防、司法/外交/统独判断、人物政治评价、口号式语录不收。仅保留句子本身可独立检索的诗句、传统联语、古典成句、成语俗语、文学典故、宗教/外文格言与少量李敖式仿古成句。
LAXA50-106	keep-first-pass	中文格言	成固欣然，败亦可喜	传统达观成句	012.孤独伴此生.txt	15	15	本书在相关章节引用或使用“成固欣然，败亦可喜”，首轮保留其可独立检索的中文格言性质。	首轮保守收录：《笑傲五十年》多为自述、人格论、历史人物与时政评论混合文本；现代党政攻防、司法/外交/统独判断、人物政治评价、口号式语录不收。仅保留句子本身可独立检索的诗句、传统联语、古典成句、成语俗语、文学典故、宗教/外文格言与少量李敖式仿古成句。
LAXA50-107	keep-first-pass	中文成语	从头做起	传统成语	012.孤独伴此生.txt	15	15	本书在相关章节引用或使用“从头做起”，首轮保留其可独立检索的中文成语性质。	首轮保守收录：《笑傲五十年》多为自述、人格论、历史人物与时政评论混合文本；现代党政攻防、司法/外交/统独判断、人物政治评价、口号式语录不收。仅保留句子本身可独立检索的诗句、传统联语、古典成句、成语俗语、文学典故、宗教/外文格言与少量李敖式仿古成句。
LAXA50-108	keep-first-pass	外文格言	我从没有遇到过比孤独更好的伴侣。	梭罗语	012.孤独伴此生.txt	25	25	本书在相关章节引用或使用“我从没有遇到过比孤独更好的伴侣。”，首轮保留其可独立检索的外文格言性质。	首轮保守收录：《笑傲五十年》多为自述、人格论、历史人物与时政评论混合文本；现代党政攻防、司法/外交/统独判断、人物政治评价、口号式语录不收。仅保留句子本身可独立检索的诗句、传统联语、古典成句、成语俗语、文学典故、宗教/外文格言与少量李敖式仿古成句。
LAXA50-109	keep-first-pass	外文格言	斯人也，以旷野为枕席，以星辰为弟兄。孤独、孤独。但是孤独亦可成为伴侣。	哈玛绍语	012.孤独伴此生.txt	27	27	本书在相关章节引用或使用“斯人也，以旷野为枕席，以星辰为弟兄。孤独、孤独。但是孤独亦可成为伴侣。”，首轮保留其可独立检索的外文格言性质。	首轮保守收录：《笑傲五十年》多为自述、人格论、历史人物与时政评论混合文本；现代党政攻防、司法/外交/统独判断、人物政治评价、口号式语录不收。仅保留句子本身可独立检索的诗句、传统联语、古典成句、成语俗语、文学典故、宗教/外文格言与少量李敖式仿古成句。
LAXA50-110	keep-first-pass	中文成语	尸居余气	传统成语	014.殷师母的觉悟.txt	5	5	本书在相关章节引用或使用“尸居余气”，首轮保留其可独立检索的中文成语性质。	首轮保守收录：《笑傲五十年》多为自述、人格论、历史人物与时政评论混合文本；现代党政攻防、司法/外交/统独判断、人物政治评价、口号式语录不收。仅保留句子本身可独立检索的诗句、传统联语、古典成句、成语俗语、文学典故、宗教/外文格言与少量李敖式仿古成句。
LAXA50-111	keep-first-pass	古典成句	服善之勇	传统成句	014.殷师母的觉悟.txt	7	7	本书在相关章节引用或使用“服善之勇”，首轮保留其可独立检索的古典成句性质。	首轮保守收录：《笑傲五十年》多为自述、人格论、历史人物与时政评论混合文本；现代党政攻防、司法/外交/统独判断、人物政治评价、口号式语录不收。仅保留句子本身可独立检索的诗句、传统联语、古典成句、成语俗语、文学典故、宗教/外文格言与少量李敖式仿古成句。
LAXA50-112	keep-first-pass	传统联语	鄂不照乎栘华，龙骥骧乎云路；长戟森于武库，大珪植于琼田。	张伯英集颜真卿、柳公权句	015.子夜神驰.txt	9	11	本书在相关章节引用或使用“鄂不照乎栘华，龙骥骧乎云路；长戟森于武库，大珪植于琼田。”，首轮保留其可独立检索的传统联语性质。	首轮保守收录：《笑傲五十年》多为自述、人格论、历史人物与时政评论混合文本；现代党政攻防、司法/外交/统独判断、人物政治评价、口号式语录不收。仅保留句子本身可独立检索的诗句、传统联语、古典成句、成语俗语、文学典故、宗教/外文格言与少量李敖式仿古成句。
LAXA50-113	keep-first-pass	书法格言	用笔在心，心正则笔正	柳公权“笔谏”相关语	015.子夜神驰.txt	15	15	本书在相关章节引用或使用“用笔在心，心正则笔正”，首轮保留其可独立检索的书法格言性质。	首轮保守收录：《笑傲五十年》多为自述、人格论、历史人物与时政评论混合文本；现代党政攻防、司法/外交/统独判断、人物政治评价、口号式语录不收。仅保留句子本身可独立检索的诗句、传统联语、古典成句、成语俗语、文学典故、宗教/外文格言与少量李敖式仿古成句。
LAXA50-114	keep-first-pass	历史典故	笔谏	柳公权书法典故	015.子夜神驰.txt	15	15	本书在相关章节引用或使用“笔谏”，首轮保留其可独立检索的历史典故性质。	首轮保守收录：《笑傲五十年》多为自述、人格论、历史人物与时政评论混合文本；现代党政攻防、司法/外交/统独判断、人物政治评价、口号式语录不收。仅保留句子本身可独立检索的诗句、传统联语、古典成句、成语俗语、文学典故、宗教/外文格言与少量李敖式仿古成句。
LAXA50-115	keep-first-pass	书法成语	颜筋柳骨	颜真卿、柳公权书法典故	015.子夜神驰.txt	15	15	本书在相关章节引用或使用“颜筋柳骨”，首轮保留其可独立检索的书法成语性质。	首轮保守收录：《笑傲五十年》多为自述、人格论、历史人物与时政评论混合文本；现代党政攻防、司法/外交/统独判断、人物政治评价、口号式语录不收。仅保留句子本身可独立检索的诗句、传统联语、古典成句、成语俗语、文学典故、宗教/外文格言与少量李敖式仿古成句。
LAXA50-116	keep-first-pass	中文成语	奇花委地	传统成语	015.子夜神驰.txt	19	19	本书在相关章节引用或使用“奇花委地”，首轮保留其可独立检索的中文成语性质。	首轮保守收录：《笑傲五十年》多为自述、人格论、历史人物与时政评论混合文本；现代党政攻防、司法/外交/统独判断、人物政治评价、口号式语录不收。仅保留句子本身可独立检索的诗句、传统联语、古典成句、成语俗语、文学典故、宗教/外文格言与少量李敖式仿古成句。
LAXA50-117	keep-first-pass	中文成语	天马行空	传统成语	015.子夜神驰.txt	19	19	本书在相关章节引用或使用“天马行空”，首轮保留其可独立检索的中文成语性质。	首轮保守收录：《笑傲五十年》多为自述、人格论、历史人物与时政评论混合文本；现代党政攻防、司法/外交/统独判断、人物政治评价、口号式语录不收。仅保留句子本身可独立检索的诗句、传统联语、古典成句、成语俗语、文学典故、宗教/外文格言与少量李敖式仿古成句。
LAXA50-118	keep-first-pass	古典诗句	折戟沉沙	杜牧《赤壁》成句	015.子夜神驰.txt	19	19	本书在相关章节引用或使用“折戟沉沙”，首轮保留其可独立检索的古典诗句性质。	首轮保守收录：《笑傲五十年》多为自述、人格论、历史人物与时政评论混合文本；现代党政攻防、司法/外交/统独判断、人物政治评价、口号式语录不收。仅保留句子本身可独立检索的诗句、传统联语、古典成句、成语俗语、文学典故、宗教/外文格言与少量李敖式仿古成句。
LAXA50-119	keep-first-pass	中文成语	玉石俱焚	传统成语	015.子夜神驰.txt	19	19	本书在相关章节引用或使用“玉石俱焚”，首轮保留其可独立检索的中文成语性质。	首轮保守收录：《笑傲五十年》多为自述、人格论、历史人物与时政评论混合文本；现代党政攻防、司法/外交/统独判断、人物政治评价、口号式语录不收。仅保留句子本身可独立检索的诗句、传统联语、古典成句、成语俗语、文学典故、宗教/外文格言与少量李敖式仿古成句。
LAXA50-120	keep-first-pass	古典成句	万物曾不能以一瞬	苏轼《赤壁赋》相关成句	015.子夜神驰.txt	19	19	本书在相关章节引用或使用“万物曾不能以一瞬”，首轮保留其可独立检索的古典成句性质。	首轮保守收录：《笑傲五十年》多为自述、人格论、历史人物与时政评论混合文本；现代党政攻防、司法/外交/统独判断、人物政治评价、口号式语录不收。仅保留句子本身可独立检索的诗句、传统联语、古典成句、成语俗语、文学典故、宗教/外文格言与少量李敖式仿古成句。
LAXA50-121	keep-first-pass	中文俗语	大丈夫难免妻不贤子不孝。	传统俗语	016.如此亲人.txt	3	3	本书在相关章节引用或使用“大丈夫难免妻不贤子不孝。”，首轮保留其可独立检索的中文俗语性质。	首轮保守收录：《笑傲五十年》多为自述、人格论、历史人物与时政评论混合文本；现代党政攻防、司法/外交/统独判断、人物政治评价、口号式语录不收。仅保留句子本身可独立检索的诗句、传统联语、古典成句、成语俗语、文学典故、宗教/外文格言与少量李敖式仿古成句。
LAXA50-122	keep-first-pass	中文成语	哭笑不得	传统成语	016.如此亲人.txt	15	15	本书在相关章节引用或使用“哭笑不得”，首轮保留其可独立检索的中文成语性质。	首轮保守收录：《笑傲五十年》多为自述、人格论、历史人物与时政评论混合文本；现代党政攻防、司法/外交/统独判断、人物政治评价、口号式语录不收。仅保留句子本身可独立检索的诗句、传统联语、古典成句、成语俗语、文学典故、宗教/外文格言与少量李敖式仿古成句。
LAXA50-123	keep-first-pass	宗教格言	你这个人，为什么论断弟兄呢？又为什么轻看弟兄呢？	《新约·罗马书》	016.如此亲人.txt	27	27	本书在相关章节引用或使用“你这个人，为什么论断弟兄呢？又为什么轻看弟兄呢？”，首轮保留其可独立检索的宗教格言性质。	首轮保守收录：《笑傲五十年》多为自述、人格论、历史人物与时政评论混合文本；现代党政攻防、司法/外交/统独判断、人物政治评价、口号式语录不收。仅保留句子本身可独立检索的诗句、传统联语、古典成句、成语俗语、文学典故、宗教/外文格言与少量李敖式仿古成句。
LAXA50-124	keep-first-pass	中文成语	痛心疾首	传统成语	016.如此亲人.txt	27	27	本书在相关章节引用或使用“痛心疾首”，首轮保留其可独立检索的中文成语性质。	首轮保守收录：《笑傲五十年》多为自述、人格论、历史人物与时政评论混合文本；现代党政攻防、司法/外交/统独判断、人物政治评价、口号式语录不收。仅保留句子本身可独立检索的诗句、传统联语、古典成句、成语俗语、文学典故、宗教/外文格言与少量李敖式仿古成句。
LAXA50-125	keep-first-pass	中文成语	不识大体	传统成语	016.如此亲人.txt	29	29	本书在相关章节引用或使用“不识大体”，首轮保留其可独立检索的中文成语性质。	首轮保守收录：《笑傲五十年》多为自述、人格论、历史人物与时政评论混合文本；现代党政攻防、司法/外交/统独判断、人物政治评价、口号式语录不收。仅保留句子本身可独立检索的诗句、传统联语、古典成句、成语俗语、文学典故、宗教/外文格言与少量李敖式仿古成句。
LAXA50-126	keep-first-pass	西方谚语	被箭射中的鸟，多死了一倍。	西方谚语	016.如此亲人.txt	43	43	本书在相关章节引用或使用“被箭射中的鸟，多死了一倍。”，首轮保留其可独立检索的西方谚语性质。	首轮保守收录：《笑傲五十年》多为自述、人格论、历史人物与时政评论混合文本；现代党政攻防、司法/外交/统独判断、人物政治评价、口号式语录不收。仅保留句子本身可独立检索的诗句、传统联语、古典成句、成语俗语、文学典故、宗教/外文格言与少量李敖式仿古成句。
LAXA50-127	keep-first-pass	古典诗句	本是同根生	曹植《七步诗》成句	016.如此亲人.txt	43	43	本书在相关章节引用或使用“本是同根生”，首轮保留其可独立检索的古典诗句性质。	首轮保守收录：《笑傲五十年》多为自述、人格论、历史人物与时政评论混合文本；现代党政攻防、司法/外交/统独判断、人物政治评价、口号式语录不收。仅保留句子本身可独立检索的诗句、传统联语、古典成句、成语俗语、文学典故、宗教/外文格言与少量李敖式仿古成句。
LAXA50-128	keep-first-pass	古典诗句	江河万古流	杜甫诗句化用	017.“这些家伙的枪法真差劲”.txt	7	7	本书在相关章节引用或使用“江河万古流”，首轮保留其可独立检索的古典诗句性质。	首轮保守收录：《笑傲五十年》多为自述、人格论、历史人物与时政评论混合文本；现代党政攻防、司法/外交/统独判断、人物政治评价、口号式语录不收。仅保留句子本身可独立检索的诗句、传统联语、古典成句、成语俗语、文学典故、宗教/外文格言与少量李敖式仿古成句。
LAXA50-129	keep-first-pass	中文成语	咬牙切齿	传统成语	017.“这些家伙的枪法真差劲”.txt	7	7	本书在相关章节引用或使用“咬牙切齿”，首轮保留其可独立检索的中文成语性质。	首轮保守收录：《笑傲五十年》多为自述、人格论、历史人物与时政评论混合文本；现代党政攻防、司法/外交/统独判断、人物政治评价、口号式语录不收。仅保留句子本身可独立检索的诗句、传统联语、古典成句、成语俗语、文学典故、宗教/外文格言与少量李敖式仿古成句。
LAXA50-130	keep-first-pass	外文格言	你开枪打一个国王，一定要把他打死才行。	爱默生相关语	017.“这些家伙的枪法真差劲”.txt	11	11	本书在相关章节引用或使用“你开枪打一个国王，一定要把他打死才行。”，首轮保留其可独立检索的外文格言性质。	首轮保守收录：《笑傲五十年》多为自述、人格论、历史人物与时政评论混合文本；现代党政攻防、司法/外交/统独判断、人物政治评价、口号式语录不收。仅保留句子本身可独立检索的诗句、传统联语、古典成句、成语俗语、文学典故、宗教/外文格言与少量李敖式仿古成句。
LAXA50-131	keep-first-pass	古典成句	毁人而反利之	李卓吾相关语	018.“吾当蒙利于不知我者”.txt	3	3	本书在相关章节引用或使用“毁人而反利之”，首轮保留其可独立检索的古典成句性质。	首轮保守收录：《笑傲五十年》多为自述、人格论、历史人物与时政评论混合文本；现代党政攻防、司法/外交/统独判断、人物政治评价、口号式语录不收。仅保留句子本身可独立检索的诗句、传统联语、古典成句、成语俗语、文学典故、宗教/外文格言与少量李敖式仿古成句。
LAXA50-132	keep-first-pass	古典成句	不亦快哉	传统文言成句	018.“吾当蒙利于不知我者”.txt	3	3	本书在相关章节引用或使用“不亦快哉”，首轮保留其可独立检索的古典成句性质。	首轮保守收录：《笑傲五十年》多为自述、人格论、历史人物与时政评论混合文本；现代党政攻防、司法/外交/统独判断、人物政治评价、口号式语录不收。仅保留句子本身可独立检索的诗句、传统联语、古典成句、成语俗语、文学典故、宗教/外文格言与少量李敖式仿古成句。
LAXA50-133	keep-first-pass	古典成句	吾当蒙利于不知我者，……可以成就此生。	李卓吾语	018.“吾当蒙利于不知我者”.txt	11	11	本书在相关章节引用或使用“吾当蒙利于不知我者，……可以成就此生。”，首轮保留其可独立检索的古典成句性质。	首轮保守收录：《笑傲五十年》多为自述、人格论、历史人物与时政评论混合文本；现代党政攻防、司法/外交/统独判断、人物政治评价、口号式语录不收。仅保留句子本身可独立检索的诗句、传统联语、古典成句、成语俗语、文学典故、宗教/外文格言与少量李敖式仿古成句。
LAXA50-134	keep-first-pass	古典成句	不以人废言	传统成句	020.从奸雄学到了什么？.txt	3	3	本书在相关章节引用或使用“不以人废言”，首轮保留其可独立检索的古典成句性质。	首轮保守收录：《笑傲五十年》多为自述、人格论、历史人物与时政评论混合文本；现代党政攻防、司法/外交/统独判断、人物政治评价、口号式语录不收。仅保留句子本身可独立检索的诗句、传统联语、古典成句、成语俗语、文学典故、宗教/外文格言与少量李敖式仿古成句。
LAXA50-135	keep-first-pass	西方谚语	不淹没恶人的长处	Give the devil his due	020.从奸雄学到了什么？.txt	3	3	本书在相关章节引用或使用“不淹没恶人的长处”，首轮保留其可独立检索的西方谚语性质。	首轮保守收录：《笑傲五十年》多为自述、人格论、历史人物与时政评论混合文本；现代党政攻防、司法/外交/统独判断、人物政治评价、口号式语录不收。仅保留句子本身可独立检索的诗句、传统联语、古典成句、成语俗语、文学典故、宗教/外文格言与少量李敖式仿古成句。
LAXA50-136	keep-first-pass	中文成语	坚忍不拔	传统成语	020.从奸雄学到了什么？.txt	7	7	本书在相关章节引用或使用“坚忍不拔”，首轮保留其可独立检索的中文成语性质。	首轮保守收录：《笑傲五十年》多为自述、人格论、历史人物与时政评论混合文本；现代党政攻防、司法/外交/统独判断、人物政治评价、口号式语录不收。仅保留句子本身可独立检索的诗句、传统联语、古典成句、成语俗语、文学典故、宗教/外文格言与少量李敖式仿古成句。
LAXA50-137	keep-first-pass	中文成语	愈挫愈奋	传统成语	020.从奸雄学到了什么？.txt	7	7	本书在相关章节引用或使用“愈挫愈奋”，首轮保留其可独立检索的中文成语性质。	首轮保守收录：《笑傲五十年》多为自述、人格论、历史人物与时政评论混合文本；现代党政攻防、司法/外交/统独判断、人物政治评价、口号式语录不收。仅保留句子本身可独立检索的诗句、传统联语、古典成句、成语俗语、文学典故、宗教/外文格言与少量李敖式仿古成句。
LAXA50-138	keep-first-pass	中文成语	略高一筹	传统成语	020.从奸雄学到了什么？.txt	9	9	本书在相关章节引用或使用“略高一筹”，首轮保留其可独立检索的中文成语性质。	首轮保守收录：《笑傲五十年》多为自述、人格论、历史人物与时政评论混合文本；现代党政攻防、司法/外交/统独判断、人物政治评价、口号式语录不收。仅保留句子本身可独立检索的诗句、传统联语、古典成句、成语俗语、文学典故、宗教/外文格言与少量李敖式仿古成句。
LAXA50-139	keep-first-pass	古典成句	从心所欲	《论语》相关成句	021.论“从心所欲”.txt	3	3	本书在相关章节引用或使用“从心所欲”，首轮保留其可独立检索的古典成句性质。	首轮保守收录：《笑傲五十年》多为自述、人格论、历史人物与时政评论混合文本；现代党政攻防、司法/外交/统独判断、人物政治评价、口号式语录不收。仅保留句子本身可独立检索的诗句、传统联语、古典成句、成语俗语、文学典故、宗教/外文格言与少量李敖式仿古成句。
LAXA50-140	keep-first-pass	古典成句	动心忍性	《孟子》相关成句	021.论“从心所欲”.txt	5	5	本书在相关章节引用或使用“动心忍性”，首轮保留其可独立检索的古典成句性质。	首轮保守收录：《笑傲五十年》多为自述、人格论、历史人物与时政评论混合文本；现代党政攻防、司法/外交/统独判断、人物政治评价、口号式语录不收。仅保留句子本身可独立检索的诗句、传统联语、古典成句、成语俗语、文学典故、宗教/外文格言与少量李敖式仿古成句。
LAXA50-141	keep-first-pass	中文成语	身外之物	传统成语	022.今天的我的人生境界.txt	7	7	本书在相关章节引用或使用“身外之物”，首轮保留其可独立检索的中文成语性质。	首轮保守收录：《笑傲五十年》多为自述、人格论、历史人物与时政评论混合文本；现代党政攻防、司法/外交/统独判断、人物政治评价、口号式语录不收。仅保留句子本身可独立检索的诗句、传统联语、古典成句、成语俗语、文学典故、宗教/外文格言与少量李敖式仿古成句。
LAXA50-142	keep-first-pass	古典典故	蘧伯玉行年五十而知四十九年之非	蘧伯玉知非典故	022.今天的我的人生境界.txt	7	7	本书在相关章节引用或使用“蘧伯玉行年五十而知四十九年之非”，首轮保留其可独立检索的古典典故性质。	首轮保守收录：《笑傲五十年》多为自述、人格论、历史人物与时政评论混合文本；现代党政攻防、司法/外交/统独判断、人物政治评价、口号式语录不收。仅保留句子本身可独立检索的诗句、传统联语、古典成句、成语俗语、文学典故、宗教/外文格言与少量李敖式仿古成句。
LAXA50-143	keep-first-pass	李敖式仿古成句	朝作文，夕死可矣	化用《论语》“朝闻道，夕死可矣”	022.今天的我的人生境界.txt	9	9	本书在相关章节引用或使用“朝作文，夕死可矣”，首轮保留其可独立检索的李敖式仿古成句性质。	首轮保守收录：《笑傲五十年》多为自述、人格论、历史人物与时政评论混合文本；现代党政攻防、司法/外交/统独判断、人物政治评价、口号式语录不收。仅保留句子本身可独立检索的诗句、传统联语、古典成句、成语俗语、文学典故、宗教/外文格言与少量李敖式仿古成句。
LAXA50-144	keep-first-pass	中文成语	一针见血	传统成语	023.“不出户，知天下”.txt	3	3	本书在相关章节引用或使用“一针见血”，首轮保留其可独立检索的中文成语性质。	首轮保守收录：《笑傲五十年》多为自述、人格论、历史人物与时政评论混合文本；现代党政攻防、司法/外交/统独判断、人物政治评价、口号式语录不收。仅保留句子本身可独立检索的诗句、传统联语、古典成句、成语俗语、文学典故、宗教/外文格言与少量李敖式仿古成句。
LAXA50-145	keep-first-pass	中文熟语	不人云亦云	传统熟语	023.“不出户，知天下”.txt	5	5	本书在相关章节引用或使用“不人云亦云”，首轮保留其可独立检索的中文熟语性质。	首轮保守收录：《笑傲五十年》多为自述、人格论、历史人物与时政评论混合文本；现代党政攻防、司法/外交/统独判断、人物政治评价、口号式语录不收。仅保留句子本身可独立检索的诗句、传统联语、古典成句、成语俗语、文学典故、宗教/外文格言与少量李敖式仿古成句。
LAXA50-146	keep-first-pass	古典成句	不出户，知天下；不窥牖，见天道。其出弥远，其知弥少。是以圣人不行而知、不见而名、不为而成。	《老子》	023.“不出户，知天下”.txt	7	7	本书在相关章节引用或使用“不出户，知天下；不窥牖，见天道。其出弥远，其知弥少。是以圣人不行而知、不见而名、不为而成。”，首轮保留其可独立检索的古典成句性质。	首轮保守收录：《笑傲五十年》多为自述、人格论、历史人物与时政评论混合文本；现代党政攻防、司法/外交/统独判断、人物政治评价、口号式语录不收。仅保留句子本身可独立检索的诗句、传统联语、古典成句、成语俗语、文学典故、宗教/外文格言与少量李敖式仿古成句。
LAXA50-147	keep-first-pass	古典诗句	横看成岭侧成峰，远近高低各不同。不识庐山真面目，只缘身在此山中。	苏轼《题西林壁》	023.“不出户，知天下”.txt	9	9	本书在相关章节引用或使用“横看成岭侧成峰，远近高低各不同。不识庐山真面目，只缘身在此山中。”，首轮保留其可独立检索的古典诗句性质。	首轮保守收录：《笑傲五十年》多为自述、人格论、历史人物与时政评论混合文本；现代党政攻防、司法/外交/统独判断、人物政治评价、口号式语录不收。仅保留句子本身可独立检索的诗句、传统联语、古典成句、成语俗语、文学典故、宗教/外文格言与少量李敖式仿古成句。
LAXA50-148	keep-first-pass	中文成语	浑然忘我	传统成语	023.“不出户，知天下”.txt	11	11	本书在相关章节引用或使用“浑然忘我”，首轮保留其可独立检索的中文成语性质。	首轮保守收录：《笑傲五十年》多为自述、人格论、历史人物与时政评论混合文本；现代党政攻防、司法/外交/统独判断、人物政治评价、口号式语录不收。仅保留句子本身可独立检索的诗句、传统联语、古典成句、成语俗语、文学典故、宗教/外文格言与少量李敖式仿古成句。
LAXA50-149	keep-first-pass	中文成语	瞎子摸象	传统成语	023.“不出户，知天下”.txt	13	13	本书在相关章节引用或使用“瞎子摸象”，首轮保留其可独立检索的中文成语性质。	首轮保守收录：《笑傲五十年》多为自述、人格论、历史人物与时政评论混合文本；现代党政攻防、司法/外交/统独判断、人物政治评价、口号式语录不收。仅保留句子本身可独立检索的诗句、传统联语、古典成句、成语俗语、文学典故、宗教/外文格言与少量李敖式仿古成句。
LAXA50-150	keep-first-pass	中文成语	以静制动	传统成语	023.“不出户，知天下”.txt	17	17	本书在相关章节引用或使用“以静制动”，首轮保留其可独立检索的中文成语性质。	首轮保守收录：《笑傲五十年》多为自述、人格论、历史人物与时政评论混合文本；现代党政攻防、司法/外交/统独判断、人物政治评价、口号式语录不收。仅保留句子本身可独立检索的诗句、传统联语、古典成句、成语俗语、文学典故、宗教/外文格言与少量李敖式仿古成句。
LAXA50-151	keep-first-pass	中文熟语	大隐于市	传统隐逸熟语	023.“不出户，知天下”.txt	17	17	本书在相关章节引用或使用“大隐于市”，首轮保留其可独立检索的中文熟语性质。	首轮保守收录：《笑傲五十年》多为自述、人格论、历史人物与时政评论混合文本；现代党政攻防、司法/外交/统独判断、人物政治评价、口号式语录不收。仅保留句子本身可独立检索的诗句、传统联语、古典成句、成语俗语、文学典故、宗教/外文格言与少量李敖式仿古成句。
LAXA50-152	keep-first-pass	宗教格言	以伤还伤、以眼还眼、以牙还牙。	《旧约·利未记》	024.希金斯案的正义意义.txt	17	17	本书在相关章节引用或使用“以伤还伤、以眼还眼、以牙还牙。”，首轮保留其可独立检索的宗教格言性质。	首轮保守收录：《笑傲五十年》多为自述、人格论、历史人物与时政评论混合文本；现代党政攻防、司法/外交/统独判断、人物政治评价、口号式语录不收。仅保留句子本身可独立检索的诗句、传统联语、古典成句、成语俗语、文学典故、宗教/外文格言与少量李敖式仿古成句。
LAXA50-153	keep-first-pass	宗教格言	以眼还眼、以牙还牙、以手还手、以脚还脚。	《旧约·申命记》	024.希金斯案的正义意义.txt	17	17	本书在相关章节引用或使用“以眼还眼、以牙还牙、以手还手、以脚还脚。”，首轮保留其可独立检索的宗教格言性质。	首轮保守收录：《笑傲五十年》多为自述、人格论、历史人物与时政评论混合文本；现代党政攻防、司法/外交/统独判断、人物政治评价、口号式语录不收。仅保留句子本身可独立检索的诗句、传统联语、古典成句、成语俗语、文学典故、宗教/外文格言与少量李敖式仿古成句。
LAXA50-154	keep-first-pass	外文文学引语	如果一个犹太人整了一个基督徒，基督徒该怎样？报仇呀。如果一个基督徒整了一个犹太人，犹太人照基督徒的榜样，哼，也是报仇呀。	莎士比亚《威尼斯商人》	024.希金斯案的正义意义.txt	19	19	本书在相关章节引用或使用“如果一个犹太人整了一个基督徒，基督徒该怎样？报仇呀。如果一个基督徒整了一个犹太人，犹太人照基督徒的榜样，哼，也是报仇呀。”，首轮保留其可独立检索的外文文学引语性质。	首轮保守收录：《笑傲五十年》多为自述、人格论、历史人物与时政评论混合文本；现代党政攻防、司法/外交/统独判断、人物政治评价、口号式语录不收。仅保留句子本身可独立检索的诗句、传统联语、古典成句、成语俗语、文学典故、宗教/外文格言与少量李敖式仿古成句。
LAXA50-155	keep-first-pass	中文成语	五花八门	传统成语	025.李敖论五四.txt	13	13	本书在相关章节引用或使用“五花八门”，首轮保留其可独立检索的中文成语性质。	首轮保守收录：《笑傲五十年》多为自述、人格论、历史人物与时政评论混合文本；现代党政攻防、司法/外交/统独判断、人物政治评价、口号式语录不收。仅保留句子本身可独立检索的诗句、传统联语、古典成句、成语俗语、文学典故、宗教/外文格言与少量李敖式仿古成句。
LAXA50-156	keep-first-pass	古典成句	贫贱不能移，富贵不能淫，威武不能屈	《孟子》相关成句	025.李敖论五四.txt	15	15	本书在相关章节引用或使用“贫贱不能移，富贵不能淫，威武不能屈”，首轮保留其可独立检索的古典成句性质。	首轮保守收录：《笑傲五十年》多为自述、人格论、历史人物与时政评论混合文本；现代党政攻防、司法/外交/统独判断、人物政治评价、口号式语录不收。仅保留句子本身可独立检索的诗句、传统联语、古典成句、成语俗语、文学典故、宗教/外文格言与少量李敖式仿古成句。
LAXA50-157	keep-first-pass	中文成语	引狼入室	传统成语	025.李敖论五四.txt	19	19	本书在相关章节引用或使用“引狼入室”，首轮保留其可独立检索的中文成语性质。	首轮保守收录：《笑傲五十年》多为自述、人格论、历史人物与时政评论混合文本；现代党政攻防、司法/外交/统独判断、人物政治评价、口号式语录不收。仅保留句子本身可独立检索的诗句、传统联语、古典成句、成语俗语、文学典故、宗教/外文格言与少量李敖式仿古成句。
LAXA50-158	keep-first-pass	古典成句	以德报怨	《论语》相关成句	025.李敖论五四.txt	19	19	本书在相关章节引用或使用“以德报怨”，首轮保留其可独立检索的古典成句性质。	首轮保守收录：《笑傲五十年》多为自述、人格论、历史人物与时政评论混合文本；现代党政攻防、司法/外交/统独判断、人物政治评价、口号式语录不收。仅保留句子本身可独立检索的诗句、传统联语、古典成句、成语俗语、文学典故、宗教/外文格言与少量李敖式仿古成句。
LAXA50-159	keep-first-pass	中文成语	满目疮痍	传统成语	025.李敖论五四.txt	19	19	本书在相关章节引用或使用“满目疮痍”，首轮保留其可独立检索的中文成语性质。	首轮保守收录：《笑傲五十年》多为自述、人格论、历史人物与时政评论混合文本；现代党政攻防、司法/外交/统独判断、人物政治评价、口号式语录不收。仅保留句子本身可独立检索的诗句、传统联语、古典成句、成语俗语、文学典故、宗教/外文格言与少量李敖式仿古成句。
LAXA50-160	keep-first-pass	中文成语	冲决网罗	传统成语	025.李敖论五四.txt	21	21	本书在相关章节引用或使用“冲决网罗”，首轮保留其可独立检索的中文成语性质。	首轮保守收录：《笑傲五十年》多为自述、人格论、历史人物与时政评论混合文本；现代党政攻防、司法/外交/统独判断、人物政治评价、口号式语录不收。仅保留句子本身可独立检索的诗句、传统联语、古典成句、成语俗语、文学典故、宗教/外文格言与少量李敖式仿古成句。
LAXA50-161	keep-first-pass	中文成语	一塌糊涂	传统成语	025.李敖论五四.txt	21	21	本书在相关章节引用或使用“一塌糊涂”，首轮保留其可独立检索的中文成语性质。	首轮保守收录：《笑傲五十年》多为自述、人格论、历史人物与时政评论混合文本；现代党政攻防、司法/外交/统独判断、人物政治评价、口号式语录不收。仅保留句子本身可独立检索的诗句、传统联语、古典成句、成语俗语、文学典故、宗教/外文格言与少量李敖式仿古成句。
LAXA50-162	keep-first-pass	古典诗句	根株浮沧海	传统诗句化用	025.李敖论五四.txt	23	23	本书在相关章节引用或使用“根株浮沧海”，首轮保留其可独立检索的古典诗句性质。	首轮保守收录：《笑傲五十年》多为自述、人格论、历史人物与时政评论混合文本；现代党政攻防、司法/外交/统独判断、人物政治评价、口号式语录不收。仅保留句子本身可独立检索的诗句、传统联语、古典成句、成语俗语、文学典故、宗教/外文格言与少量李敖式仿古成句。
LAXA50-163	keep-first-pass	中文成语	无懈可击	传统成语	025.李敖论五四.txt	25	25	本书在相关章节引用或使用“无懈可击”，首轮保留其可独立检索的中文成语性质。	首轮保守收录：《笑傲五十年》多为自述、人格论、历史人物与时政评论混合文本；现代党政攻防、司法/外交/统独判断、人物政治评价、口号式语录不收。仅保留句子本身可独立检索的诗句、传统联语、古典成句、成语俗语、文学典故、宗教/外文格言与少量李敖式仿古成句。
LAXA50-164	keep-first-pass	古典成句	货恶其弃于地也，不必藏于己	《礼记·礼运》	025.李敖论五四.txt	25	25	本书在相关章节引用或使用“货恶其弃于地也，不必藏于己”，首轮保留其可独立检索的古典成句性质。	首轮保守收录：《笑傲五十年》多为自述、人格论、历史人物与时政评论混合文本；现代党政攻防、司法/外交/统独判断、人物政治评价、口号式语录不收。仅保留句子本身可独立检索的诗句、传统联语、古典成句、成语俗语、文学典故、宗教/外文格言与少量李敖式仿古成句。
LAXA50-165	keep-first-pass	古典成句	力恶其不出于身也，不必为己	《礼记·礼运》	025.李敖论五四.txt	25	25	本书在相关章节引用或使用“力恶其不出于身也，不必为己”，首轮保留其可独立检索的古典成句性质。	首轮保守收录：《笑傲五十年》多为自述、人格论、历史人物与时政评论混合文本；现代党政攻防、司法/外交/统独判断、人物政治评价、口号式语录不收。仅保留句子本身可独立检索的诗句、传统联语、古典成句、成语俗语、文学典故、宗教/外文格言与少量李敖式仿古成句。
LAXA50-166	keep-first-pass	古典诗句	石破天惊	李贺诗句成语化	025.李敖论五四.txt	25	25	本书在相关章节引用或使用“石破天惊”，首轮保留其可独立检索的古典诗句性质。	首轮保守收录：《笑傲五十年》多为自述、人格论、历史人物与时政评论混合文本；现代党政攻防、司法/外交/统独判断、人物政治评价、口号式语录不收。仅保留句子本身可独立检索的诗句、传统联语、古典成句、成语俗语、文学典故、宗教/外文格言与少量李敖式仿古成句。
LAXA50-167	keep-first-pass	古典成句	祸兮福之所倚	《老子》相关成句	026.一九八九年元旦杂感.txt	7	7	本书在相关章节引用或使用“祸兮福之所倚”，首轮保留其可独立检索的古典成句性质。	首轮保守收录：《笑傲五十年》多为自述、人格论、历史人物与时政评论混合文本；现代党政攻防、司法/外交/统独判断、人物政治评价、口号式语录不收。仅保留句子本身可独立检索的诗句、传统联语、古典成句、成语俗语、文学典故、宗教/外文格言与少量李敖式仿古成句。
LAXA50-168	keep-first-pass	古典成句	天视自我民视，天听自我民听	《尚书》相关成句	026.一九八九年元旦杂感.txt	15	15	本书在相关章节引用或使用“天视自我民视，天听自我民听”，首轮保留其可独立检索的古典成句性质。	首轮保守收录：《笑傲五十年》多为自述、人格论、历史人物与时政评论混合文本；现代党政攻防、司法/外交/统独判断、人物政治评价、口号式语录不收。仅保留句子本身可独立检索的诗句、传统联语、古典成句、成语俗语、文学典故、宗教/外文格言与少量李敖式仿古成句。
LAXA50-169	keep-first-pass	古典成句	善与人同	传统成句	026.一九八九年元旦杂感.txt	15	15	本书在相关章节引用或使用“善与人同”，首轮保留其可独立检索的古典成句性质。	首轮保守收录：《笑傲五十年》多为自述、人格论、历史人物与时政评论混合文本；现代党政攻防、司法/外交/统独判断、人物政治评价、口号式语录不收。仅保留句子本身可独立检索的诗句、传统联语、古典成句、成语俗语、文学典故、宗教/外文格言与少量李敖式仿古成句。
LAXA50-170	keep-first-pass	中文熟语	太平犬	传统熟语	026.一九八九年元旦杂感.txt	15	15	本书在相关章节引用或使用“太平犬”，首轮保留其可独立检索的中文熟语性质。	首轮保守收录：《笑傲五十年》多为自述、人格论、历史人物与时政评论混合文本；现代党政攻防、司法/外交/统独判断、人物政治评价、口号式语录不收。仅保留句子本身可独立检索的诗句、传统联语、古典成句、成语俗语、文学典故、宗教/外文格言与少量李敖式仿古成句。
LAXA50-171	keep-first-pass	古典诗句	山重水复疑无路，柳暗花明又一村	陆游诗句	027.奇情与俗情.txt	5	5	本书在相关章节引用或使用“山重水复疑无路，柳暗花明又一村”，首轮保留其可独立检索的古典诗句性质。	首轮保守收录：《笑傲五十年》多为自述、人格论、历史人物与时政评论混合文本；现代党政攻防、司法/外交/统独判断、人物政治评价、口号式语录不收。仅保留句子本身可独立检索的诗句、传统联语、古典成句、成语俗语、文学典故、宗教/外文格言与少量李敖式仿古成句。
LAXA50-172	keep-first-pass	古典诗句	枝条始欲茂，忽值山河改	传统诗句	027.奇情与俗情.txt	5	5	本书在相关章节引用或使用“枝条始欲茂，忽值山河改”，首轮保留其可独立检索的古典诗句性质。	首轮保守收录：《笑傲五十年》多为自述、人格论、历史人物与时政评论混合文本；现代党政攻防、司法/外交/统独判断、人物政治评价、口号式语录不收。仅保留句子本身可独立检索的诗句、传统联语、古典成句、成语俗语、文学典故、宗教/外文格言与少量李敖式仿古成句。
LAXA50-173	keep-first-pass	古典成句	祸兮福所倚，福兮祸所伏。	《老子》相关成句	027.奇情与俗情.txt	7	7	本书在相关章节引用或使用“祸兮福所倚，福兮祸所伏。”，首轮保留其可独立检索的古典成句性质。	首轮保守收录：《笑傲五十年》多为自述、人格论、历史人物与时政评论混合文本；现代党政攻防、司法/外交/统独判断、人物政治评价、口号式语录不收。仅保留句子本身可独立检索的诗句、传统联语、古典成句、成语俗语、文学典故、宗教/外文格言与少量李敖式仿古成句。
LAXA50-174	keep-first-pass	古典成句	忧喜同门兮，吉凶同域。	贾谊《鵩鸟赋》	027.奇情与俗情.txt	9	9	本书在相关章节引用或使用“忧喜同门兮，吉凶同域。”，首轮保留其可独立检索的古典成句性质。	首轮保守收录：《笑傲五十年》多为自述、人格论、历史人物与时政评论混合文本；现代党政攻防、司法/外交/统独判断、人物政治评价、口号式语录不收。仅保留句子本身可独立检索的诗句、传统联语、古典成句、成语俗语、文学典故、宗教/外文格言与少量李敖式仿古成句。
LAXA50-175	keep-first-pass	中文成语	祸福相依	传统成语	027.奇情与俗情.txt	13	13	本书在相关章节引用或使用“祸福相依”，首轮保留其可独立检索的中文成语性质。	首轮保守收录：《笑傲五十年》多为自述、人格论、历史人物与时政评论混合文本；现代党政攻防、司法/外交/统独判断、人物政治评价、口号式语录不收。仅保留句子本身可独立检索的诗句、传统联语、古典成句、成语俗语、文学典故、宗教/外文格言与少量李敖式仿古成句。
LAXA50-176	keep-first-pass	历史典故	倾国倾城	李延年歌相关典故	027.奇情与俗情.txt	17	17	本书在相关章节引用或使用“倾国倾城”，首轮保留其可独立检索的历史典故性质。	首轮保守收录：《笑傲五十年》多为自述、人格论、历史人物与时政评论混合文本；现代党政攻防、司法/外交/统独判断、人物政治评价、口号式语录不收。仅保留句子本身可独立检索的诗句、传统联语、古典成句、成语俗语、文学典故、宗教/外文格言与少量李敖式仿古成句。
LAXA50-177	keep-first-pass	古典诗句	北方有佳人，绝世而独立，一顾倾人城，再顾倾人国	李延年歌	027.奇情与俗情.txt	17	17	本书在相关章节引用或使用“北方有佳人，绝世而独立，一顾倾人城，再顾倾人国”，首轮保留其可独立检索的古典诗句性质。	首轮保守收录：《笑傲五十年》多为自述、人格论、历史人物与时政评论混合文本；现代党政攻防、司法/外交/统独判断、人物政治评价、口号式语录不收。仅保留句子本身可独立检索的诗句、传统联语、古典成句、成语俗语、文学典故、宗教/外文格言与少量李敖式仿古成句。
LAXA50-178	keep-first-pass	中文成语	红颜薄命	传统成语	027.奇情与俗情.txt	17	17	本书在相关章节引用或使用“红颜薄命”，首轮保留其可独立检索的中文成语性质。	首轮保守收录：《笑傲五十年》多为自述、人格论、历史人物与时政评论混合文本；现代党政攻防、司法/外交/统独判断、人物政治评价、口号式语录不收。仅保留句子本身可独立检索的诗句、传统联语、古典成句、成语俗语、文学典故、宗教/外文格言与少量李敖式仿古成句。
LAXA50-179	keep-first-pass	古典诗句	相见争如不见	传统诗句	027.奇情与俗情.txt	19	19	本书在相关章节引用或使用“相见争如不见”，首轮保留其可独立检索的古典诗句性质。	首轮保守收录：《笑傲五十年》多为自述、人格论、历史人物与时政评论混合文本；现代党政攻防、司法/外交/统独判断、人物政治评价、口号式语录不收。仅保留句子本身可独立检索的诗句、传统联语、古典成句、成语俗语、文学典故、宗教/外文格言与少量李敖式仿古成句。
LAXA50-180	keep-first-pass	中文成语	戛然而止	传统成语	027.奇情与俗情.txt	23	23	本书在相关章节引用或使用“戛然而止”，首轮保留其可独立检索的中文成语性质。	首轮保守收录：《笑傲五十年》多为自述、人格论、历史人物与时政评论混合文本；现代党政攻防、司法/外交/统独判断、人物政治评价、口号式语录不收。仅保留句子本身可独立检索的诗句、传统联语、古典成句、成语俗语、文学典故、宗教/外文格言与少量李敖式仿古成句。
LAXA50-181	keep-first-pass	佛教化成语	慧剑斩情	传统熟语	027.奇情与俗情.txt	23	23	本书在相关章节引用或使用“慧剑斩情”，首轮保留其可独立检索的佛教化成语性质。	首轮保守收录：《笑傲五十年》多为自述、人格论、历史人物与时政评论混合文本；现代党政攻防、司法/外交/统独判断、人物政治评价、口号式语录不收。仅保留句子本身可独立检索的诗句、传统联语、古典成句、成语俗语、文学典故、宗教/外文格言与少量李敖式仿古成句。
LAXA50-182	keep-first-pass	中文成语	壮士断臂	传统成语	027.奇情与俗情.txt	23	23	本书在相关章节引用或使用“壮士断臂”，首轮保留其可独立检索的中文成语性质。	首轮保守收录：《笑傲五十年》多为自述、人格论、历史人物与时政评论混合文本；现代党政攻防、司法/外交/统独判断、人物政治评价、口号式语录不收。仅保留句子本身可独立检索的诗句、传统联语、古典成句、成语俗语、文学典故、宗教/外文格言与少量李敖式仿古成句。
LAXA50-183	keep-first-pass	古典成句	为而不有	《老子》相关成句	027.奇情与俗情.txt	23	23	本书在相关章节引用或使用“为而不有”，首轮保留其可独立检索的古典成句性质。	首轮保守收录：《笑傲五十年》多为自述、人格论、历史人物与时政评论混合文本；现代党政攻防、司法/外交/统独判断、人物政治评价、口号式语录不收。仅保留句子本身可独立检索的诗句、传统联语、古典成句、成语俗语、文学典故、宗教/外文格言与少量李敖式仿古成句。
LAXA50-184	keep-first-pass	古典成句	功成弗居	《老子》相关成句	027.奇情与俗情.txt	23	23	本书在相关章节引用或使用“功成弗居”，首轮保留其可独立检索的古典成句性质。	首轮保守收录：《笑傲五十年》多为自述、人格论、历史人物与时政评论混合文本；现代党政攻防、司法/外交/统独判断、人物政治评价、口号式语录不收。仅保留句子本身可独立检索的诗句、传统联语、古典成句、成语俗语、文学典故、宗教/外文格言与少量李敖式仿古成句。
LAXA50-185	keep-first-pass	中文成语	神来之笔	传统成语	027.奇情与俗情.txt	25	25	本书在相关章节引用或使用“神来之笔”，首轮保留其可独立检索的中文成语性质。	首轮保守收录：《笑傲五十年》多为自述、人格论、历史人物与时政评论混合文本；现代党政攻防、司法/外交/统独判断、人物政治评价、口号式语录不收。仅保留句子本身可独立检索的诗句、传统联语、古典成句、成语俗语、文学典故、宗教/外文格言与少量李敖式仿古成句。
LAXA50-186	keep-first-pass	中文熟语	点睛之妙	传统熟语	027.奇情与俗情.txt	25	25	本书在相关章节引用或使用“点睛之妙”，首轮保留其可独立检索的中文熟语性质。	首轮保守收录：《笑傲五十年》多为自述、人格论、历史人物与时政评论混合文本；现代党政攻防、司法/外交/统独判断、人物政治评价、口号式语录不收。仅保留句子本身可独立检索的诗句、传统联语、古典成句、成语俗语、文学典故、宗教/外文格言与少量李敖式仿古成句。
LAXA50-187	keep-first-pass	中文成语	肝胆照人	传统成语	027.奇情与俗情.txt	29	29	本书在相关章节引用或使用“肝胆照人”，首轮保留其可独立检索的中文成语性质。	首轮保守收录：《笑傲五十年》多为自述、人格论、历史人物与时政评论混合文本；现代党政攻防、司法/外交/统独判断、人物政治评价、口号式语录不收。仅保留句子本身可独立检索的诗句、传统联语、古典成句、成语俗语、文学典故、宗教/外文格言与少量李敖式仿古成句。
LAXA50-188	keep-first-pass	中文熟语	化敌为友	传统熟语	027.奇情与俗情.txt	29	29	本书在相关章节引用或使用“化敌为友”，首轮保留其可独立检索的中文熟语性质。	首轮保守收录：《笑傲五十年》多为自述、人格论、历史人物与时政评论混合文本；现代党政攻防、司法/外交/统独判断、人物政治评价、口号式语录不收。仅保留句子本身可独立检索的诗句、传统联语、古典成句、成语俗语、文学典故、宗教/外文格言与少量李敖式仿古成句。
LAXA50-189	keep-first-pass	历史典故	吾为卿，不复上凌烟阁矣！	唐太宗与侯君集故事	027.奇情与俗情.txt	29	29	本书在相关章节引用或使用“吾为卿，不复上凌烟阁矣！”，首轮保留其可独立检索的历史典故性质。	首轮保守收录：《笑傲五十年》多为自述、人格论、历史人物与时政评论混合文本；现代党政攻防、司法/外交/统独判断、人物政治评价、口号式语录不收。仅保留句子本身可独立检索的诗句、传统联语、古典成句、成语俗语、文学典故、宗教/外文格言与少量李敖式仿古成句。
LAXA50-190	keep-first-pass	中文熟语	情何以堪	传统熟语	027.奇情与俗情.txt	29	29	本书在相关章节引用或使用“情何以堪”，首轮保留其可独立检索的中文熟语性质。	首轮保守收录：《笑傲五十年》多为自述、人格论、历史人物与时政评论混合文本；现代党政攻防、司法/外交/统独判断、人物政治评价、口号式语录不收。仅保留句子本身可独立检索的诗句、传统联语、古典成句、成语俗语、文学典故、宗教/外文格言与少量李敖式仿古成句。
LAXA50-191	keep-first-pass	中文成语	花果飘零	传统成语	027.奇情与俗情.txt	37	37	本书在相关章节引用或使用“花果飘零”，首轮保留其可独立检索的中文成语性质。	首轮保守收录：《笑傲五十年》多为自述、人格论、历史人物与时政评论混合文本；现代党政攻防、司法/外交/统独判断、人物政治评价、口号式语录不收。仅保留句子本身可独立检索的诗句、传统联语、古典成句、成语俗语、文学典故、宗教/外文格言与少量李敖式仿古成句。
LAXA50-192	keep-first-pass	中文熟语	今之古人	传统熟语	027.奇情与俗情.txt	37	37	本书在相关章节引用或使用“今之古人”，首轮保留其可独立检索的中文熟语性质。	首轮保守收录：《笑傲五十年》多为自述、人格论、历史人物与时政评论混合文本；现代党政攻防、司法/外交/统独判断、人物政治评价、口号式语录不收。仅保留句子本身可独立检索的诗句、传统联语、古典成句、成语俗语、文学典故、宗教/外文格言与少量李敖式仿古成句。
LAXA50-193	keep-first-pass	历史典故	鸿门宴	楚汉故事	028.美人的死和英雄的死.txt	5	5	本书在相关章节引用或使用“鸿门宴”，首轮保留其可独立检索的历史典故性质。	首轮保守收录：《笑傲五十年》多为自述、人格论、历史人物与时政评论混合文本；现代党政攻防、司法/外交/统独判断、人物政治评价、口号式语录不收。仅保留句子本身可独立检索的诗句、传统联语、古典成句、成语俗语、文学典故、宗教/外文格言与少量李敖式仿古成句。
LAXA50-194	keep-first-pass	历史典故	霸王别姬	楚汉故事	028.美人的死和英雄的死.txt	5	5	本书在相关章节引用或使用“霸王别姬”，首轮保留其可独立检索的历史典故性质。	首轮保守收录：《笑傲五十年》多为自述、人格论、历史人物与时政评论混合文本；现代党政攻防、司法/外交/统独判断、人物政治评价、口号式语录不收。仅保留句子本身可独立检索的诗句、传统联语、古典成句、成语俗语、文学典故、宗教/外文格言与少量李敖式仿古成句。
LAXA50-195	keep-first-pass	中文成语	荒腔走板	戏曲熟语	028.美人的死和英雄的死.txt	5	5	本书在相关章节引用或使用“荒腔走板”，首轮保留其可独立检索的中文成语性质。	首轮保守收录：《笑傲五十年》多为自述、人格论、历史人物与时政评论混合文本；现代党政攻防、司法/外交/统独判断、人物政治评价、口号式语录不收。仅保留句子本身可独立检索的诗句、传统联语、古典成句、成语俗语、文学典故、宗教/外文格言与少量李敖式仿古成句。
LAXA50-196	keep-first-pass	历史典故	四面楚歌	楚汉故事	028.美人的死和英雄的死.txt	5	5	本书在相关章节引用或使用“四面楚歌”，首轮保留其可独立检索的历史典故性质。	首轮保守收录：《笑傲五十年》多为自述、人格论、历史人物与时政评论混合文本；现代党政攻防、司法/外交/统独判断、人物政治评价、口号式语录不收。仅保留句子本身可独立检索的诗句、传统联语、古典成句、成语俗语、文学典故、宗教/外文格言与少量李敖式仿古成句。
LAXA50-197	keep-first-pass	历史典故	楚虽三户，亡秦必楚	楚汉相关成句	028.美人的死和英雄的死.txt	7	7	本书在相关章节引用或使用“楚虽三户，亡秦必楚”，首轮保留其可独立检索的历史典故性质。	首轮保守收录：《笑傲五十年》多为自述、人格论、历史人物与时政评论混合文本；现代党政攻防、司法/外交/统独判断、人物政治评价、口号式语录不收。仅保留句子本身可独立检索的诗句、传统联语、古典成句、成语俗语、文学典故、宗教/外文格言与少量李敖式仿古成句。
LAXA50-198	keep-first-pass	古典成句	汉皆已得楚乎？是何楚人之多也！	《史记·项羽本纪》	028.美人的死和英雄的死.txt	11	11	本书在相关章节引用或使用“汉皆已得楚乎？是何楚人之多也！”，首轮保留其可独立检索的古典成句性质。	首轮保守收录：《笑傲五十年》多为自述、人格论、历史人物与时政评论混合文本；现代党政攻防、司法/外交/统独判断、人物政治评价、口号式语录不收。仅保留句子本身可独立检索的诗句、传统联语、古典成句、成语俗语、文学典故、宗教/外文格言与少量李敖式仿古成句。
LAXA50-199	keep-first-pass	古典诗句	力拔山兮气盖世，时不利兮骓不逝。骓不逝兮可奈何，虞兮虞兮奈若何！	《史记·项羽本纪》项羽歌	028.美人的死和英雄的死.txt	11	11	本书在相关章节引用或使用“力拔山兮气盖世，时不利兮骓不逝。骓不逝兮可奈何，虞兮虞兮奈若何！”，首轮保留其可独立检索的古典诗句性质。	首轮保守收录：《笑傲五十年》多为自述、人格论、历史人物与时政评论混合文本；现代党政攻防、司法/外交/统独判断、人物政治评价、口号式语录不收。仅保留句子本身可独立检索的诗句、传统联语、古典成句、成语俗语、文学典故、宗教/外文格言与少量李敖式仿古成句。
LAXA50-200	keep-first-pass	古典成句	歌数阕，美人和之	《史记·项羽本纪》	028.美人的死和英雄的死.txt	11	11	本书在相关章节引用或使用“歌数阕，美人和之”，首轮保留其可独立检索的古典成句性质。	首轮保守收录：《笑傲五十年》多为自述、人格论、历史人物与时政评论混合文本；现代党政攻防、司法/外交/统独判断、人物政治评价、口号式语录不收。仅保留句子本身可独立检索的诗句、传统联语、古典成句、成语俗语、文学典故、宗教/外文格言与少量李敖式仿古成句。
LAXA50-201	keep-first-pass	古典诗句	汉兵已略地，四方楚歌声。大王意气尽，贱妾何聊生！	《楚汉春秋》虞姬和歌	028.美人的死和英雄的死.txt	13	13	本书在相关章节引用或使用“汉兵已略地，四方楚歌声。大王意气尽，贱妾何聊生！”，首轮保留其可独立检索的古典诗句性质。	首轮保守收录：《笑傲五十年》多为自述、人格论、历史人物与时政评论混合文本；现代党政攻防、司法/外交/统独判断、人物政治评价、口号式语录不收。仅保留句子本身可独立检索的诗句、传统联语、古典成句、成语俗语、文学典故、宗教/外文格言与少量李敖式仿古成句。
LAXA50-202	keep-first-pass	戏曲唱词	自从我，随大王，东征西战，受风霜，与劳碌，年复年年。何日里，方得免，兵戈扰乱？消却了，众百姓，困苦颠连。	京戏《霸王别姬》唱词	028.美人的死和英雄的死.txt	19	25	本书在相关章节引用或使用“自从我，随大王，东征西战，受风霜，与劳碌，年复年年。何日里，方得免，兵戈扰乱？消却了，众百姓，困苦颠连。”，首轮保留其可独立检索的戏曲唱词性质。	首轮保守收录：《笑傲五十年》多为自述、人格论、历史人物与时政评论混合文本；现代党政攻防、司法/外交/统独判断、人物政治评价、口号式语录不收。仅保留句子本身可独立检索的诗句、传统联语、古典成句、成语俗语、文学典故、宗教/外文格言与少量李敖式仿古成句。
LAXA50-203	keep-first-pass	戏曲唱词	一饭之恩前世缘	京戏《鼎盛春秋》唱词	028.美人的死和英雄的死.txt	35	35	本书在相关章节引用或使用“一饭之恩前世缘”，首轮保留其可独立检索的戏曲唱词性质。	首轮保守收录：《笑傲五十年》多为自述、人格论、历史人物与时政评论混合文本；现代党政攻防、司法/外交/统独判断、人物政治评价、口号式语录不收。仅保留句子本身可独立检索的诗句、传统联语、古典成句、成语俗语、文学典故、宗教/外文格言与少量李敖式仿古成句。
LAXA50-204	keep-first-pass	中文熟语	惊知己于千古	传统文学熟语	028.美人的死和英雄的死.txt	35	35	本书在相关章节引用或使用“惊知己于千古”，首轮保留其可独立检索的中文熟语性质。	首轮保守收录：《笑傲五十年》多为自述、人格论、历史人物与时政评论混合文本；现代党政攻防、司法/外交/统独判断、人物政治评价、口号式语录不收。仅保留句子本身可独立检索的诗句、传统联语、古典成句、成语俗语、文学典故、宗教/外文格言与少量李敖式仿古成句。
LAXA50-205	keep-first-pass	古典成句	义不独生	侯赢相关典故	028.美人的死和英雄的死.txt	35	35	本书在相关章节引用或使用“义不独生”，首轮保留其可独立检索的古典成句性质。	首轮保守收录：《笑傲五十年》多为自述、人格论、历史人物与时政评论混合文本；现代党政攻防、司法/外交/统独判断、人物政治评价、口号式语录不收。仅保留句子本身可独立检索的诗句、传统联语、古典成句、成语俗语、文学典故、宗教/外文格言与少量李敖式仿古成句。
LAXA50-206	keep-first-pass	历史典故	北乡自刎以送公子	侯赢与信陵君故事	028.美人的死和英雄的死.txt	35	35	本书在相关章节引用或使用“北乡自刎以送公子”，首轮保留其可独立检索的历史典故性质。	首轮保守收录：《笑傲五十年》多为自述、人格论、历史人物与时政评论混合文本；现代党政攻防、司法/外交/统独判断、人物政治评价、口号式语录不收。仅保留句子本身可独立检索的诗句、传统联语、古典成句、成语俗语、文学典故、宗教/外文格言与少量李敖式仿古成句。
LAXA50-207	keep-first-pass	古典诗句	非但慷慨献奇谋，意气兼将身命酬。望风刎颈送公子，七十老翁何所求！	王维《夷门歌》	028.美人的死和英雄的死.txt	35	35	本书在相关章节引用或使用“非但慷慨献奇谋，意气兼将身命酬。望风刎颈送公子，七十老翁何所求！”，首轮保留其可独立检索的古典诗句性质。	首轮保守收录：《笑傲五十年》多为自述、人格论、历史人物与时政评论混合文本；现代党政攻防、司法/外交/统独判断、人物政治评价、口号式语录不收。仅保留句子本身可独立检索的诗句、传统联语、古典成句、成语俗语、文学典故、宗教/外文格言与少量李敖式仿古成句。
LAXA50-208	keep-first-pass	古典成句	若非吾故人乎？	《史记·项羽本纪》	028.美人的死和英雄的死.txt	39	39	本书在相关章节引用或使用“若非吾故人乎？”，首轮保留其可独立检索的古典成句性质。	首轮保守收录：《笑傲五十年》多为自述、人格论、历史人物与时政评论混合文本；现代党政攻防、司法/外交/统独判断、人物政治评价、口号式语录不收。仅保留句子本身可独立检索的诗句、传统联语、古典成句、成语俗语、文学典故、宗教/外文格言与少量李敖式仿古成句。
LAXA50-209	keep-first-pass	古典成句	吾为若德	《史记·项羽本纪》	028.美人的死和英雄的死.txt	39	39	本书在相关章节引用或使用“吾为若德”，首轮保留其可独立检索的古典成句性质。	首轮保守收录：《笑傲五十年》多为自述、人格论、历史人物与时政评论混合文本；现代党政攻防、司法/外交/统独判断、人物政治评价、口号式语录不收。仅保留句子本身可独立检索的诗句、传统联语、古典成句、成语俗语、文学典故、宗教/外文格言与少量李敖式仿古成句。
LAXA50-210	keep-first-pass	历史典故	破釜沉舟	楚汉故事	028.美人的死和英雄的死.txt	41	41	本书在相关章节引用或使用“破釜沉舟”，首轮保留其可独立检索的历史典故性质。	首轮保守收录：《笑傲五十年》多为自述、人格论、历史人物与时政评论混合文本；现代党政攻防、司法/外交/统独判断、人物政治评价、口号式语录不收。仅保留句子本身可独立检索的诗句、传统联语、古典成句、成语俗语、文学典故、宗教/外文格言与少量李敖式仿古成句。
LAXA50-211	keep-first-pass	历史典故	作壁上观	楚汉故事	028.美人的死和英雄的死.txt	41	41	本书在相关章节引用或使用“作壁上观”，首轮保留其可独立检索的历史典故性质。	首轮保守收录：《笑傲五十年》多为自述、人格论、历史人物与时政评论混合文本；现代党政攻防、司法/外交/统独判断、人物政治评价、口号式语录不收。仅保留句子本身可独立检索的诗句、传统联语、古典成句、成语俗语、文学典故、宗教/外文格言与少量李敖式仿古成句。
LAXA50-212	keep-first-pass	中文成语	云散烟消	传统成语	028.美人的死和英雄的死.txt	43	43	本书在相关章节引用或使用“云散烟消”，首轮保留其可独立检索的中文成语性质。	首轮保守收录：《笑傲五十年》多为自述、人格论、历史人物与时政评论混合文本；现代党政攻防、司法/外交/统独判断、人物政治评价、口号式语录不收。仅保留句子本身可独立检索的诗句、传统联语、古典成句、成语俗语、文学典故、宗教/外文格言与少量李敖式仿古成句。
LAXA50-213	keep-first-pass	中文成语	大义灭亲	传统成语	029.郑成功真是大丈夫.txt	17	17	本书在相关章节引用或使用“大义灭亲”，首轮保留其可独立检索的中文成语性质。	首轮保守收录：《笑傲五十年》多为自述、人格论、历史人物与时政评论混合文本；现代党政攻防、司法/外交/统独判断、人物政治评价、口号式语录不收。仅保留句子本身可独立检索的诗句、传统联语、古典成句、成语俗语、文学典故、宗教/外文格言与少量李敖式仿古成句。
LAXA50-214	keep-first-pass	中文成语	与虎谋皮	传统成语	030.遥想汉卿当年.txt	15	15	本书在相关章节引用或使用“与虎谋皮”，首轮保留其可独立检索的中文成语性质。	首轮保守收录：《笑傲五十年》多为自述、人格论、历史人物与时政评论混合文本；现代党政攻防、司法/外交/统独判断、人物政治评价、口号式语录不收。仅保留句子本身可独立检索的诗句、传统联语、古典成句、成语俗语、文学典故、宗教/外文格言与少量李敖式仿古成句。
LAXA50-215	keep-first-pass	古典诗句	心之所善，九死无悔	屈原《离骚》化用	030.遥想汉卿当年.txt	15	15	本书在相关章节引用或使用“心之所善，九死无悔”，首轮保留其可独立检索的古典诗句性质。	首轮保守收录：《笑傲五十年》多为自述、人格论、历史人物与时政评论混合文本；现代党政攻防、司法/外交/统独判断、人物政治评价、口号式语录不收。仅保留句子本身可独立检索的诗句、传统联语、古典成句、成语俗语、文学典故、宗教/外文格言与少量李敖式仿古成句。
LAXA50-216	keep-first-pass	中文成语	晴天霹雳	传统成语	030.遥想汉卿当年.txt	17	17	本书在相关章节引用或使用“晴天霹雳”，首轮保留其可独立检索的中文成语性质。	首轮保守收录：《笑傲五十年》多为自述、人格论、历史人物与时政评论混合文本；现代党政攻防、司法/外交/统独判断、人物政治评价、口号式语录不收。仅保留句子本身可独立检索的诗句、传统联语、古典成句、成语俗语、文学典故、宗教/外文格言与少量李敖式仿古成句。
LAXA50-217	keep-first-pass	中文成语	光风霁月	传统成语	030.遥想汉卿当年.txt	19	19	本书在相关章节引用或使用“光风霁月”，首轮保留其可独立检索的中文成语性质。	首轮保守收录：《笑傲五十年》多为自述、人格论、历史人物与时政评论混合文本；现代党政攻防、司法/外交/统独判断、人物政治评价、口号式语录不收。仅保留句子本身可独立检索的诗句、传统联语、古典成句、成语俗语、文学典故、宗教/外文格言与少量李敖式仿古成句。
LAXA50-218	keep-first-pass	古典成句	北方之强	《中庸》相关成句	030.遥想汉卿当年.txt	23	23	本书在相关章节引用或使用“北方之强”，首轮保留其可独立检索的古典成句性质。	首轮保守收录：《笑傲五十年》多为自述、人格论、历史人物与时政评论混合文本；现代党政攻防、司法/外交/统独判断、人物政治评价、口号式语录不收。仅保留句子本身可独立检索的诗句、传统联语、古典成句、成语俗语、文学典故、宗教/外文格言与少量李敖式仿古成句。
LAXA50-219	keep-first-pass	古典诗句	相看白刃血纷纷，死节从来岂顾勋？君不见沙场征战苦，至今犹忆李将军。	高适《燕歌行》	031.至今犹忆李将军.txt	3	3	本书在相关章节引用或使用“相看白刃血纷纷，死节从来岂顾勋？君不见沙场征战苦，至今犹忆李将军。”，首轮保留其可独立检索的古典诗句性质。	首轮保守收录：《笑傲五十年》多为自述、人格论、历史人物与时政评论混合文本；现代党政攻防、司法/外交/统独判断、人物政治评价、口号式语录不收。仅保留句子本身可独立检索的诗句、传统联语、古典成句、成语俗语、文学典故、宗教/外文格言与少量李敖式仿古成句。
LAXA50-220	keep-first-pass	中文成语	同室操戈	传统成语	031.至今犹忆李将军.txt	3	3	本书在相关章节引用或使用“同室操戈”，首轮保留其可独立检索的中文成语性质。	首轮保守收录：《笑傲五十年》多为自述、人格论、历史人物与时政评论混合文本；现代党政攻防、司法/外交/统独判断、人物政治评价、口号式语录不收。仅保留句子本身可独立检索的诗句、传统联语、古典成句、成语俗语、文学典故、宗教/外文格言与少量李敖式仿古成句。
LAXA50-221	keep-first-pass	中文成语	毁家纾难	传统成语	032.只因没有长毛，不怕被戴红帽.txt	5	5	本书在相关章节引用或使用“毁家纾难”，首轮保留其可独立检索的中文成语性质。	首轮保守收录：《笑傲五十年》多为自述、人格论、历史人物与时政评论混合文本；现代党政攻防、司法/外交/统独判断、人物政治评价、口号式语录不收。仅保留句子本身可独立检索的诗句、传统联语、古典成句、成语俗语、文学典故、宗教/外文格言与少量李敖式仿古成句。
LAXA50-222	keep-first-pass	古典诗句	无端来作岭南人，朱橘黄蕉斗岁新。	陈寅恪诗句	033.谁要来台湾？.txt	33	33	本书在相关章节引用或使用“无端来作岭南人，朱橘黄蕉斗岁新。”，首轮保留其可独立检索的古典诗句性质。	首轮保守收录：《笑傲五十年》多为自述、人格论、历史人物与时政评论混合文本；现代党政攻防、司法/外交/统独判断、人物政治评价、口号式语录不收。仅保留句子本身可独立检索的诗句、传统联语、古典成句、成语俗语、文学典故、宗教/外文格言与少量李敖式仿古成句。
LAXA50-223	keep-first-pass	中文成语	一厢情愿	传统成语	033.谁要来台湾？.txt	43	43	本书在相关章节引用或使用“一厢情愿”，首轮保留其可独立检索的中文成语性质。	首轮保守收录：《笑傲五十年》多为自述、人格论、历史人物与时政评论混合文本；现代党政攻防、司法/外交/统独判断、人物政治评价、口号式语录不收。仅保留句子本身可独立检索的诗句、传统联语、古典成句、成语俗语、文学典故、宗教/外文格言与少量李敖式仿古成句。
LAXA50-224	keep-first-pass	中文成语	恍然大悟	传统成语	035.给书呆子上一课.txt	15	15	本书在相关章节引用或使用“恍然大悟”，首轮保留其可独立检索的中文成语性质。	首轮保守收录：《笑傲五十年》多为自述、人格论、历史人物与时政评论混合文本；现代党政攻防、司法/外交/统独判断、人物政治评价、口号式语录不收。仅保留句子本身可独立检索的诗句、传统联语、古典成句、成语俗语、文学典故、宗教/外文格言与少量李敖式仿古成句。
LAXA50-225	keep-first-pass	中文成语	不知所云	传统成语	035.给书呆子上一课.txt	19	19	本书在相关章节引用或使用“不知所云”，首轮保留其可独立检索的中文成语性质。	首轮保守收录：《笑傲五十年》多为自述、人格论、历史人物与时政评论混合文本；现代党政攻防、司法/外交/统独判断、人物政治评价、口号式语录不收。仅保留句子本身可独立检索的诗句、传统联语、古典成句、成语俗语、文学典故、宗教/外文格言与少量李敖式仿古成句。
LAXA50-226	keep-first-pass	中文成语	故弄玄虚	传统成语	035.给书呆子上一课.txt	19	19	本书在相关章节引用或使用“故弄玄虚”，首轮保留其可独立检索的中文成语性质。	首轮保守收录：《笑傲五十年》多为自述、人格论、历史人物与时政评论混合文本；现代党政攻防、司法/外交/统独判断、人物政治评价、口号式语录不收。仅保留句子本身可独立检索的诗句、传统联语、古典成句、成语俗语、文学典故、宗教/外文格言与少量李敖式仿古成句。
LAXA50-227	keep-first-pass	中文成语	咬文嚼字	传统成语	035.给书呆子上一课.txt	39	39	本书在相关章节引用或使用“咬文嚼字”，首轮保留其可独立检索的中文成语性质。	首轮保守收录：《笑傲五十年》多为自述、人格论、历史人物与时政评论混合文本；现代党政攻防、司法/外交/统独判断、人物政治评价、口号式语录不收。仅保留句子本身可独立检索的诗句、传统联语、古典成句、成语俗语、文学典故、宗教/外文格言与少量李敖式仿古成句。
LAXA50-228	keep-first-pass	中文成语	别有用心	传统成语	035.给书呆子上一课.txt	43	43	本书在相关章节引用或使用“别有用心”，首轮保留其可独立检索的中文成语性质。	首轮保守收录：《笑傲五十年》多为自述、人格论、历史人物与时政评论混合文本；现代党政攻防、司法/外交/统独判断、人物政治评价、口号式语录不收。仅保留句子本身可独立检索的诗句、传统联语、古典成句、成语俗语、文学典故、宗教/外文格言与少量李敖式仿古成句。
LAXA50-229	keep-first-pass	中文成语	轻描淡写	传统成语	035.给书呆子上一课.txt	71	71	本书在相关章节引用或使用“轻描淡写”，首轮保留其可独立检索的中文成语性质。	首轮保守收录：《笑傲五十年》多为自述、人格论、历史人物与时政评论混合文本；现代党政攻防、司法/外交/统独判断、人物政治评价、口号式语录不收。仅保留句子本身可独立检索的诗句、传统联语、古典成句、成语俗语、文学典故、宗教/外文格言与少量李敖式仿古成句。
LAXA50-230	keep-first-pass	中文熟语	障眼法	传统熟语	035.给书呆子上一课.txt	71	71	本书在相关章节引用或使用“障眼法”，首轮保留其可独立检索的中文熟语性质。	首轮保守收录：《笑傲五十年》多为自述、人格论、历史人物与时政评论混合文本；现代党政攻防、司法/外交/统独判断、人物政治评价、口号式语录不收。仅保留句子本身可独立检索的诗句、传统联语、古典成句、成语俗语、文学典故、宗教/外文格言与少量李敖式仿古成句。
LAXA50-231	keep-first-pass	中文成语	不成体统	传统成语	035.给书呆子上一课.txt	83	83	本书在相关章节引用或使用“不成体统”，首轮保留其可独立检索的中文成语性质。	首轮保守收录：《笑傲五十年》多为自述、人格论、历史人物与时政评论混合文本；现代党政攻防、司法/外交/统独判断、人物政治评价、口号式语录不收。仅保留句子本身可独立检索的诗句、传统联语、古典成句、成语俗语、文学典故、宗教/外文格言与少量李敖式仿古成句。
LAXA50-232	keep-first-pass	中文俗语	拍马屁	传统俗语	035.给书呆子上一课.txt	83	83	本书在相关章节引用或使用“拍马屁”，首轮保留其可独立检索的中文俗语性质。	首轮保守收录：《笑傲五十年》多为自述、人格论、历史人物与时政评论混合文本；现代党政攻防、司法/外交/统独判断、人物政治评价、口号式语录不收。仅保留句子本身可独立检索的诗句、传统联语、古典成句、成语俗语、文学典故、宗教/外文格言与少量李敖式仿古成句。
LAXA50-233	keep-first-pass	中文成语	集思广益	传统成语	035.给书呆子上一课.txt	85	85	本书在相关章节引用或使用“集思广益”，首轮保留其可独立检索的中文成语性质。	首轮保守收录：《笑傲五十年》多为自述、人格论、历史人物与时政评论混合文本；现代党政攻防、司法/外交/统独判断、人物政治评价、口号式语录不收。仅保留句子本身可独立检索的诗句、传统联语、古典成句、成语俗语、文学典故、宗教/外文格言与少量李敖式仿古成句。
LAXA50-234	keep-first-pass	中文成语	莫名其妙	传统成语	035.给书呆子上一课.txt	85	85	本书在相关章节引用或使用“莫名其妙”，首轮保留其可独立检索的中文成语性质。	首轮保守收录：《笑傲五十年》多为自述、人格论、历史人物与时政评论混合文本；现代党政攻防、司法/外交/统独判断、人物政治评价、口号式语录不收。仅保留句子本身可独立检索的诗句、传统联语、古典成句、成语俗语、文学典故、宗教/外文格言与少量李敖式仿古成句。
LAXA50-235	keep-first-pass	佛教成语	当头棒喝	禅宗典故	036.给书呆子重修一课.txt	7	7	本书在相关章节引用或使用“当头棒喝”，首轮保留其可独立检索的佛教成语性质。	首轮保守收录：《笑傲五十年》多为自述、人格论、历史人物与时政评论混合文本；现代党政攻防、司法/外交/统独判断、人物政治评价、口号式语录不收。仅保留句子本身可独立检索的诗句、传统联语、古典成句、成语俗语、文学典故、宗教/外文格言与少量李敖式仿古成句。
LAXA50-236	keep-first-pass	中文成语	瞒天过海	传统成语	036.给书呆子重修一课.txt	49	49	本书在相关章节引用或使用“瞒天过海”，首轮保留其可独立检索的中文成语性质。	首轮保守收录：《笑傲五十年》多为自述、人格论、历史人物与时政评论混合文本；现代党政攻防、司法/外交/统独判断、人物政治评价、口号式语录不收。仅保留句子本身可独立检索的诗句、传统联语、古典成句、成语俗语、文学典故、宗教/外文格言与少量李敖式仿古成句。
LAXA50-237	keep-first-pass	中文俗语	冤大头	传统俗语	036.给书呆子重修一课.txt	123	123	本书在相关章节引用或使用“冤大头”，首轮保留其可独立检索的中文俗语性质。	首轮保守收录：《笑傲五十年》多为自述、人格论、历史人物与时政评论混合文本；现代党政攻防、司法/外交/统独判断、人物政治评价、口号式语录不收。仅保留句子本身可独立检索的诗句、传统联语、古典成句、成语俗语、文学典故、宗教/外文格言与少量李敖式仿古成句。
LAXA50-238	keep-first-pass	中文成语	强词夺理	传统成语	036.给书呆子重修一课.txt	131	131	本书在相关章节引用或使用“强词夺理”，首轮保留其可独立检索的中文成语性质。	首轮保守收录：《笑傲五十年》多为自述、人格论、历史人物与时政评论混合文本；现代党政攻防、司法/外交/统独判断、人物政治评价、口号式语录不收。仅保留句子本身可独立检索的诗句、传统联语、古典成句、成语俗语、文学典故、宗教/外文格言与少量李敖式仿古成句。
LAXA50-239	keep-first-pass	中文成语	同流合污	传统成语	037.帮李远哲复习一课.txt	9	9	本书在相关章节引用或使用“同流合污”，首轮保留其可独立检索的中文成语性质。	首轮保守收录：《笑傲五十年》多为自述、人格论、历史人物与时政评论混合文本；现代党政攻防、司法/外交/统独判断、人物政治评价、口号式语录不收。仅保留句子本身可独立检索的诗句、传统联语、古典成句、成语俗语、文学典故、宗教/外文格言与少量李敖式仿古成句。
LAXA50-240	keep-first-pass	中文成语	呼之欲出	传统成语	037.帮李远哲复习一课.txt	209	209	本书在相关章节引用或使用“呼之欲出”，首轮保留其可独立检索的中文成语性质。	首轮保守收录：《笑傲五十年》多为自述、人格论、历史人物与时政评论混合文本；现代党政攻防、司法/外交/统独判断、人物政治评价、口号式语录不收。仅保留句子本身可独立检索的诗句、传统联语、古典成句、成语俗语、文学典故、宗教/外文格言与少量李敖式仿古成句。
