score	file	line	text	reasons	context
12	005.评改余光中的一首译诗.txt	11	The Concise Treasury of Great Poems	external-cue,quote-like,latin-text	书中最引我注意的是桑塔亚纳那首《悲悼》。余光中把英文原题印成With You a Part of me，显然就有问题。因为这诗本是桑塔亚纳《给W. P. 》（To W. P.）诗的第二首，余光中的错误，可断定是照抄Louis Untermeyer的“The Concise Treasury of Great Poems”而来。因为Louis Untermeyer书中第397页里，有介绍桑塔亚纳的原文是：
12	051.《我们七个》.txt	173	Three in all	external-cue,quote-like,latin-text	看到奂均的情况后，使我联想到华兹华斯的《我们七个》这首诗（很巧，当时奂均的年龄跟诗中小女孩的年龄同为八岁），重翻读之，愈使我对奂均放心，自己愈感到安慰。大人们总是容易低估小孩子的心灵境界和生命力了，大人们的多愁善感，对小孩子来讲是多余的，我们未免太操心了吧！现在如果有人问奂均，你有几个姐妹，她一定回答“Three in all”，而且会一直坚持“We are three”到底，愈是手足情深，愈会如此。
12	051.《我们七个》.txt	173	We are three	external-cue,quote-like,latin-text	看到奂均的情况后，使我联想到华兹华斯的《我们七个》这首诗（很巧，当时奂均的年龄跟诗中小女孩的年龄同为八岁），重翻读之，愈使我对奂均放心，自己愈感到安慰。大人们总是容易低估小孩子的心灵境界和生命力了，大人们的多愁善感，对小孩子来讲是多余的，我们未免太操心了吧！现在如果有人问奂均，你有几个姐妹，她一定回答“Three in all”，而且会一直坚持“We are three”到底，愈是手足情深，愈会如此。
12	060.关于《丽达与天鹅》.txt	79	Above the staggering girl	external-cue,quote-like,latin-text	二、由第一行之“the great wings beating still”到第二行之 “Above the staggering girl”的英文，余译为“巨翼犹兀自拍动，扇着欲坠的少女”云云，是译错了文法结构，就翻译讲，似是个很大错误。因“Above the staggering girl”是说明“the great wings beating still”之空间位置的片语也。就片语结构言，为一prepositional phrase；就片语作用言，为一adverbial phrase。再说staggering girl，意为摇摇摆摆的少女，或悬空摇摆的少女，而不宜译为“欲坠的少女”。
12	060.关于《丽达与天鹅》.txt	79	Above the staggering girl	external-cue,quote-like,latin-text	二、由第一行之“the great wings beating still”到第二行之 “Above the staggering girl”的英文，余译为“巨翼犹兀自拍动，扇着欲坠的少女”云云，是译错了文法结构，就翻译讲，似是个很大错误。因“Above the staggering girl”是说明“the great wings beating still”之空间位置的片语也。就片语结构言，为一prepositional phrase；就片语作用言，为一adverbial phrase。再说staggering girl，意为摇摇摆摆的少女，或悬空摇摆的少女，而不宜译为“欲坠的少女”。
12	060.关于《丽达与天鹅》.txt	79	the great wings beating still	external-cue,quote-like,latin-text	二、由第一行之“the great wings beating still”到第二行之 “Above the staggering girl”的英文，余译为“巨翼犹兀自拍动，扇着欲坠的少女”云云，是译错了文法结构，就翻译讲，似是个很大错误。因“Above the staggering girl”是说明“the great wings beating still”之空间位置的片语也。就片语结构言，为一prepositional phrase；就片语作用言，为一adverbial phrase。再说staggering girl，意为摇摇摆摆的少女，或悬空摇摆的少女，而不宜译为“欲坠的少女”。
12	060.关于《丽达与天鹅》.txt	79	the great wings beating still	external-cue,quote-like,latin-text	二、由第一行之“the great wings beating still”到第二行之 “Above the staggering girl”的英文，余译为“巨翼犹兀自拍动，扇着欲坠的少女”云云，是译错了文法结构，就翻译讲，似是个很大错误。因“Above the staggering girl”是说明“the great wings beating still”之空间位置的片语也。就片语结构言，为一prepositional phrase；就片语作用言，为一adverbial phrase。再说staggering girl，意为摇摇摆摆的少女，或悬空摇摆的少女，而不宜译为“欲坠的少女”。
12	060.关于《丽达与天鹅》.txt	87	The feathered glory from her loosening thighs	external-cue,quote-like,latin-text	六、第六行之“The feathered glory from her loosening thighs”，余译之为“她松弛的股间，那羽化的宠幸”云云，似也没有译出“大鸟宠幸少女作爱之顷的实况”意味。那实况意味，似为“少女的松软双股之间，承受鸟毛宠幸的那阵毛茸茸感受”也。
12	060.关于《丽达与天鹅》.txt	91	And Agamemnon dead	external-cue,quote-like,latin-text	八、第十一行之“And Agamemnon dead”，余译为“而亚嘉曼农死去”。窃以若译为“和亚嘉曼农遭妻杀害”岂不更好些？再者，“亚嘉曼农之被妻杀害”，本是与前面的“残壁断垣”，“被烧毁的屋顶楼城”，都是那“鸟人作爱”酿成的累积祸事。故“The broken wall，the burning roof and tower/ And Agamemnon dead”中的这个“And”，语法结构上的词性意义（the meaning of the part of speech），是个accumulative conjunction（累积连接词）。但余译为“而”，而非“而且”，不仅不足以显示And的累积连接词的作用意思，且还会被人看成有contrary conjunction（反意连接词）的意味了。翻译语词句子，对其中关键字（key word）的词类功能、语法构造地位，以及字之隐义和显义，都须严格把握住才好。
10	《爱情的秘密》前置词.txt	3	‘诗’内瘴	external-cue,quote-like,chinese-compact	眼前的所谓诗人，不论新旧，都不承认李敖是诗人，这就恰像骗子不承认君子是君子一样。所谓新诗人也好、旧诗人也罢，其实都是自欺欺人的骗子，李敖拆穿了他们，并且以真正诗人的眼睛、用真正诗的语言，为上当的读者指点迷津，脱离“‘诗’内瘴”。
10	001.爱情的秘密.txt	7	但无言语空相骂	external-cue,quote-like,chinese-compact	就实际生活方面说，世间最深切的莫如男女爱情。爱情摆在肚子里面比摆在口头上面来得恳切。“齐心同所愿，含意俱未伸”和“但无言语空相骂”，比较“细语温存”“怜我怜卿”的滋味还要更加甜蜜，英国诗人布莱克（Blake）有一首诗叫做《爱情之秘》（Love's Secret）里面说：
10	001.爱情的秘密.txt	7	怜我怜卿	external-cue,quote-like,chinese-compact	就实际生活方面说，世间最深切的莫如男女爱情。爱情摆在肚子里面比摆在口头上面来得恳切。“齐心同所愿，含意俱未伸”和“但无言语空相骂”，比较“细语温存”“怜我怜卿”的滋味还要更加甜蜜，英国诗人布莱克（Blake）有一首诗叫做《爱情之秘》（Love's Secret）里面说：
10	001.爱情的秘密.txt	7	齐心同所愿，含意俱未伸	external-cue,quote-like,chinese-compact	就实际生活方面说，世间最深切的莫如男女爱情。爱情摆在肚子里面比摆在口头上面来得恳切。“齐心同所愿，含意俱未伸”和“但无言语空相骂”，比较“细语温存”“怜我怜卿”的滋味还要更加甜蜜，英国诗人布莱克（Blake）有一首诗叫做《爱情之秘》（Love's Secret）里面说：
10	001.爱情的秘密.txt	7	细语温存	external-cue,quote-like,chinese-compact	就实际生活方面说，世间最深切的莫如男女爱情。爱情摆在肚子里面比摆在口头上面来得恳切。“齐心同所愿，含意俱未伸”和“但无言语空相骂”，比较“细语温存”“怜我怜卿”的滋味还要更加甜蜜，英国诗人布莱克（Blake）有一首诗叫做《爱情之秘》（Love's Secret）里面说：
10	001.爱情的秘密.txt	19	不着一字，尽得风流	external-cue,quote-like,chinese-compact	这首布莱克的诗，颇有《诗品》中“不着一字，尽得风流”的境界。原诗如下：
10	001.爱情的秘密.txt	81	诗无能者	external-cue,quote-like,chinese-compact,political-cue	译得虽然不满意，但总觉得比朱译稍胜。我认为诗以有韵为上，没韵的诗，只证明了掌握中文能力的不足。台湾的所谓诗人和译诗家，既不诗又不韵，像性无能者一般，是“诗无能者”，却整天以阳痿行骗，真是笑话极矣！
10	005.评改余光中的一首译诗.txt	7	并非尽属一流作品	external-cue,quote-like,chinese-compact	余光中说他是“新诗的信徒，也是现代诗的拥护者”。但这本书中所选，“并非尽属一流作品”。因为“译诗一如钓鱼，钓上一条算一条，要指定译者非钓上海中那一条鱼不可，是很难的”。这是余光中的精巧声明。
10	005.评改余光中的一首译诗.txt	7	新诗的信徒，也是现代诗的拥护者	external-cue,quote-like,chinese-compact	余光中说他是“新诗的信徒，也是现代诗的拥护者”。但这本书中所选，“并非尽属一流作品”。因为“译诗一如钓鱼，钓上一条算一条，要指定译者非钓上海中那一条鱼不可，是很难的”。这是余光中的精巧声明。
10	005.评改余光中的一首译诗.txt	7	译诗一如钓鱼，钓上一条算一条，要指定译者非钓上海中那一条鱼不可，是很难的	external-cue,quote-like,chinese-compact	余光中说他是“新诗的信徒，也是现代诗的拥护者”。但这本书中所选，“并非尽属一流作品”。因为“译诗一如钓鱼，钓上一条算一条，要指定译者非钓上海中那一条鱼不可，是很难的”。这是余光中的精巧声明。
10	020.菩萨写诗.txt	3	人权日夜	external-cue,quote-like,chinese-compact,political-cue	李筱峰在去年12月10日“人权日夜”，在贺年片上写《叙近况致敖之先生》七绝一首，原诗是——
10	036.两亿年在你手里.txt	55	所过者化，所存者神	external-cue,quote-like,chinese-compact,political-cue	地质学上，“三叠纪”是Triassic，“中生代”是Mesozoic，“菊石”（鹦鹉螺化石）是ammonite。中国古人说“所过者化，所存者神”，化石给我的感觉，正是如此。
10	051.《我们七个》.txt	175	胡李译本	external-cue,quote-like,chinese-compact	华兹华斯这首We Are Seven的诗，非常美，朗诵时，诗中小女孩外表的模样和与大人对话的神情，会浮现于眼前，怜惜之情，油然而生，实在太美太美了。今“胡李译本”已竣，我仍希望能借着你的丽笔，公之于世，飨宴你的读者，证明你也具有“软体”成分的一面。
10	059.以山谷之道，还治其身.txt	3	狞面目恶气象	external-cue,quote-like,chinese-compact	宋朝诗人黄庭坚（字鲁直，自号山谷道人，又号涪翁）的诗，曾被骂为“邪思之尤者”（张戒《岁寒堂诗话》）、《剽窃之黠者》（王若虚《滹南诗话》），并且是“狞面目恶气象”者（冯班《钝吟杂录》），但是我却喜欢，尤喜欢他的《武昌松风阁》诗。全诗是：
10	059.以山谷之道，还治其身.txt	3	邪思之尤者	external-cue,quote-like,chinese-compact	宋朝诗人黄庭坚（字鲁直，自号山谷道人，又号涪翁）的诗，曾被骂为“邪思之尤者”（张戒《岁寒堂诗话》）、《剽窃之黠者》（王若虚《滹南诗话》），并且是“狞面目恶气象”者（冯班《钝吟杂录》），但是我却喜欢，尤喜欢他的《武昌松风阁》诗。全诗是：
10	059.以山谷之道，还治其身.txt	7	百年夜分半，一岁春无多	external-cue,quote-like,chinese-compact	黄庭坚是“江西诗派”的开山人。他生的时代，已是古今上万首诗做过了的时代，在上万首诗的围写下，什么感慨、什么呻吟，差不多都写完了；所有诗中的词汇，什么怀乡、什么断肠，也差不多都排列组合完了。诗人再想创造出新的诗句，已经有难以落笔之苦。在这种古人已先得我心的不公平情况下，黄庭坚巧妙的推出了“换骨法”与“脱胎法”。“不易其意而造其语”，是“换骨法”；“规模其意而形容之”，是“脱胎法”。在这一脱胎换骨的理论下，李白的“人烟寒橘柚，秋色老梧桐”，被黄庭坚一动手脚，便成了他自己的“人家围橘柚，秋色老梧桐”；白居易的“百年夜分半，一岁春无多”，被黄庭坚一动手脚，便成了他自己的“百年中去夜分半，一岁无多春再来”；王安石的“只向贫家促机杼，几家能有一钩丝”，被黄庭坚一动手脚，便成了他自己的“莫作秋虫促机杼，贫家能有几钩丝”……这种改陈出新的构想，我认为很不错。
10	059.以山谷之道，还治其身.txt	7	百年中去夜分半，一岁无多春再来	external-cue,quote-like,chinese-compact	黄庭坚是“江西诗派”的开山人。他生的时代，已是古今上万首诗做过了的时代，在上万首诗的围写下，什么感慨、什么呻吟，差不多都写完了；所有诗中的词汇，什么怀乡、什么断肠，也差不多都排列组合完了。诗人再想创造出新的诗句，已经有难以落笔之苦。在这种古人已先得我心的不公平情况下，黄庭坚巧妙的推出了“换骨法”与“脱胎法”。“不易其意而造其语”，是“换骨法”；“规模其意而形容之”，是“脱胎法”。在这一脱胎换骨的理论下，李白的“人烟寒橘柚，秋色老梧桐”，被黄庭坚一动手脚，便成了他自己的“人家围橘柚，秋色老梧桐”；白居易的“百年夜分半，一岁春无多”，被黄庭坚一动手脚，便成了他自己的“百年中去夜分半，一岁无多春再来”；王安石的“只向贫家促机杼，几家能有一钩丝”，被黄庭坚一动手脚，便成了他自己的“莫作秋虫促机杼，贫家能有几钩丝”……这种改陈出新的构想，我认为很不错。
10	059.以山谷之道，还治其身.txt	7	不易其意而造其语	external-cue,quote-like,chinese-compact	黄庭坚是“江西诗派”的开山人。他生的时代，已是古今上万首诗做过了的时代，在上万首诗的围写下，什么感慨、什么呻吟，差不多都写完了；所有诗中的词汇，什么怀乡、什么断肠，也差不多都排列组合完了。诗人再想创造出新的诗句，已经有难以落笔之苦。在这种古人已先得我心的不公平情况下，黄庭坚巧妙的推出了“换骨法”与“脱胎法”。“不易其意而造其语”，是“换骨法”；“规模其意而形容之”，是“脱胎法”。在这一脱胎换骨的理论下，李白的“人烟寒橘柚，秋色老梧桐”，被黄庭坚一动手脚，便成了他自己的“人家围橘柚，秋色老梧桐”；白居易的“百年夜分半，一岁春无多”，被黄庭坚一动手脚，便成了他自己的“百年中去夜分半，一岁无多春再来”；王安石的“只向贫家促机杼，几家能有一钩丝”，被黄庭坚一动手脚，便成了他自己的“莫作秋虫促机杼，贫家能有几钩丝”……这种改陈出新的构想，我认为很不错。
10	059.以山谷之道，还治其身.txt	7	规模其意而形容之	external-cue,quote-like,chinese-compact	黄庭坚是“江西诗派”的开山人。他生的时代，已是古今上万首诗做过了的时代，在上万首诗的围写下，什么感慨、什么呻吟，差不多都写完了；所有诗中的词汇，什么怀乡、什么断肠，也差不多都排列组合完了。诗人再想创造出新的诗句，已经有难以落笔之苦。在这种古人已先得我心的不公平情况下，黄庭坚巧妙的推出了“换骨法”与“脱胎法”。“不易其意而造其语”，是“换骨法”；“规模其意而形容之”，是“脱胎法”。在这一脱胎换骨的理论下，李白的“人烟寒橘柚，秋色老梧桐”，被黄庭坚一动手脚，便成了他自己的“人家围橘柚，秋色老梧桐”；白居易的“百年夜分半，一岁春无多”，被黄庭坚一动手脚，便成了他自己的“百年中去夜分半，一岁无多春再来”；王安石的“只向贫家促机杼，几家能有一钩丝”，被黄庭坚一动手脚，便成了他自己的“莫作秋虫促机杼，贫家能有几钩丝”……这种改陈出新的构想，我认为很不错。
10	059.以山谷之道，还治其身.txt	7	江西诗派	external-cue,quote-like,chinese-compact	黄庭坚是“江西诗派”的开山人。他生的时代，已是古今上万首诗做过了的时代，在上万首诗的围写下，什么感慨、什么呻吟，差不多都写完了；所有诗中的词汇，什么怀乡、什么断肠，也差不多都排列组合完了。诗人再想创造出新的诗句，已经有难以落笔之苦。在这种古人已先得我心的不公平情况下，黄庭坚巧妙的推出了“换骨法”与“脱胎法”。“不易其意而造其语”，是“换骨法”；“规模其意而形容之”，是“脱胎法”。在这一脱胎换骨的理论下，李白的“人烟寒橘柚，秋色老梧桐”，被黄庭坚一动手脚，便成了他自己的“人家围橘柚，秋色老梧桐”；白居易的“百年夜分半，一岁春无多”，被黄庭坚一动手脚，便成了他自己的“百年中去夜分半，一岁无多春再来”；王安石的“只向贫家促机杼，几家能有一钩丝”，被黄庭坚一动手脚，便成了他自己的“莫作秋虫促机杼，贫家能有几钩丝”……这种改陈出新的构想，我认为很不错。
10	059.以山谷之道，还治其身.txt	7	莫作秋虫促机杼，贫家能有几钩丝	external-cue,quote-like,chinese-compact	黄庭坚是“江西诗派”的开山人。他生的时代，已是古今上万首诗做过了的时代，在上万首诗的围写下，什么感慨、什么呻吟，差不多都写完了；所有诗中的词汇，什么怀乡、什么断肠，也差不多都排列组合完了。诗人再想创造出新的诗句，已经有难以落笔之苦。在这种古人已先得我心的不公平情况下，黄庭坚巧妙的推出了“换骨法”与“脱胎法”。“不易其意而造其语”，是“换骨法”；“规模其意而形容之”，是“脱胎法”。在这一脱胎换骨的理论下，李白的“人烟寒橘柚，秋色老梧桐”，被黄庭坚一动手脚，便成了他自己的“人家围橘柚，秋色老梧桐”；白居易的“百年夜分半，一岁春无多”，被黄庭坚一动手脚，便成了他自己的“百年中去夜分半，一岁无多春再来”；王安石的“只向贫家促机杼，几家能有一钩丝”，被黄庭坚一动手脚，便成了他自己的“莫作秋虫促机杼，贫家能有几钩丝”……这种改陈出新的构想，我认为很不错。
10	059.以山谷之道，还治其身.txt	7	人家围橘柚，秋色老梧桐	external-cue,quote-like,chinese-compact	黄庭坚是“江西诗派”的开山人。他生的时代，已是古今上万首诗做过了的时代，在上万首诗的围写下，什么感慨、什么呻吟，差不多都写完了；所有诗中的词汇，什么怀乡、什么断肠，也差不多都排列组合完了。诗人再想创造出新的诗句，已经有难以落笔之苦。在这种古人已先得我心的不公平情况下，黄庭坚巧妙的推出了“换骨法”与“脱胎法”。“不易其意而造其语”，是“换骨法”；“规模其意而形容之”，是“脱胎法”。在这一脱胎换骨的理论下，李白的“人烟寒橘柚，秋色老梧桐”，被黄庭坚一动手脚，便成了他自己的“人家围橘柚，秋色老梧桐”；白居易的“百年夜分半，一岁春无多”，被黄庭坚一动手脚，便成了他自己的“百年中去夜分半，一岁无多春再来”；王安石的“只向贫家促机杼，几家能有一钩丝”，被黄庭坚一动手脚，便成了他自己的“莫作秋虫促机杼，贫家能有几钩丝”……这种改陈出新的构想，我认为很不错。
10	059.以山谷之道，还治其身.txt	7	人烟寒橘柚，秋色老梧桐	external-cue,quote-like,chinese-compact	黄庭坚是“江西诗派”的开山人。他生的时代，已是古今上万首诗做过了的时代，在上万首诗的围写下，什么感慨、什么呻吟，差不多都写完了；所有诗中的词汇，什么怀乡、什么断肠，也差不多都排列组合完了。诗人再想创造出新的诗句，已经有难以落笔之苦。在这种古人已先得我心的不公平情况下，黄庭坚巧妙的推出了“换骨法”与“脱胎法”。“不易其意而造其语”，是“换骨法”；“规模其意而形容之”，是“脱胎法”。在这一脱胎换骨的理论下，李白的“人烟寒橘柚，秋色老梧桐”，被黄庭坚一动手脚，便成了他自己的“人家围橘柚，秋色老梧桐”；白居易的“百年夜分半，一岁春无多”，被黄庭坚一动手脚，便成了他自己的“百年中去夜分半，一岁无多春再来”；王安石的“只向贫家促机杼，几家能有一钩丝”，被黄庭坚一动手脚，便成了他自己的“莫作秋虫促机杼，贫家能有几钩丝”……这种改陈出新的构想，我认为很不错。
10	059.以山谷之道，还治其身.txt	7	只向贫家促机杼，几家能有一钩丝	external-cue,quote-like,chinese-compact	黄庭坚是“江西诗派”的开山人。他生的时代，已是古今上万首诗做过了的时代，在上万首诗的围写下，什么感慨、什么呻吟，差不多都写完了；所有诗中的词汇，什么怀乡、什么断肠，也差不多都排列组合完了。诗人再想创造出新的诗句，已经有难以落笔之苦。在这种古人已先得我心的不公平情况下，黄庭坚巧妙的推出了“换骨法”与“脱胎法”。“不易其意而造其语”，是“换骨法”；“规模其意而形容之”，是“脱胎法”。在这一脱胎换骨的理论下，李白的“人烟寒橘柚，秋色老梧桐”，被黄庭坚一动手脚，便成了他自己的“人家围橘柚，秋色老梧桐”；白居易的“百年夜分半，一岁春无多”，被黄庭坚一动手脚，便成了他自己的“百年中去夜分半，一岁无多春再来”；王安石的“只向贫家促机杼，几家能有一钩丝”，被黄庭坚一动手脚，便成了他自己的“莫作秋虫促机杼，贫家能有几钩丝”……这种改陈出新的构想，我认为很不错。
10	060.关于《丽达与天鹅》.txt	79	巨翼犹兀自拍动，扇着欲坠的少女	external-cue,quote-like,chinese-compact	二、由第一行之“the great wings beating still”到第二行之 “Above the staggering girl”的英文，余译为“巨翼犹兀自拍动，扇着欲坠的少女”云云，是译错了文法结构，就翻译讲，似是个很大错误。因“Above the staggering girl”是说明“the great wings beating still”之空间位置的片语也。就片语结构言，为一prepositional phrase；就片语作用言，为一adverbial phrase。再说staggering girl，意为摇摇摆摆的少女，或悬空摇摆的少女，而不宜译为“欲坠的少女”。
10	060.关于《丽达与天鹅》.txt	79	欲坠的少女	external-cue,quote-like,chinese-compact	二、由第一行之“the great wings beating still”到第二行之 “Above the staggering girl”的英文，余译为“巨翼犹兀自拍动，扇着欲坠的少女”云云，是译错了文法结构，就翻译讲，似是个很大错误。因“Above the staggering girl”是说明“the great wings beating still”之空间位置的片语也。就片语结构言，为一prepositional phrase；就片语作用言，为一adverbial phrase。再说staggering girl，意为摇摇摆摆的少女，或悬空摇摆的少女，而不宜译为“欲坠的少女”。
10	060.关于《丽达与天鹅》.txt	87	大鸟宠幸少女作爱之顷的实况	external-cue,quote-like,chinese-compact	六、第六行之“The feathered glory from her loosening thighs”，余译之为“她松弛的股间，那羽化的宠幸”云云，似也没有译出“大鸟宠幸少女作爱之顷的实况”意味。那实况意味，似为“少女的松软双股之间，承受鸟毛宠幸的那阵毛茸茸感受”也。
10	060.关于《丽达与天鹅》.txt	87	少女的松软双股之间，承受鸟毛宠幸的那阵毛茸茸感受	external-cue,quote-like,chinese-compact	六、第六行之“The feathered glory from her loosening thighs”，余译之为“她松弛的股间，那羽化的宠幸”云云，似也没有译出“大鸟宠幸少女作爱之顷的实况”意味。那实况意味，似为“少女的松软双股之间，承受鸟毛宠幸的那阵毛茸茸感受”也。
10	060.关于《丽达与天鹅》.txt	87	她松弛的股间，那羽化的宠幸	external-cue,quote-like,chinese-compact	六、第六行之“The feathered glory from her loosening thighs”，余译之为“她松弛的股间，那羽化的宠幸”云云，似也没有译出“大鸟宠幸少女作爱之顷的实况”意味。那实况意味，似为“少女的松软双股之间，承受鸟毛宠幸的那阵毛茸茸感受”也。
10	060.关于《丽达与天鹅》.txt	91	被烧毁的屋顶楼城	external-cue,quote-like,chinese-compact	八、第十一行之“And Agamemnon dead”，余译为“而亚嘉曼农死去”。窃以若译为“和亚嘉曼农遭妻杀害”岂不更好些？再者，“亚嘉曼农之被妻杀害”，本是与前面的“残壁断垣”，“被烧毁的屋顶楼城”，都是那“鸟人作爱”酿成的累积祸事。故“The broken wall，the burning roof and tower/ And Agamemnon dead”中的这个“And”，语法结构上的词性意义（the meaning of the part of speech），是个accumulative conjunction（累积连接词）。但余译为“而”，而非“而且”，不仅不足以显示And的累积连接词的作用意思，且还会被人看成有contrary conjunction（反意连接词）的意味了。翻译语词句子，对其中关键字（key word）的词类功能、语法构造地位，以及字之隐义和显义，都须严格把握住才好。
10	060.关于《丽达与天鹅》.txt	91	残壁断垣	external-cue,quote-like,chinese-compact	八、第十一行之“And Agamemnon dead”，余译为“而亚嘉曼农死去”。窃以若译为“和亚嘉曼农遭妻杀害”岂不更好些？再者，“亚嘉曼农之被妻杀害”，本是与前面的“残壁断垣”，“被烧毁的屋顶楼城”，都是那“鸟人作爱”酿成的累积祸事。故“The broken wall，the burning roof and tower/ And Agamemnon dead”中的这个“And”，语法结构上的词性意义（the meaning of the part of speech），是个accumulative conjunction（累积连接词）。但余译为“而”，而非“而且”，不仅不足以显示And的累积连接词的作用意思，且还会被人看成有contrary conjunction（反意连接词）的意味了。翻译语词句子，对其中关键字（key word）的词类功能、语法构造地位，以及字之隐义和显义，都须严格把握住才好。
10	060.关于《丽达与天鹅》.txt	91	而亚嘉曼农死去	external-cue,quote-like,chinese-compact	八、第十一行之“And Agamemnon dead”，余译为“而亚嘉曼农死去”。窃以若译为“和亚嘉曼农遭妻杀害”岂不更好些？再者，“亚嘉曼农之被妻杀害”，本是与前面的“残壁断垣”，“被烧毁的屋顶楼城”，都是那“鸟人作爱”酿成的累积祸事。故“The broken wall，the burning roof and tower/ And Agamemnon dead”中的这个“And”，语法结构上的词性意义（the meaning of the part of speech），是个accumulative conjunction（累积连接词）。但余译为“而”，而非“而且”，不仅不足以显示And的累积连接词的作用意思，且还会被人看成有contrary conjunction（反意连接词）的意味了。翻译语词句子，对其中关键字（key word）的词类功能、语法构造地位，以及字之隐义和显义，都须严格把握住才好。
10	060.关于《丽达与天鹅》.txt	91	和亚嘉曼农遭妻杀害	external-cue,quote-like,chinese-compact	八、第十一行之“And Agamemnon dead”，余译为“而亚嘉曼农死去”。窃以若译为“和亚嘉曼农遭妻杀害”岂不更好些？再者，“亚嘉曼农之被妻杀害”，本是与前面的“残壁断垣”，“被烧毁的屋顶楼城”，都是那“鸟人作爱”酿成的累积祸事。故“The broken wall，the burning roof and tower/ And Agamemnon dead”中的这个“And”，语法结构上的词性意义（the meaning of the part of speech），是个accumulative conjunction（累积连接词）。但余译为“而”，而非“而且”，不仅不足以显示And的累积连接词的作用意思，且还会被人看成有contrary conjunction（反意连接词）的意味了。翻译语词句子，对其中关键字（key word）的词类功能、语法构造地位，以及字之隐义和显义，都须严格把握住才好。
10	060.关于《丽达与天鹅》.txt	91	鸟人作爱	external-cue,quote-like,chinese-compact	八、第十一行之“And Agamemnon dead”，余译为“而亚嘉曼农死去”。窃以若译为“和亚嘉曼农遭妻杀害”岂不更好些？再者，“亚嘉曼农之被妻杀害”，本是与前面的“残壁断垣”，“被烧毁的屋顶楼城”，都是那“鸟人作爱”酿成的累积祸事。故“The broken wall，the burning roof and tower/ And Agamemnon dead”中的这个“And”，语法结构上的词性意义（the meaning of the part of speech），是个accumulative conjunction（累积连接词）。但余译为“而”，而非“而且”，不仅不足以显示And的累积连接词的作用意思，且还会被人看成有contrary conjunction（反意连接词）的意味了。翻译语词句子，对其中关键字（key word）的词类功能、语法构造地位，以及字之隐义和显义，都须严格把握住才好。
10	060.关于《丽达与天鹅》.txt	91	亚嘉曼农之被妻杀害	external-cue,quote-like,chinese-compact	八、第十一行之“And Agamemnon dead”，余译为“而亚嘉曼农死去”。窃以若译为“和亚嘉曼农遭妻杀害”岂不更好些？再者，“亚嘉曼农之被妻杀害”，本是与前面的“残壁断垣”，“被烧毁的屋顶楼城”，都是那“鸟人作爱”酿成的累积祸事。故“The broken wall，the burning roof and tower/ And Agamemnon dead”中的这个“And”，语法结构上的词性意义（the meaning of the part of speech），是个accumulative conjunction（累积连接词）。但余译为“而”，而非“而且”，不仅不足以显示And的累积连接词的作用意思，且还会被人看成有contrary conjunction（反意连接词）的意味了。翻译语词句子，对其中关键字（key word）的词类功能、语法构造地位，以及字之隐义和显义，都须严格把握住才好。
10	060.关于《丽达与天鹅》.txt	97	咬文嚼字，不知所云	external-cue,quote-like,chinese-compact	如明了其语法结构，则其中译，似不应如余那样，将之译为“就这样被抓/被自天而降的暴力所凌驾”。依我看余译欠妥。且此复合分词片语，复和后面的第十三行与第十四行，在语法结构上，又合为一个complex sentence的句型。倘译者能明了之，则后二行之中译，就易捉住原诗意味了。可惜余译将最后两行的诗句意思，译得“咬文嚼字，不知所云”。而且译得也不押韵了，此或因其未能明了其语法结构之故吧？
10	060.关于《丽达与天鹅》.txt	209	寻寻觅觅，冷冷清清，凄凄惨惨戚戚	external-cue,quote-like,chinese-compact	我国当代诗人受西洋现代诗的影响至深。理论上说来，一个诗人是可以从译文去学习外国诗的，但是通常的情形是，他所学到的往往是主题和意象，而不是节奏和韵律，因为后者与原文语言的关系更为密切，简直是不可翻译。举个例子，李清照词中“只恐双溪舴艋舟，载不动，许多愁”的意象，译成英文并不太难，但是像“寻寻觅觅，冷冷清清，凄凄惨惨戚戚”一类的音调，即使勉强译成英文，也必然大打折扣了。因此以意象取胜的诗，像斯蒂芬克瑞因的作品，在译文中并不比在原文中逊色太多，但是以音调、语气或句法取胜的诗，像弗罗斯特的作品，在译文中就面目全非了。
10	060.关于《丽达与天鹅》.txt	209	只恐双溪舴艋舟，载不动，许多愁	external-cue,quote-like,chinese-compact	我国当代诗人受西洋现代诗的影响至深。理论上说来，一个诗人是可以从译文去学习外国诗的，但是通常的情形是，他所学到的往往是主题和意象，而不是节奏和韵律，因为后者与原文语言的关系更为密切，简直是不可翻译。举个例子，李清照词中“只恐双溪舴艋舟，载不动，许多愁”的意象，译成英文并不太难，但是像“寻寻觅觅，冷冷清清，凄凄惨惨戚戚”一类的音调，即使勉强译成英文，也必然大打折扣了。因此以意象取胜的诗，像斯蒂芬克瑞因的作品，在译文中并不比在原文中逊色太多，但是以音调、语气或句法取胜的诗，像弗罗斯特的作品，在译文中就面目全非了。
10	060.关于《丽达与天鹅》.txt	247	城廓丘墟、室塔灰烬、统帅丧亡	external-cue,quote-like,chinese-compact	我的翻译，有几点重要的处理：一、全篇用ang韵脚，在节奏和韵律上，最为可读。为迁就韵脚，在无伤大意下，偶稍做更动。如把“之上”之意，以“旁”代之。二、尽量以口语翻译，使人易于理解。偶有较文的词汇，也是用以增加简练与气氛的。例如读过文言文《洛阳伽蓝记》的人，读到“城廓丘墟、室塔灰烬、统帅丧亡”的句式，必然同此悲凉。三、中文第三人称“他”“她”同音，读起来会混淆，我把第四行的阳性第三人称，改以“天鹅”代替。四、“亚嘉曼农”（Agamemnon）是《木马屠城记》的希腊统帅，这种洋典故，干脆翻成统帅，反倒明白。五、最后用“天常”收尾。《荀子》有“天行有常”的话；《左传》有“帅彼天常”的话；《后汉书》有“董卓乱天常”的话。“天常”是天的常道。这首《丽达与天鹅》的主题，就在以象征手法写出天的常道，所以我以“天常”译之。
10	060.关于《丽达与天鹅》.txt	247	董卓乱天常	external-cue,quote-like,chinese-compact	我的翻译，有几点重要的处理：一、全篇用ang韵脚，在节奏和韵律上，最为可读。为迁就韵脚，在无伤大意下，偶稍做更动。如把“之上”之意，以“旁”代之。二、尽量以口语翻译，使人易于理解。偶有较文的词汇，也是用以增加简练与气氛的。例如读过文言文《洛阳伽蓝记》的人，读到“城廓丘墟、室塔灰烬、统帅丧亡”的句式，必然同此悲凉。三、中文第三人称“他”“她”同音，读起来会混淆，我把第四行的阳性第三人称，改以“天鹅”代替。四、“亚嘉曼农”（Agamemnon）是《木马屠城记》的希腊统帅，这种洋典故，干脆翻成统帅，反倒明白。五、最后用“天常”收尾。《荀子》有“天行有常”的话；《左传》有“帅彼天常”的话；《后汉书》有“董卓乱天常”的话。“天常”是天的常道。这首《丽达与天鹅》的主题，就在以象征手法写出天的常道，所以我以“天常”译之。
10	060.关于《丽达与天鹅》.txt	247	帅彼天常	external-cue,quote-like,chinese-compact	我的翻译，有几点重要的处理：一、全篇用ang韵脚，在节奏和韵律上，最为可读。为迁就韵脚，在无伤大意下，偶稍做更动。如把“之上”之意，以“旁”代之。二、尽量以口语翻译，使人易于理解。偶有较文的词汇，也是用以增加简练与气氛的。例如读过文言文《洛阳伽蓝记》的人，读到“城廓丘墟、室塔灰烬、统帅丧亡”的句式，必然同此悲凉。三、中文第三人称“他”“她”同音，读起来会混淆，我把第四行的阳性第三人称，改以“天鹅”代替。四、“亚嘉曼农”（Agamemnon）是《木马屠城记》的希腊统帅，这种洋典故，干脆翻成统帅，反倒明白。五、最后用“天常”收尾。《荀子》有“天行有常”的话；《左传》有“帅彼天常”的话；《后汉书》有“董卓乱天常”的话。“天常”是天的常道。这首《丽达与天鹅》的主题，就在以象征手法写出天的常道，所以我以“天常”译之。
10	060.关于《丽达与天鹅》.txt	247	天行有常	external-cue,quote-like,chinese-compact	我的翻译，有几点重要的处理：一、全篇用ang韵脚，在节奏和韵律上，最为可读。为迁就韵脚，在无伤大意下，偶稍做更动。如把“之上”之意，以“旁”代之。二、尽量以口语翻译，使人易于理解。偶有较文的词汇，也是用以增加简练与气氛的。例如读过文言文《洛阳伽蓝记》的人，读到“城廓丘墟、室塔灰烬、统帅丧亡”的句式，必然同此悲凉。三、中文第三人称“他”“她”同音，读起来会混淆，我把第四行的阳性第三人称，改以“天鹅”代替。四、“亚嘉曼农”（Agamemnon）是《木马屠城记》的希腊统帅，这种洋典故，干脆翻成统帅，反倒明白。五、最后用“天常”收尾。《荀子》有“天行有常”的话；《左传》有“帅彼天常”的话；《后汉书》有“董卓乱天常”的话。“天常”是天的常道。这首《丽达与天鹅》的主题，就在以象征手法写出天的常道，所以我以“天常”译之。
10	060.关于《丽达与天鹅》.txt	247	亚嘉曼农	external-cue,quote-like,chinese-compact	我的翻译，有几点重要的处理：一、全篇用ang韵脚，在节奏和韵律上，最为可读。为迁就韵脚，在无伤大意下，偶稍做更动。如把“之上”之意，以“旁”代之。二、尽量以口语翻译，使人易于理解。偶有较文的词汇，也是用以增加简练与气氛的。例如读过文言文《洛阳伽蓝记》的人，读到“城廓丘墟、室塔灰烬、统帅丧亡”的句式，必然同此悲凉。三、中文第三人称“他”“她”同音，读起来会混淆，我把第四行的阳性第三人称，改以“天鹅”代替。四、“亚嘉曼农”（Agamemnon）是《木马屠城记》的希腊统帅，这种洋典故，干脆翻成统帅，反倒明白。五、最后用“天常”收尾。《荀子》有“天行有常”的话；《左传》有“帅彼天常”的话；《后汉书》有“董卓乱天常”的话。“天常”是天的常道。这首《丽达与天鹅》的主题，就在以象征手法写出天的常道，所以我以“天常”译之。
10	060.关于《丽达与天鹅》.txt	271	灵视及历史哲学	external-cue,quote-like,chinese-compact	这里说叶慈的诗几乎难得窥出“灵视及历史哲学的推演”，“却把人神交媾写活了，太鲜活了”，事实上，诗的限度，也就在此。诗的本身并没有太大的说理的能力，对诗的过多阐释，事实上是一种乱猜、一种辞费，一如叶慈阐释天神宙斯的行为，事实上是一种乱猜、一种辞费一样。——我大屌神仙肏女人，只是寻乐子而已，何来什么“神谕”、什么“灵视及历史哲学”？叶慈的诗，也是很简单很动人很美的诗而已，也何来什么“神谕”、什么“灵视及历史哲学”？对大屌神仙说来，他自然是深通女人心理的家伙，他会认为对某些女人，行家知道是不能诱之点头的，唯一办法，其唯强奸乎？（这话翻成英文，或可说：Every sexually active man knows there are women who can't bring themselves to say“Yes,”but who respond to a little pushing. Is it rape ?）在强奸之下，丽达之流的美人，大腿自会loosening而不loosened。叶慈《丽达与天鹅》之诗，推其首功，在道出此一“天常”耳！舍此而外，若想把神的“大头”思想，靠“小头”传播，恐怕是开玩笑吧？——美女岂知其他“天常”哉？
10	060.关于《丽达与天鹅》.txt	271	灵视及历史哲学	external-cue,quote-like,chinese-compact	这里说叶慈的诗几乎难得窥出“灵视及历史哲学的推演”，“却把人神交媾写活了，太鲜活了”，事实上，诗的限度，也就在此。诗的本身并没有太大的说理的能力，对诗的过多阐释，事实上是一种乱猜、一种辞费，一如叶慈阐释天神宙斯的行为，事实上是一种乱猜、一种辞费一样。——我大屌神仙肏女人，只是寻乐子而已，何来什么“神谕”、什么“灵视及历史哲学”？叶慈的诗，也是很简单很动人很美的诗而已，也何来什么“神谕”、什么“灵视及历史哲学”？对大屌神仙说来，他自然是深通女人心理的家伙，他会认为对某些女人，行家知道是不能诱之点头的，唯一办法，其唯强奸乎？（这话翻成英文，或可说：Every sexually active man knows there are women who can't bring themselves to say“Yes,”but who respond to a little pushing. Is it rape ?）在强奸之下，丽达之流的美人，大腿自会loosening而不loosened。叶慈《丽达与天鹅》之诗，推其首功，在道出此一“天常”耳！舍此而外，若想把神的“大头”思想，靠“小头”传播，恐怕是开玩笑吧？——美女岂知其他“天常”哉？
10	060.关于《丽达与天鹅》.txt	271	灵视及历史哲学的推演	external-cue,quote-like,chinese-compact	这里说叶慈的诗几乎难得窥出“灵视及历史哲学的推演”，“却把人神交媾写活了，太鲜活了”，事实上，诗的限度，也就在此。诗的本身并没有太大的说理的能力，对诗的过多阐释，事实上是一种乱猜、一种辞费，一如叶慈阐释天神宙斯的行为，事实上是一种乱猜、一种辞费一样。——我大屌神仙肏女人，只是寻乐子而已，何来什么“神谕”、什么“灵视及历史哲学”？叶慈的诗，也是很简单很动人很美的诗而已，也何来什么“神谕”、什么“灵视及历史哲学”？对大屌神仙说来，他自然是深通女人心理的家伙，他会认为对某些女人，行家知道是不能诱之点头的，唯一办法，其唯强奸乎？（这话翻成英文，或可说：Every sexually active man knows there are women who can't bring themselves to say“Yes,”but who respond to a little pushing. Is it rape ?）在强奸之下，丽达之流的美人，大腿自会loosening而不loosened。叶慈《丽达与天鹅》之诗，推其首功，在道出此一“天常”耳！舍此而外，若想把神的“大头”思想，靠“小头”传播，恐怕是开玩笑吧？——美女岂知其他“天常”哉？
10	060.关于《丽达与天鹅》.txt	271	却把人神交媾写活了，太鲜活了	external-cue,quote-like,chinese-compact	这里说叶慈的诗几乎难得窥出“灵视及历史哲学的推演”，“却把人神交媾写活了，太鲜活了”，事实上，诗的限度，也就在此。诗的本身并没有太大的说理的能力，对诗的过多阐释，事实上是一种乱猜、一种辞费，一如叶慈阐释天神宙斯的行为，事实上是一种乱猜、一种辞费一样。——我大屌神仙肏女人，只是寻乐子而已，何来什么“神谕”、什么“灵视及历史哲学”？叶慈的诗，也是很简单很动人很美的诗而已，也何来什么“神谕”、什么“灵视及历史哲学”？对大屌神仙说来，他自然是深通女人心理的家伙，他会认为对某些女人，行家知道是不能诱之点头的，唯一办法，其唯强奸乎？（这话翻成英文，或可说：Every sexually active man knows there are women who can't bring themselves to say“Yes,”but who respond to a little pushing. Is it rape ?）在强奸之下，丽达之流的美人，大腿自会loosening而不loosened。叶慈《丽达与天鹅》之诗，推其首功，在道出此一“天常”耳！舍此而外，若想把神的“大头”思想，靠“小头”传播，恐怕是开玩笑吧？——美女岂知其他“天常”哉？
10	062.诗句的实验者.txt	21	诗句的实验者	external-cue,quote-like,chinese-compact	歌德写这首诗后十多年，在拿破仑大军压境之际，普鲁士王后露易莎（Louisa），出奔到一家小旅馆里。她感怀身世，用金刚钻戒指把这诗刻在玻璃窗上。显然的，这些诗句，印证在露易莎身上，其实比写诗的歌德自己更逼真。——有些人自己不是诗人，但他印证诗句，却往往超乎诗人之上。这种人，真可说是“诗句的实验者”了。
9	001.爱情的秘密.txt	15	爱情	external-cue,quote-like	这首短诗描写爱情上无言之美的势力，可谓透辟已极了。本来爱情全是一种心灵的感应，其深刻处老子所谓不可道不可名的。所以许多诗人以为“爱情”两个字本身就太滥太寻常太乏味，不能拿来写照男女间神圣深挚的情绪。
9	002.沙丘忆.txt	13	It gives me the shivers.	external-cue,latin-text	为了做这种节奏实验，有一次，陌生人举出15世纪马洛礼（Sir Thomas Malory）《亚瑟王之死》（Le Morte d'Arthur）中“骏马悲撕”（And the great horse grimly neighed）—段，要小孩子把眼睛闭上，慢慢念出这一句、体味这一句，问小男孩，你有什么感觉？小男孩说他闭眼一念，就“寒毛直竖”（“It gives me the shivers. ”）。陌生人大乐。
9	005.评改余光中的一首译诗.txt	3	译者希望这本小册子能符合初学英文诗者的需要。每首诗都中英对照，并附原文难解字句的诠释、创作的背景、形式的分析、作者的生平等等。	external-cue,quote-like	余光中《英诗译注》共收三十七首英诗。“译者希望这本小册子能符合初学英文诗者的需要。每首诗都中英对照，并附原文难解字句的诠释、创作的背景、形式的分析、作者的生平等等。”
9	028.“于人曰浩然，沛乎塞苍冥”.txt	53	青藤	external-cue,quote-like	这诗要读《论语》《楚辞》《陶渊明集》《寸心集》（居浩然著）《陆放翁集》《徐文长逸稿》《文文山集》等书以及蓬斯德莱昂（Ponce De Leon）《青春泉》（Fountain of Youth）等中外典故，才能完全读懂，我无法一一细为笺注了。只是有一个典故，倒颇该细说，那就是“青藤”一典。“青藤”是徐文长的号。
9	028.“于人曰浩然，沛乎塞苍冥”.txt	53	青藤	external-cue,quote-like	这诗要读《论语》《楚辞》《陶渊明集》《寸心集》（居浩然著）《陆放翁集》《徐文长逸稿》《文文山集》等书以及蓬斯德莱昂（Ponce De Leon）《青春泉》（Fountain of Youth）等中外典故，才能完全读懂，我无法一一细为笺注了。只是有一个典故，倒颇该细说，那就是“青藤”一典。“青藤”是徐文长的号。
9	035.万古风骚一羽毛.txt	3	江山代有才人出，各领风骚数百年。	external-cue,quote-like	唐朝杜甫诗写：“三分割据纡筹策，万古云霄一羽毛。”清朝赵翼诗写：“江山代有才人出，各领风骚数百年。”我合并他们的名句，写出这个题目。
9	035.万古风骚一羽毛.txt	3	三分割据纡筹策，万古云霄一羽毛。	external-cue,quote-like	唐朝杜甫诗写：“三分割据纡筹策，万古云霄一羽毛。”清朝赵翼诗写：“江山代有才人出，各领风骚数百年。”我合并他们的名句，写出这个题目。
9	036.两亿年在你手里.txt	55	菊石	external-cue,quote-like,political-cue	地质学上，“三叠纪”是Triassic，“中生代”是Mesozoic，“菊石”（鹦鹉螺化石）是ammonite。中国古人说“所过者化，所存者神”，化石给我的感觉，正是如此。
9	036.两亿年在你手里.txt	55	三叠纪	external-cue,quote-like,political-cue	地质学上，“三叠纪”是Triassic，“中生代”是Mesozoic，“菊石”（鹦鹉螺化石）是ammonite。中国古人说“所过者化，所存者神”，化石给我的感觉，正是如此。
9	036.两亿年在你手里.txt	55	中生代	external-cue,quote-like,political-cue	地质学上，“三叠纪”是Triassic，“中生代”是Mesozoic，“菊石”（鹦鹉螺化石）是ammonite。中国古人说“所过者化，所存者神”，化石给我的感觉，正是如此。
9	051.《我们七个》.txt	175	软体	external-cue,quote-like	华兹华斯这首We Are Seven的诗，非常美，朗诵时，诗中小女孩外表的模样和与大人对话的神情，会浮现于眼前，怜惜之情，油然而生，实在太美太美了。今“胡李译本”已竣，我仍希望能借着你的丽笔，公之于世，飨宴你的读者，证明你也具有“软体”成分的一面。
9	059.以山谷之道，还治其身.txt	7	换骨法	external-cue,quote-like	黄庭坚是“江西诗派”的开山人。他生的时代，已是古今上万首诗做过了的时代，在上万首诗的围写下，什么感慨、什么呻吟，差不多都写完了；所有诗中的词汇，什么怀乡、什么断肠，也差不多都排列组合完了。诗人再想创造出新的诗句，已经有难以落笔之苦。在这种古人已先得我心的不公平情况下，黄庭坚巧妙的推出了“换骨法”与“脱胎法”。“不易其意而造其语”，是“换骨法”；“规模其意而形容之”，是“脱胎法”。在这一脱胎换骨的理论下，李白的“人烟寒橘柚，秋色老梧桐”，被黄庭坚一动手脚，便成了他自己的“人家围橘柚，秋色老梧桐”；白居易的“百年夜分半，一岁春无多”，被黄庭坚一动手脚，便成了他自己的“百年中去夜分半，一岁无多春再来”；王安石的“只向贫家促机杼，几家能有一钩丝”，被黄庭坚一动手脚，便成了他自己的“莫作秋虫促机杼，贫家能有几钩丝”……这种改陈出新的构想，我认为很不错。
9	059.以山谷之道，还治其身.txt	7	换骨法	external-cue,quote-like	黄庭坚是“江西诗派”的开山人。他生的时代，已是古今上万首诗做过了的时代，在上万首诗的围写下，什么感慨、什么呻吟，差不多都写完了；所有诗中的词汇，什么怀乡、什么断肠，也差不多都排列组合完了。诗人再想创造出新的诗句，已经有难以落笔之苦。在这种古人已先得我心的不公平情况下，黄庭坚巧妙的推出了“换骨法”与“脱胎法”。“不易其意而造其语”，是“换骨法”；“规模其意而形容之”，是“脱胎法”。在这一脱胎换骨的理论下，李白的“人烟寒橘柚，秋色老梧桐”，被黄庭坚一动手脚，便成了他自己的“人家围橘柚，秋色老梧桐”；白居易的“百年夜分半，一岁春无多”，被黄庭坚一动手脚，便成了他自己的“百年中去夜分半，一岁无多春再来”；王安石的“只向贫家促机杼，几家能有一钩丝”，被黄庭坚一动手脚，便成了他自己的“莫作秋虫促机杼，贫家能有几钩丝”……这种改陈出新的构想，我认为很不错。
9	059.以山谷之道，还治其身.txt	7	脱胎法	external-cue,quote-like	黄庭坚是“江西诗派”的开山人。他生的时代，已是古今上万首诗做过了的时代，在上万首诗的围写下，什么感慨、什么呻吟，差不多都写完了；所有诗中的词汇，什么怀乡、什么断肠，也差不多都排列组合完了。诗人再想创造出新的诗句，已经有难以落笔之苦。在这种古人已先得我心的不公平情况下，黄庭坚巧妙的推出了“换骨法”与“脱胎法”。“不易其意而造其语”，是“换骨法”；“规模其意而形容之”，是“脱胎法”。在这一脱胎换骨的理论下，李白的“人烟寒橘柚，秋色老梧桐”，被黄庭坚一动手脚，便成了他自己的“人家围橘柚，秋色老梧桐”；白居易的“百年夜分半，一岁春无多”，被黄庭坚一动手脚，便成了他自己的“百年中去夜分半，一岁无多春再来”；王安石的“只向贫家促机杼，几家能有一钩丝”，被黄庭坚一动手脚，便成了他自己的“莫作秋虫促机杼，贫家能有几钩丝”……这种改陈出新的构想，我认为很不错。
9	059.以山谷之道，还治其身.txt	7	脱胎法	external-cue,quote-like	黄庭坚是“江西诗派”的开山人。他生的时代，已是古今上万首诗做过了的时代，在上万首诗的围写下，什么感慨、什么呻吟，差不多都写完了；所有诗中的词汇，什么怀乡、什么断肠，也差不多都排列组合完了。诗人再想创造出新的诗句，已经有难以落笔之苦。在这种古人已先得我心的不公平情况下，黄庭坚巧妙的推出了“换骨法”与“脱胎法”。“不易其意而造其语”，是“换骨法”；“规模其意而形容之”，是“脱胎法”。在这一脱胎换骨的理论下，李白的“人烟寒橘柚，秋色老梧桐”，被黄庭坚一动手脚，便成了他自己的“人家围橘柚，秋色老梧桐”；白居易的“百年夜分半，一岁春无多”，被黄庭坚一动手脚，便成了他自己的“百年中去夜分半，一岁无多春再来”；王安石的“只向贫家促机杼，几家能有一钩丝”，被黄庭坚一动手脚，便成了他自己的“莫作秋虫促机杼，贫家能有几钩丝”……这种改陈出新的构想，我认为很不错。
9	060.关于《丽达与天鹅》.txt	37	诗人	external-cue,quote-like,political-cue	谄媚国民党大员的西洋文学专家兼“诗人”余光中，在他的《英美现代诗选》里，曾把这首诗中译。译文如下：
9	060.关于《丽达与天鹅》.txt	77	A sudden blow	external-cue,latin-text	一、第一行开头“A sudden blow”的blow，余译为“攫”，窃以不如仍译“袭”或“击”，较合“天神宙斯窥见丽达某次浴于河上，乃化为天鹅，袭奸丽达”的希腊神话的意思。且“攫”是“用爪抓取”的意思，可引伸为“夺取”，似与blow的字义不合。故仍以译“袭”或“击”，既合希腊神话故事原意，又合blow的字义。
9	060.关于《丽达与天鹅》.txt	83	He holds her helpless breast upon his breast	external-cue,latin-text	四、第四行之“He holds her helpless breast upon his breast”，余译为“且拥她无助的乳房在他的胸脯”。窃觉余译得似无“泄欲逞暴”的意味。helpless breast，若译为“可怜的乳房”，似较“无助的乳房”胜；而upon在这里，似更有“霸王硬上弓”的“压在或抵住可怜乳房上面逞暴之势”的意味，余译中似都难以觉到此意。
9	060.关于《丽达与天鹅》.txt	91	而	external-cue,quote-like	八、第十一行之“And Agamemnon dead”，余译为“而亚嘉曼农死去”。窃以若译为“和亚嘉曼农遭妻杀害”岂不更好些？再者，“亚嘉曼农之被妻杀害”，本是与前面的“残壁断垣”，“被烧毁的屋顶楼城”，都是那“鸟人作爱”酿成的累积祸事。故“The broken wall，the burning roof and tower/ And Agamemnon dead”中的这个“And”，语法结构上的词性意义（the meaning of the part of speech），是个accumulative conjunction（累积连接词）。但余译为“而”，而非“而且”，不仅不足以显示And的累积连接词的作用意思，且还会被人看成有contrary conjunction（反意连接词）的意味了。翻译语词句子，对其中关键字（key word）的词类功能、语法构造地位，以及字之隐义和显义，都须严格把握住才好。
9	060.关于《丽达与天鹅》.txt	91	而且	external-cue,quote-like	八、第十一行之“And Agamemnon dead”，余译为“而亚嘉曼农死去”。窃以若译为“和亚嘉曼农遭妻杀害”岂不更好些？再者，“亚嘉曼农之被妻杀害”，本是与前面的“残壁断垣”，“被烧毁的屋顶楼城”，都是那“鸟人作爱”酿成的累积祸事。故“The broken wall，the burning roof and tower/ And Agamemnon dead”中的这个“And”，语法结构上的词性意义（the meaning of the part of speech），是个accumulative conjunction（累积连接词）。但余译为“而”，而非“而且”，不仅不足以显示And的累积连接词的作用意思，且还会被人看成有contrary conjunction（反意连接词）的意味了。翻译语词句子，对其中关键字（key word）的词类功能、语法构造地位，以及字之隐义和显义，都须严格把握住才好。
9	060.关于《丽达与天鹅》.txt	91	And	external-cue,quote-like	八、第十一行之“And Agamemnon dead”，余译为“而亚嘉曼农死去”。窃以若译为“和亚嘉曼农遭妻杀害”岂不更好些？再者，“亚嘉曼农之被妻杀害”，本是与前面的“残壁断垣”，“被烧毁的屋顶楼城”，都是那“鸟人作爱”酿成的累积祸事。故“The broken wall，the burning roof and tower/ And Agamemnon dead”中的这个“And”，语法结构上的词性意义（the meaning of the part of speech），是个accumulative conjunction（累积连接词）。但余译为“而”，而非“而且”，不仅不足以显示And的累积连接词的作用意思，且还会被人看成有contrary conjunction（反意连接词）的意味了。翻译语词句子，对其中关键字（key word）的词类功能、语法构造地位，以及字之隐义和显义，都须严格把握住才好。
9	060.关于《丽达与天鹅》.txt	91	The broken wall，the burning roof and tower/ And Agamemnon dead	external-cue,quote-like	八、第十一行之“And Agamemnon dead”，余译为“而亚嘉曼农死去”。窃以若译为“和亚嘉曼农遭妻杀害”岂不更好些？再者，“亚嘉曼农之被妻杀害”，本是与前面的“残壁断垣”，“被烧毁的屋顶楼城”，都是那“鸟人作爱”酿成的累积祸事。故“The broken wall，the burning roof and tower/ And Agamemnon dead”中的这个“And”，语法结构上的词性意义（the meaning of the part of speech），是个accumulative conjunction（累积连接词）。但余译为“而”，而非“而且”，不仅不足以显示And的累积连接词的作用意思，且还会被人看成有contrary conjunction（反意连接词）的意味了。翻译语词句子，对其中关键字（key word）的词类功能、语法构造地位，以及字之隐义和显义，都须严格把握住才好。
9	060.关于《丽达与天鹅》.txt	97	就这样被抓/被自天而降的暴力所凌驾	external-cue,quote-like	如明了其语法结构，则其中译，似不应如余那样，将之译为“就这样被抓/被自天而降的暴力所凌驾”。依我看余译欠妥。且此复合分词片语，复和后面的第十三行与第十四行，在语法结构上，又合为一个complex sentence的句型。倘译者能明了之，则后二行之中译，就易捉住原诗意味了。可惜余译将最后两行的诗句意思，译得“咬文嚼字，不知所云”。而且译得也不押韵了，此或因其未能明了其语法结构之故吧？
9	060.关于《丽达与天鹅》.txt	247	旁	external-cue,quote-like	我的翻译，有几点重要的处理：一、全篇用ang韵脚，在节奏和韵律上，最为可读。为迁就韵脚，在无伤大意下，偶稍做更动。如把“之上”之意，以“旁”代之。二、尽量以口语翻译，使人易于理解。偶有较文的词汇，也是用以增加简练与气氛的。例如读过文言文《洛阳伽蓝记》的人，读到“城廓丘墟、室塔灰烬、统帅丧亡”的句式，必然同此悲凉。三、中文第三人称“他”“她”同音，读起来会混淆，我把第四行的阳性第三人称，改以“天鹅”代替。四、“亚嘉曼农”（Agamemnon）是《木马屠城记》的希腊统帅，这种洋典故，干脆翻成统帅，反倒明白。五、最后用“天常”收尾。《荀子》有“天行有常”的话；《左传》有“帅彼天常”的话；《后汉书》有“董卓乱天常”的话。“天常”是天的常道。这首《丽达与天鹅》的主题，就在以象征手法写出天的常道，所以我以“天常”译之。
9	060.关于《丽达与天鹅》.txt	247	他	external-cue,quote-like	我的翻译，有几点重要的处理：一、全篇用ang韵脚，在节奏和韵律上，最为可读。为迁就韵脚，在无伤大意下，偶稍做更动。如把“之上”之意，以“旁”代之。二、尽量以口语翻译，使人易于理解。偶有较文的词汇，也是用以增加简练与气氛的。例如读过文言文《洛阳伽蓝记》的人，读到“城廓丘墟、室塔灰烬、统帅丧亡”的句式，必然同此悲凉。三、中文第三人称“他”“她”同音，读起来会混淆，我把第四行的阳性第三人称，改以“天鹅”代替。四、“亚嘉曼农”（Agamemnon）是《木马屠城记》的希腊统帅，这种洋典故，干脆翻成统帅，反倒明白。五、最后用“天常”收尾。《荀子》有“天行有常”的话；《左传》有“帅彼天常”的话；《后汉书》有“董卓乱天常”的话。“天常”是天的常道。这首《丽达与天鹅》的主题，就在以象征手法写出天的常道，所以我以“天常”译之。
9	060.关于《丽达与天鹅》.txt	247	她	external-cue,quote-like	我的翻译，有几点重要的处理：一、全篇用ang韵脚，在节奏和韵律上，最为可读。为迁就韵脚，在无伤大意下，偶稍做更动。如把“之上”之意，以“旁”代之。二、尽量以口语翻译，使人易于理解。偶有较文的词汇，也是用以增加简练与气氛的。例如读过文言文《洛阳伽蓝记》的人，读到“城廓丘墟、室塔灰烬、统帅丧亡”的句式，必然同此悲凉。三、中文第三人称“他”“她”同音，读起来会混淆，我把第四行的阳性第三人称，改以“天鹅”代替。四、“亚嘉曼农”（Agamemnon）是《木马屠城记》的希腊统帅，这种洋典故，干脆翻成统帅，反倒明白。五、最后用“天常”收尾。《荀子》有“天行有常”的话；《左传》有“帅彼天常”的话；《后汉书》有“董卓乱天常”的话。“天常”是天的常道。这首《丽达与天鹅》的主题，就在以象征手法写出天的常道，所以我以“天常”译之。
9	060.关于《丽达与天鹅》.txt	247	天常	external-cue,quote-like	我的翻译，有几点重要的处理：一、全篇用ang韵脚，在节奏和韵律上，最为可读。为迁就韵脚，在无伤大意下，偶稍做更动。如把“之上”之意，以“旁”代之。二、尽量以口语翻译，使人易于理解。偶有较文的词汇，也是用以增加简练与气氛的。例如读过文言文《洛阳伽蓝记》的人，读到“城廓丘墟、室塔灰烬、统帅丧亡”的句式，必然同此悲凉。三、中文第三人称“他”“她”同音，读起来会混淆，我把第四行的阳性第三人称，改以“天鹅”代替。四、“亚嘉曼农”（Agamemnon）是《木马屠城记》的希腊统帅，这种洋典故，干脆翻成统帅，反倒明白。五、最后用“天常”收尾。《荀子》有“天行有常”的话；《左传》有“帅彼天常”的话；《后汉书》有“董卓乱天常”的话。“天常”是天的常道。这首《丽达与天鹅》的主题，就在以象征手法写出天的常道，所以我以“天常”译之。
9	060.关于《丽达与天鹅》.txt	247	天常	external-cue,quote-like	我的翻译，有几点重要的处理：一、全篇用ang韵脚，在节奏和韵律上，最为可读。为迁就韵脚，在无伤大意下，偶稍做更动。如把“之上”之意，以“旁”代之。二、尽量以口语翻译，使人易于理解。偶有较文的词汇，也是用以增加简练与气氛的。例如读过文言文《洛阳伽蓝记》的人，读到“城廓丘墟、室塔灰烬、统帅丧亡”的句式，必然同此悲凉。三、中文第三人称“他”“她”同音，读起来会混淆，我把第四行的阳性第三人称，改以“天鹅”代替。四、“亚嘉曼农”（Agamemnon）是《木马屠城记》的希腊统帅，这种洋典故，干脆翻成统帅，反倒明白。五、最后用“天常”收尾。《荀子》有“天行有常”的话；《左传》有“帅彼天常”的话；《后汉书》有“董卓乱天常”的话。“天常”是天的常道。这首《丽达与天鹅》的主题，就在以象征手法写出天的常道，所以我以“天常”译之。
9	060.关于《丽达与天鹅》.txt	247	天常	external-cue,quote-like	我的翻译，有几点重要的处理：一、全篇用ang韵脚，在节奏和韵律上，最为可读。为迁就韵脚，在无伤大意下，偶稍做更动。如把“之上”之意，以“旁”代之。二、尽量以口语翻译，使人易于理解。偶有较文的词汇，也是用以增加简练与气氛的。例如读过文言文《洛阳伽蓝记》的人，读到“城廓丘墟、室塔灰烬、统帅丧亡”的句式，必然同此悲凉。三、中文第三人称“他”“她”同音，读起来会混淆，我把第四行的阳性第三人称，改以“天鹅”代替。四、“亚嘉曼农”（Agamemnon）是《木马屠城记》的希腊统帅，这种洋典故，干脆翻成统帅，反倒明白。五、最后用“天常”收尾。《荀子》有“天行有常”的话；《左传》有“帅彼天常”的话；《后汉书》有“董卓乱天常”的话。“天常”是天的常道。这首《丽达与天鹅》的主题，就在以象征手法写出天的常道，所以我以“天常”译之。
9	060.关于《丽达与天鹅》.txt	247	天鹅	external-cue,quote-like	我的翻译，有几点重要的处理：一、全篇用ang韵脚，在节奏和韵律上，最为可读。为迁就韵脚，在无伤大意下，偶稍做更动。如把“之上”之意，以“旁”代之。二、尽量以口语翻译，使人易于理解。偶有较文的词汇，也是用以增加简练与气氛的。例如读过文言文《洛阳伽蓝记》的人，读到“城廓丘墟、室塔灰烬、统帅丧亡”的句式，必然同此悲凉。三、中文第三人称“他”“她”同音，读起来会混淆，我把第四行的阳性第三人称，改以“天鹅”代替。四、“亚嘉曼农”（Agamemnon）是《木马屠城记》的希腊统帅，这种洋典故，干脆翻成统帅，反倒明白。五、最后用“天常”收尾。《荀子》有“天行有常”的话；《左传》有“帅彼天常”的话；《后汉书》有“董卓乱天常”的话。“天常”是天的常道。这首《丽达与天鹅》的主题，就在以象征手法写出天的常道，所以我以“天常”译之。
9	060.关于《丽达与天鹅》.txt	247	之上	external-cue,quote-like	我的翻译，有几点重要的处理：一、全篇用ang韵脚，在节奏和韵律上，最为可读。为迁就韵脚，在无伤大意下，偶稍做更动。如把“之上”之意，以“旁”代之。二、尽量以口语翻译，使人易于理解。偶有较文的词汇，也是用以增加简练与气氛的。例如读过文言文《洛阳伽蓝记》的人，读到“城廓丘墟、室塔灰烬、统帅丧亡”的句式，必然同此悲凉。三、中文第三人称“他”“她”同音，读起来会混淆，我把第四行的阳性第三人称，改以“天鹅”代替。四、“亚嘉曼农”（Agamemnon）是《木马屠城记》的希腊统帅，这种洋典故，干脆翻成统帅，反倒明白。五、最后用“天常”收尾。《荀子》有“天行有常”的话；《左传》有“帅彼天常”的话；《后汉书》有“董卓乱天常”的话。“天常”是天的常道。这首《丽达与天鹅》的主题，就在以象征手法写出天的常道，所以我以“天常”译之。
9	060.关于《丽达与天鹅》.txt	267	强暴	external-cue,quote-like	丽达被宙斯“强奸”这个掌故，曾吸引米开朗琪罗作了一幅画。但是西方文学史上，处理丽达与宙斯交媾最具煽议性的，当推爱尔兰诗人叶慈（Yeats）的《丽达与天鹅》一诗。这首诗本来的用意在表现叶慈一贯的灵视——那就是，旧的文明在即将为新的文明取代之前，都要有一种超人力量促成强烈的新生命来作为“图腾”。譬如说，基督教文明取代了巴比伦文明，而耶稣便是那个新文明的图腾代表。圣母玛利亚生了基督完全是源自神与人之交。同样的海伦也是人神之交的产儿。海伦的诞生肇始了希腊罗马文明，所以也是一个“图腾”。可是，叶慈的诗几乎难得窥出此项灵视及历史哲学的推演了——反之，这首诗却把人神交媾写活了，太鲜活了！最教人费解的是，丽达受制于天鹅，一副无助的样子，简直对宙斯的“强暴”毫无反抗。当然，我们可以说，反抗也徒然于事无补，毕竟神的力量远超过一个人间的弱女子。问题是诗中有一个片语不得不教人深省。叶慈描述丽达时，说她的双腿在宙斯的爱抚下张开了。叶慈用的是主动的现在分词loosening thighs，而不是被动的loosened。那么，我们怀疑叶慈是不是要让丽达觉得反抗既然无益，莫如不要做无谓的挣扎而静静地玩味？诗中的确是把握这一点去发挥的。我们如果说，丽达也只得认命了，何况天底下焉有比和神交配更大的荣幸？当然，这话绝无幸灾乐祸之意。叶慈既然强调人神之交，以便揭橥丽达与天神之间的一种知识上的沟通，这种非寻常关系发生当时，丽达冥冥中也晓得一个新纪元、新文明即将诞生。同时，按照叶慈的说法，文明替代，此起彼落，是不会停的——长江后浪推前浪，当一个文明陈旧而欲振乏力，价值崩溃时，另一个...
9	060.关于《丽达与天鹅》.txt	267	强奸	external-cue,quote-like	丽达被宙斯“强奸”这个掌故，曾吸引米开朗琪罗作了一幅画。但是西方文学史上，处理丽达与宙斯交媾最具煽议性的，当推爱尔兰诗人叶慈（Yeats）的《丽达与天鹅》一诗。这首诗本来的用意在表现叶慈一贯的灵视——那就是，旧的文明在即将为新的文明取代之前，都要有一种超人力量促成强烈的新生命来作为“图腾”。譬如说，基督教文明取代了巴比伦文明，而耶稣便是那个新文明的图腾代表。圣母玛利亚生了基督完全是源自神与人之交。同样的海伦也是人神之交的产儿。海伦的诞生肇始了希腊罗马文明，所以也是一个“图腾”。可是，叶慈的诗几乎难得窥出此项灵视及历史哲学的推演了——反之，这首诗却把人神交媾写活了，太鲜活了！最教人费解的是，丽达受制于天鹅，一副无助的样子，简直对宙斯的“强暴”毫无反抗。当然，我们可以说，反抗也徒然于事无补，毕竟神的力量远超过一个人间的弱女子。问题是诗中有一个片语不得不教人深省。叶慈描述丽达时，说她的双腿在宙斯的爱抚下张开了。叶慈用的是主动的现在分词loosening thighs，而不是被动的loosened。那么，我们怀疑叶慈是不是要让丽达觉得反抗既然无益，莫如不要做无谓的挣扎而静静地玩味？诗中的确是把握这一点去发挥的。我们如果说，丽达也只得认命了，何况天底下焉有比和神交配更大的荣幸？当然，这话绝无幸灾乐祸之意。叶慈既然强调人神之交，以便揭橥丽达与天神之间的一种知识上的沟通，这种非寻常关系发生当时，丽达冥冥中也晓得一个新纪元、新文明即将诞生。同时，按照叶慈的说法，文明替代，此起彼落，是不会停的——长江后浪推前浪，当一个文明陈旧而欲振乏力，价值崩溃时，另一个...
9	060.关于《丽达与天鹅》.txt	267	图腾	external-cue,quote-like	丽达被宙斯“强奸”这个掌故，曾吸引米开朗琪罗作了一幅画。但是西方文学史上，处理丽达与宙斯交媾最具煽议性的，当推爱尔兰诗人叶慈（Yeats）的《丽达与天鹅》一诗。这首诗本来的用意在表现叶慈一贯的灵视——那就是，旧的文明在即将为新的文明取代之前，都要有一种超人力量促成强烈的新生命来作为“图腾”。譬如说，基督教文明取代了巴比伦文明，而耶稣便是那个新文明的图腾代表。圣母玛利亚生了基督完全是源自神与人之交。同样的海伦也是人神之交的产儿。海伦的诞生肇始了希腊罗马文明，所以也是一个“图腾”。可是，叶慈的诗几乎难得窥出此项灵视及历史哲学的推演了——反之，这首诗却把人神交媾写活了，太鲜活了！最教人费解的是，丽达受制于天鹅，一副无助的样子，简直对宙斯的“强暴”毫无反抗。当然，我们可以说，反抗也徒然于事无补，毕竟神的力量远超过一个人间的弱女子。问题是诗中有一个片语不得不教人深省。叶慈描述丽达时，说她的双腿在宙斯的爱抚下张开了。叶慈用的是主动的现在分词loosening thighs，而不是被动的loosened。那么，我们怀疑叶慈是不是要让丽达觉得反抗既然无益，莫如不要做无谓的挣扎而静静地玩味？诗中的确是把握这一点去发挥的。我们如果说，丽达也只得认命了，何况天底下焉有比和神交配更大的荣幸？当然，这话绝无幸灾乐祸之意。叶慈既然强调人神之交，以便揭橥丽达与天神之间的一种知识上的沟通，这种非寻常关系发生当时，丽达冥冥中也晓得一个新纪元、新文明即将诞生。同时，按照叶慈的说法，文明替代，此起彼落，是不会停的——长江后浪推前浪，当一个文明陈旧而欲振乏力，价值崩溃时，另一个...
9	060.关于《丽达与天鹅》.txt	267	图腾	external-cue,quote-like	丽达被宙斯“强奸”这个掌故，曾吸引米开朗琪罗作了一幅画。但是西方文学史上，处理丽达与宙斯交媾最具煽议性的，当推爱尔兰诗人叶慈（Yeats）的《丽达与天鹅》一诗。这首诗本来的用意在表现叶慈一贯的灵视——那就是，旧的文明在即将为新的文明取代之前，都要有一种超人力量促成强烈的新生命来作为“图腾”。譬如说，基督教文明取代了巴比伦文明，而耶稣便是那个新文明的图腾代表。圣母玛利亚生了基督完全是源自神与人之交。同样的海伦也是人神之交的产儿。海伦的诞生肇始了希腊罗马文明，所以也是一个“图腾”。可是，叶慈的诗几乎难得窥出此项灵视及历史哲学的推演了——反之，这首诗却把人神交媾写活了，太鲜活了！最教人费解的是，丽达受制于天鹅，一副无助的样子，简直对宙斯的“强暴”毫无反抗。当然，我们可以说，反抗也徒然于事无补，毕竟神的力量远超过一个人间的弱女子。问题是诗中有一个片语不得不教人深省。叶慈描述丽达时，说她的双腿在宙斯的爱抚下张开了。叶慈用的是主动的现在分词loosening thighs，而不是被动的loosened。那么，我们怀疑叶慈是不是要让丽达觉得反抗既然无益，莫如不要做无谓的挣扎而静静地玩味？诗中的确是把握这一点去发挥的。我们如果说，丽达也只得认命了，何况天底下焉有比和神交配更大的荣幸？当然，这话绝无幸灾乐祸之意。叶慈既然强调人神之交，以便揭橥丽达与天神之间的一种知识上的沟通，这种非寻常关系发生当时，丽达冥冥中也晓得一个新纪元、新文明即将诞生。同时，按照叶慈的说法，文明替代，此起彼落，是不会停的——长江后浪推前浪，当一个文明陈旧而欲振乏力，价值崩溃时，另一个...
9	060.关于《丽达与天鹅》.txt	271	大头	external-cue,quote-like	这里说叶慈的诗几乎难得窥出“灵视及历史哲学的推演”，“却把人神交媾写活了，太鲜活了”，事实上，诗的限度，也就在此。诗的本身并没有太大的说理的能力，对诗的过多阐释，事实上是一种乱猜、一种辞费，一如叶慈阐释天神宙斯的行为，事实上是一种乱猜、一种辞费一样。——我大屌神仙肏女人，只是寻乐子而已，何来什么“神谕”、什么“灵视及历史哲学”？叶慈的诗，也是很简单很动人很美的诗而已，也何来什么“神谕”、什么“灵视及历史哲学”？对大屌神仙说来，他自然是深通女人心理的家伙，他会认为对某些女人，行家知道是不能诱之点头的，唯一办法，其唯强奸乎？（这话翻成英文，或可说：Every sexually active man knows there are women who can't bring themselves to say“Yes,”but who respond to a little pushing. Is it rape ?）在强奸之下，丽达之流的美人，大腿自会loosening而不loosened。叶慈《丽达与天鹅》之诗，推其首功，在道出此一“天常”耳！舍此而外，若想把神的“大头”思想，靠“小头”传播，恐怕是开玩笑吧？——美女岂知其他“天常”哉？
9	060.关于《丽达与天鹅》.txt	271	神谕	external-cue,quote-like	这里说叶慈的诗几乎难得窥出“灵视及历史哲学的推演”，“却把人神交媾写活了，太鲜活了”，事实上，诗的限度，也就在此。诗的本身并没有太大的说理的能力，对诗的过多阐释，事实上是一种乱猜、一种辞费，一如叶慈阐释天神宙斯的行为，事实上是一种乱猜、一种辞费一样。——我大屌神仙肏女人，只是寻乐子而已，何来什么“神谕”、什么“灵视及历史哲学”？叶慈的诗，也是很简单很动人很美的诗而已，也何来什么“神谕”、什么“灵视及历史哲学”？对大屌神仙说来，他自然是深通女人心理的家伙，他会认为对某些女人，行家知道是不能诱之点头的，唯一办法，其唯强奸乎？（这话翻成英文，或可说：Every sexually active man knows there are women who can't bring themselves to say“Yes,”but who respond to a little pushing. Is it rape ?）在强奸之下，丽达之流的美人，大腿自会loosening而不loosened。叶慈《丽达与天鹅》之诗，推其首功，在道出此一“天常”耳！舍此而外，若想把神的“大头”思想，靠“小头”传播，恐怕是开玩笑吧？——美女岂知其他“天常”哉？
9	060.关于《丽达与天鹅》.txt	271	神谕	external-cue,quote-like	这里说叶慈的诗几乎难得窥出“灵视及历史哲学的推演”，“却把人神交媾写活了，太鲜活了”，事实上，诗的限度，也就在此。诗的本身并没有太大的说理的能力，对诗的过多阐释，事实上是一种乱猜、一种辞费，一如叶慈阐释天神宙斯的行为，事实上是一种乱猜、一种辞费一样。——我大屌神仙肏女人，只是寻乐子而已，何来什么“神谕”、什么“灵视及历史哲学”？叶慈的诗，也是很简单很动人很美的诗而已，也何来什么“神谕”、什么“灵视及历史哲学”？对大屌神仙说来，他自然是深通女人心理的家伙，他会认为对某些女人，行家知道是不能诱之点头的，唯一办法，其唯强奸乎？（这话翻成英文，或可说：Every sexually active man knows there are women who can't bring themselves to say“Yes,”but who respond to a little pushing. Is it rape ?）在强奸之下，丽达之流的美人，大腿自会loosening而不loosened。叶慈《丽达与天鹅》之诗，推其首功，在道出此一“天常”耳！舍此而外，若想把神的“大头”思想，靠“小头”传播，恐怕是开玩笑吧？——美女岂知其他“天常”哉？
9	060.关于《丽达与天鹅》.txt	271	天常	external-cue,quote-like	这里说叶慈的诗几乎难得窥出“灵视及历史哲学的推演”，“却把人神交媾写活了，太鲜活了”，事实上，诗的限度，也就在此。诗的本身并没有太大的说理的能力，对诗的过多阐释，事实上是一种乱猜、一种辞费，一如叶慈阐释天神宙斯的行为，事实上是一种乱猜、一种辞费一样。——我大屌神仙肏女人，只是寻乐子而已，何来什么“神谕”、什么“灵视及历史哲学”？叶慈的诗，也是很简单很动人很美的诗而已，也何来什么“神谕”、什么“灵视及历史哲学”？对大屌神仙说来，他自然是深通女人心理的家伙，他会认为对某些女人，行家知道是不能诱之点头的，唯一办法，其唯强奸乎？（这话翻成英文，或可说：Every sexually active man knows there are women who can't bring themselves to say“Yes,”but who respond to a little pushing. Is it rape ?）在强奸之下，丽达之流的美人，大腿自会loosening而不loosened。叶慈《丽达与天鹅》之诗，推其首功，在道出此一“天常”耳！舍此而外，若想把神的“大头”思想，靠“小头”传播，恐怕是开玩笑吧？——美女岂知其他“天常”哉？
9	060.关于《丽达与天鹅》.txt	271	天常	external-cue,quote-like	这里说叶慈的诗几乎难得窥出“灵视及历史哲学的推演”，“却把人神交媾写活了，太鲜活了”，事实上，诗的限度，也就在此。诗的本身并没有太大的说理的能力，对诗的过多阐释，事实上是一种乱猜、一种辞费，一如叶慈阐释天神宙斯的行为，事实上是一种乱猜、一种辞费一样。——我大屌神仙肏女人，只是寻乐子而已，何来什么“神谕”、什么“灵视及历史哲学”？叶慈的诗，也是很简单很动人很美的诗而已，也何来什么“神谕”、什么“灵视及历史哲学”？对大屌神仙说来，他自然是深通女人心理的家伙，他会认为对某些女人，行家知道是不能诱之点头的，唯一办法，其唯强奸乎？（这话翻成英文，或可说：Every sexually active man knows there are women who can't bring themselves to say“Yes,”but who respond to a little pushing. Is it rape ?）在强奸之下，丽达之流的美人，大腿自会loosening而不loosened。叶慈《丽达与天鹅》之诗，推其首功，在道出此一“天常”耳！舍此而外，若想把神的“大头”思想，靠“小头”传播，恐怕是开玩笑吧？——美女岂知其他“天常”哉？
9	060.关于《丽达与天鹅》.txt	271	小头	external-cue,quote-like	这里说叶慈的诗几乎难得窥出“灵视及历史哲学的推演”，“却把人神交媾写活了，太鲜活了”，事实上，诗的限度，也就在此。诗的本身并没有太大的说理的能力，对诗的过多阐释，事实上是一种乱猜、一种辞费，一如叶慈阐释天神宙斯的行为，事实上是一种乱猜、一种辞费一样。——我大屌神仙肏女人，只是寻乐子而已，何来什么“神谕”、什么“灵视及历史哲学”？叶慈的诗，也是很简单很动人很美的诗而已，也何来什么“神谕”、什么“灵视及历史哲学”？对大屌神仙说来，他自然是深通女人心理的家伙，他会认为对某些女人，行家知道是不能诱之点头的，唯一办法，其唯强奸乎？（这话翻成英文，或可说：Every sexually active man knows there are women who can't bring themselves to say“Yes,”but who respond to a little pushing. Is it rape ?）在强奸之下，丽达之流的美人，大腿自会loosening而不loosened。叶慈《丽达与天鹅》之诗，推其首功，在道出此一“天常”耳！舍此而外，若想把神的“大头”思想，靠“小头”传播，恐怕是开玩笑吧？——美女岂知其他“天常”哉？
9	060.关于《丽达与天鹅》.txt	271	Yes,	external-cue,quote-like	这里说叶慈的诗几乎难得窥出“灵视及历史哲学的推演”，“却把人神交媾写活了，太鲜活了”，事实上，诗的限度，也就在此。诗的本身并没有太大的说理的能力，对诗的过多阐释，事实上是一种乱猜、一种辞费，一如叶慈阐释天神宙斯的行为，事实上是一种乱猜、一种辞费一样。——我大屌神仙肏女人，只是寻乐子而已，何来什么“神谕”、什么“灵视及历史哲学”？叶慈的诗，也是很简单很动人很美的诗而已，也何来什么“神谕”、什么“灵视及历史哲学”？对大屌神仙说来，他自然是深通女人心理的家伙，他会认为对某些女人，行家知道是不能诱之点头的，唯一办法，其唯强奸乎？（这话翻成英文，或可说：Every sexually active man knows there are women who can't bring themselves to say“Yes,”but who respond to a little pushing. Is it rape ?）在强奸之下，丽达之流的美人，大腿自会loosening而不loosened。叶慈《丽达与天鹅》之诗，推其首功，在道出此一“天常”耳！舍此而外，若想把神的“大头”思想，靠“小头”传播，恐怕是开玩笑吧？——美女岂知其他“天常”哉？
7	002.沙丘忆.txt	5	总是白白让鱼吃了，因为羊齿鱼轻轻吞饵时候，他感觉不出来；但是钓不到鱼，他好像也无所谓	external-cue,chinese-compact	教学过程开始后，陌生人的鱼饵，“总是白白让鱼吃了，因为羊齿鱼轻轻吞饵时候，他感觉不出来；但是钓不到鱼，他好像也无所谓”。显然的，他志不在鱼。
7	002.沙丘忆.txt	13	寒毛直竖	external-cue,chinese-compact	为了做这种节奏实验，有一次，陌生人举出15世纪马洛礼（Sir Thomas Malory）《亚瑟王之死》（Le Morte d'Arthur）中“骏马悲撕”（And the great horse grimly neighed）—段，要小孩子把眼睛闭上，慢慢念出这一句、体味这一句，问小男孩，你有什么感觉？小男孩说他闭眼一念，就“寒毛直竖”（“It gives me the shivers. ”）。陌生人大乐。
7	002.沙丘忆.txt	13	骏马悲撕	external-cue,chinese-compact	为了做这种节奏实验，有一次，陌生人举出15世纪马洛礼（Sir Thomas Malory）《亚瑟王之死》（Le Morte d'Arthur）中“骏马悲撕”（And the great horse grimly neighed）—段，要小孩子把眼睛闭上，慢慢念出这一句、体味这一句，问小男孩，你有什么感觉？小男孩说他闭眼一念，就“寒毛直竖”（“It gives me the shivers. ”）。陌生人大乐。
7	002.沙丘忆.txt	59	台北蒙难	external-cue,quote-like,chinese-compact,self-authored-cue	萨拉·蒂斯代尔是美国浪漫派女诗人。她在我出生前两年（1933）死去，是自杀的，活了四十九岁。《火焰与阴影》是她三十六岁（1920）出版的。我译这首诗的时候，正三十六岁，如今我也快四十九了。因为这首译诗是我“台北蒙难”时残存的作品，对我有特别的意义，所以我特别为它写了这篇衬托性的文字。
7	003.除却一寒冬.txt	69	仇敌都不见	external-cue,quote-like,chinese-compact,self-authored-cue	这两首诗的意境，颇为悠闲超迈。我译它们的时候，既无“绿树荫荫”，也无“煦煦春阳”，但我在牢里，的确有了“仇敌都不见”的清静。只是牢里的冬天很冷，我可以不见“仇敌”，但却无法不见“寒冬”，在“寒冬”来的时候，为了御寒，每天晚上，我要在阴暗的灯光里，咿哑的地板上，不断来回走着，边走边背书，经常两三个小时。我之能背书、能走路，都拜坐牢之赐，坐牢对强者说来，真不是坏事。
7	003.除却一寒冬.txt	69	绿树荫荫	external-cue,quote-like,chinese-compact,self-authored-cue	这两首诗的意境，颇为悠闲超迈。我译它们的时候，既无“绿树荫荫”，也无“煦煦春阳”，但我在牢里，的确有了“仇敌都不见”的清静。只是牢里的冬天很冷，我可以不见“仇敌”，但却无法不见“寒冬”，在“寒冬”来的时候，为了御寒，每天晚上，我要在阴暗的灯光里，咿哑的地板上，不断来回走着，边走边背书，经常两三个小时。我之能背书、能走路，都拜坐牢之赐，坐牢对强者说来，真不是坏事。
7	003.除却一寒冬.txt	69	煦煦春阳	external-cue,quote-like,chinese-compact,self-authored-cue	这两首诗的意境，颇为悠闲超迈。我译它们的时候，既无“绿树荫荫”，也无“煦煦春阳”，但我在牢里，的确有了“仇敌都不见”的清静。只是牢里的冬天很冷，我可以不见“仇敌”，但却无法不见“寒冬”，在“寒冬”来的时候，为了御寒，每天晚上，我要在阴暗的灯光里，咿哑的地板上，不断来回走着，边走边背书，经常两三个小时。我之能背书、能走路，都拜坐牢之赐，坐牢对强者说来，真不是坏事。
7	004.一首诗几件事.txt	59	一块土地	external-cue,chinese-compact	胡虚一兄说a cold如不译为“一块土地”而译为“一小块泥土”会更好，我觉得很对。但为了保持狱中成果的原样，我还是照旧译刊出了。孟绝子（祥柯）也提出了很好的意见，只是我要保持狱中原译的纪念性，也就不再改了。
7	004.一首诗几件事.txt	59	一小块泥土	external-cue,chinese-compact	胡虚一兄说a cold如不译为“一块土地”而译为“一小块泥土”会更好，我觉得很对。但为了保持狱中成果的原样，我还是照旧译刊出了。孟绝子（祥柯）也提出了很好的意见，只是我要保持狱中原译的纪念性，也就不再改了。
7	005.评改余光中的一首译诗.txt	19	以翻译代替著作	external-cue,chinese-compact	这段中文不注明出处。但与上面的英文一对照，我们自然立刻恍然大悟：原来如此，来源如此！真不知道这算不算“以翻译代替著作”也！
7	005.评改余光中的一首译诗.txt	81	西化的中文	external-cue,quote-like,chinese-compact,self-authored-cue	余光中口口声声奚落“西化的中文”，但他这首译诗，却是标准的“西化的中文”。对这首恶劣的译诗，我1972年10月间在狱中时，曾改译如下：
7	005.评改余光中的一首译诗.txt	81	西化的中文	external-cue,quote-like,chinese-compact,self-authored-cue	余光中口口声声奚落“西化的中文”，但他这首译诗，却是标准的“西化的中文”。对这首恶劣的译诗，我1972年10月间在狱中时，曾改译如下：
7	021.剪他三分头！.txt	41	异想天开	external-cue,quote-like,chinese-compact,self-authored-cue,political-cue	这诗发表后，我看到1981年11月4日的《中国时报》，在“异想天开”栏下，有板桥市民权路陈迪先生写的一篇《请部长也剪三分头》，全文如下：
7	035.万古风骚一羽毛.txt	5	灰飞烟灭	external-cue,chinese-compact,political-cue	苏轼以“羽扇纶巾，谈笑间，强虏灰飞烟灭”写诸葛亮，写出了这位大人物一派从容的风度，这种手上有羽毛的从容，我最喜欢。大丈夫立身行事，为什么要那样紧张、那样严重、那样不洒脱呢？国家大事，也可以在女人大腿上办的。古代罗马英雄们，在orgy式的作乐中，使敌人“灰飞烟灭”，他们的从容，真可见一斑矣。
7	035.万古风骚一羽毛.txt	5	羽扇纶巾，谈笑间，强虏灰飞烟灭	external-cue,chinese-compact,political-cue	苏轼以“羽扇纶巾，谈笑间，强虏灰飞烟灭”写诸葛亮，写出了这位大人物一派从容的风度，这种手上有羽毛的从容，我最喜欢。大丈夫立身行事，为什么要那样紧张、那样严重、那样不洒脱呢？国家大事，也可以在女人大腿上办的。古代罗马英雄们，在orgy式的作乐中，使敌人“灰飞烟灭”，他们的从容，真可见一斑矣。
7	041.一片欢喜心，对夜坐着笑.txt	41	快活的欣赏者	external-cue,quote-like,chinese-compact,self-authored-cue	布莱克这首诗，颇有一个“快活的欣赏者”心境，我把它意译出来，以汇东海西海古人今人之一乐。
7	050.老虎歌.txt	3	虎落平阳被犬欺	external-cue,quote-like,chinese-compact,self-authored-cue	俗话说“虎落平阳被犬欺”，我生也剽悍，虽为平阳之虎，仍可不为犬欺，但虎威所镇，毕竟一一是犬，其为虎之乏味，亦可知矣！感而有诗，打油一首——
7	051.《我们七个》.txt	5	斟酌和润色	external-cue,quote-like,chinese-compact,self-authored-cue	承你逼令我译这首诗，你说你的朋友们试译，都译不成，你硬要我译。我很滑头，我先转给胡虚一去译。9月23日，虚一译来了，他附信说：“恐译得不好，故还盼文字高手如兄者，再做斟酌和润色。”我细看虚一的译作，诗情意境都能把握，可惜他有点书呆，把小女孩的口气，译得太“文”了，于是我决定大胆“斟酌和润色”。不料我太忙了，就拖了下来。
7	051.《我们七个》.txt	7	掺以己意	external-cue,quote-like,chinese-compact,self-authored-cue	昨天峰松、金珠和小女儿到我家，看我只“斟酌和润色”了第一段，催我快译，说你等着要。于是今天早起，就花了一个半小时，把“胡译本”改成“胡李译本”。因为原诗除最末一节外，都是abab的四行体，我为扣紧二、四行韵脚，迁就贫乏的中文词汇，偶尔也不无“增字解经”之处、“掺以己意”之处，凡此错妄，自当由我负全责，与虚一无涉也。下面就是全文：
7	051.《我们七个》.txt	7	胡李译本	external-cue,quote-like,chinese-compact,self-authored-cue	昨天峰松、金珠和小女儿到我家，看我只“斟酌和润色”了第一段，催我快译，说你等着要。于是今天早起，就花了一个半小时，把“胡译本”改成“胡李译本”。因为原诗除最末一节外，都是abab的四行体，我为扣紧二、四行韵脚，迁就贫乏的中文词汇，偶尔也不无“增字解经”之处、“掺以己意”之处，凡此错妄，自当由我负全责，与虚一无涉也。下面就是全文：
7	051.《我们七个》.txt	7	增字解经	external-cue,quote-like,chinese-compact,self-authored-cue	昨天峰松、金珠和小女儿到我家，看我只“斟酌和润色”了第一段，催我快译，说你等着要。于是今天早起，就花了一个半小时，把“胡译本”改成“胡李译本”。因为原诗除最末一节外，都是abab的四行体，我为扣紧二、四行韵脚，迁就贫乏的中文词汇，偶尔也不无“增字解经”之处、“掺以己意”之处，凡此错妄，自当由我负全责，与虚一无涉也。下面就是全文：
7	051.《我们七个》.txt	7	斟酌和润色	external-cue,quote-like,chinese-compact,self-authored-cue	昨天峰松、金珠和小女儿到我家，看我只“斟酌和润色”了第一段，催我快译，说你等着要。于是今天早起，就花了一个半小时，把“胡译本”改成“胡李译本”。因为原诗除最末一节外，都是abab的四行体，我为扣紧二、四行韵脚，迁就贫乏的中文词汇，偶尔也不无“增字解经”之处、“掺以己意”之处，凡此错妄，自当由我负全责，与虚一无涉也。下面就是全文：
7	058.《千秋评论》满五年了！.txt	5	按期发行	external-cue,chinese-compact,political-cue	《千秋评论》的原始构想，早在二十年前就有了。1966年当《文星》杂志被国民党封杀后，在不准登记新报也不准登记新杂志的困境下，我曾计划突破困境的法子。当时我就有了“李敖每月一书”构想，按照钳制言论自由的《出版法》第2条，出版品分为三类：一、“新闻纸类”；二、“书籍类”；三、“其他出版品类”。再按钳制言论自由的《出版法》第306条，出版品如违反本法规定，主管官署得为行政处分：一、“警告”；二、“罚锾”；三、“禁止出售散布进口或扣押没入”；四、“定期停止发行”；五、“撤销登记”。这一条中“定期停止发行”“撤销登记”，是钳制“新闻纸类”的致命法宝，但对非“新闻纸类”的“书籍类”，却没有什么作用，因为“书籍类”既非“按期发行”，自然所谓“行政处分”，也就至多不过即时查禁了事。而“新闻纸类”却可来个查禁一年或撤销登记。换句话说：对“书籍类”，处分只能及身而绝，不能延伸；对“新闻纸类”，处分却能断子绝孙，可以延伸。因此，理论上，一个作者如果能定期（“按期发行”）出书，则在某种形式上，几与杂志无异；虽然在事实上，全世界几乎没有这样多产的作者，能够维持经年累月的维持——这种写作量。就这样的，《千秋评论》就在前无古人后无来者的出国民党不意的情况下，“创世记”一般的出现了它的“创‘书’记”。这种突破与成绩，足登世界纪录全书而有余矣！
7	058.《千秋评论》满五年了！.txt	5	按期发行	external-cue,chinese-compact,political-cue	《千秋评论》的原始构想，早在二十年前就有了。1966年当《文星》杂志被国民党封杀后，在不准登记新报也不准登记新杂志的困境下，我曾计划突破困境的法子。当时我就有了“李敖每月一书”构想，按照钳制言论自由的《出版法》第2条，出版品分为三类：一、“新闻纸类”；二、“书籍类”；三、“其他出版品类”。再按钳制言论自由的《出版法》第306条，出版品如违反本法规定，主管官署得为行政处分：一、“警告”；二、“罚锾”；三、“禁止出售散布进口或扣押没入”；四、“定期停止发行”；五、“撤销登记”。这一条中“定期停止发行”“撤销登记”，是钳制“新闻纸类”的致命法宝，但对非“新闻纸类”的“书籍类”，却没有什么作用，因为“书籍类”既非“按期发行”，自然所谓“行政处分”，也就至多不过即时查禁了事。而“新闻纸类”却可来个查禁一年或撤销登记。换句话说：对“书籍类”，处分只能及身而绝，不能延伸；对“新闻纸类”，处分却能断子绝孙，可以延伸。因此，理论上，一个作者如果能定期（“按期发行”）出书，则在某种形式上，几与杂志无异；虽然在事实上，全世界几乎没有这样多产的作者，能够维持经年累月的维持——这种写作量。就这样的，《千秋评论》就在前无古人后无来者的出国民党不意的情况下，“创世记”一般的出现了它的“创‘书’记”。这种突破与成绩，足登世界纪录全书而有余矣！
7	058.《千秋评论》满五年了！.txt	5	撤销登记	external-cue,chinese-compact,political-cue	《千秋评论》的原始构想，早在二十年前就有了。1966年当《文星》杂志被国民党封杀后，在不准登记新报也不准登记新杂志的困境下，我曾计划突破困境的法子。当时我就有了“李敖每月一书”构想，按照钳制言论自由的《出版法》第2条，出版品分为三类：一、“新闻纸类”；二、“书籍类”；三、“其他出版品类”。再按钳制言论自由的《出版法》第306条，出版品如违反本法规定，主管官署得为行政处分：一、“警告”；二、“罚锾”；三、“禁止出售散布进口或扣押没入”；四、“定期停止发行”；五、“撤销登记”。这一条中“定期停止发行”“撤销登记”，是钳制“新闻纸类”的致命法宝，但对非“新闻纸类”的“书籍类”，却没有什么作用，因为“书籍类”既非“按期发行”，自然所谓“行政处分”，也就至多不过即时查禁了事。而“新闻纸类”却可来个查禁一年或撤销登记。换句话说：对“书籍类”，处分只能及身而绝，不能延伸；对“新闻纸类”，处分却能断子绝孙，可以延伸。因此，理论上，一个作者如果能定期（“按期发行”）出书，则在某种形式上，几与杂志无异；虽然在事实上，全世界几乎没有这样多产的作者，能够维持经年累月的维持——这种写作量。就这样的，《千秋评论》就在前无古人后无来者的出国民党不意的情况下，“创世记”一般的出现了它的“创‘书’记”。这种突破与成绩，足登世界纪录全书而有余矣！
7	058.《千秋评论》满五年了！.txt	5	撤销登记	external-cue,chinese-compact,political-cue	《千秋评论》的原始构想，早在二十年前就有了。1966年当《文星》杂志被国民党封杀后，在不准登记新报也不准登记新杂志的困境下，我曾计划突破困境的法子。当时我就有了“李敖每月一书”构想，按照钳制言论自由的《出版法》第2条，出版品分为三类：一、“新闻纸类”；二、“书籍类”；三、“其他出版品类”。再按钳制言论自由的《出版法》第306条，出版品如违反本法规定，主管官署得为行政处分：一、“警告”；二、“罚锾”；三、“禁止出售散布进口或扣押没入”；四、“定期停止发行”；五、“撤销登记”。这一条中“定期停止发行”“撤销登记”，是钳制“新闻纸类”的致命法宝，但对非“新闻纸类”的“书籍类”，却没有什么作用，因为“书籍类”既非“按期发行”，自然所谓“行政处分”，也就至多不过即时查禁了事。而“新闻纸类”却可来个查禁一年或撤销登记。换句话说：对“书籍类”，处分只能及身而绝，不能延伸；对“新闻纸类”，处分却能断子绝孙，可以延伸。因此，理论上，一个作者如果能定期（“按期发行”）出书，则在某种形式上，几与杂志无异；虽然在事实上，全世界几乎没有这样多产的作者，能够维持经年累月的维持——这种写作量。就这样的，《千秋评论》就在前无古人后无来者的出国民党不意的情况下，“创世记”一般的出现了它的“创‘书’记”。这种突破与成绩，足登世界纪录全书而有余矣！
7	058.《千秋评论》满五年了！.txt	5	创‘书’记	external-cue,chinese-compact,political-cue	《千秋评论》的原始构想，早在二十年前就有了。1966年当《文星》杂志被国民党封杀后，在不准登记新报也不准登记新杂志的困境下，我曾计划突破困境的法子。当时我就有了“李敖每月一书”构想，按照钳制言论自由的《出版法》第2条，出版品分为三类：一、“新闻纸类”；二、“书籍类”；三、“其他出版品类”。再按钳制言论自由的《出版法》第306条，出版品如违反本法规定，主管官署得为行政处分：一、“警告”；二、“罚锾”；三、“禁止出售散布进口或扣押没入”；四、“定期停止发行”；五、“撤销登记”。这一条中“定期停止发行”“撤销登记”，是钳制“新闻纸类”的致命法宝，但对非“新闻纸类”的“书籍类”，却没有什么作用，因为“书籍类”既非“按期发行”，自然所谓“行政处分”，也就至多不过即时查禁了事。而“新闻纸类”却可来个查禁一年或撤销登记。换句话说：对“书籍类”，处分只能及身而绝，不能延伸；对“新闻纸类”，处分却能断子绝孙，可以延伸。因此，理论上，一个作者如果能定期（“按期发行”）出书，则在某种形式上，几与杂志无异；虽然在事实上，全世界几乎没有这样多产的作者，能够维持经年累月的维持——这种写作量。就这样的，《千秋评论》就在前无古人后无来者的出国民党不意的情况下，“创世记”一般的出现了它的“创‘书’记”。这种突破与成绩，足登世界纪录全书而有余矣！
7	058.《千秋评论》满五年了！.txt	5	定期停止发行	external-cue,chinese-compact,political-cue	《千秋评论》的原始构想，早在二十年前就有了。1966年当《文星》杂志被国民党封杀后，在不准登记新报也不准登记新杂志的困境下，我曾计划突破困境的法子。当时我就有了“李敖每月一书”构想，按照钳制言论自由的《出版法》第2条，出版品分为三类：一、“新闻纸类”；二、“书籍类”；三、“其他出版品类”。再按钳制言论自由的《出版法》第306条，出版品如违反本法规定，主管官署得为行政处分：一、“警告”；二、“罚锾”；三、“禁止出售散布进口或扣押没入”；四、“定期停止发行”；五、“撤销登记”。这一条中“定期停止发行”“撤销登记”，是钳制“新闻纸类”的致命法宝，但对非“新闻纸类”的“书籍类”，却没有什么作用，因为“书籍类”既非“按期发行”，自然所谓“行政处分”，也就至多不过即时查禁了事。而“新闻纸类”却可来个查禁一年或撤销登记。换句话说：对“书籍类”，处分只能及身而绝，不能延伸；对“新闻纸类”，处分却能断子绝孙，可以延伸。因此，理论上，一个作者如果能定期（“按期发行”）出书，则在某种形式上，几与杂志无异；虽然在事实上，全世界几乎没有这样多产的作者，能够维持经年累月的维持——这种写作量。就这样的，《千秋评论》就在前无古人后无来者的出国民党不意的情况下，“创世记”一般的出现了它的“创‘书’记”。这种突破与成绩，足登世界纪录全书而有余矣！
7	058.《千秋评论》满五年了！.txt	5	定期停止发行	external-cue,chinese-compact,political-cue	《千秋评论》的原始构想，早在二十年前就有了。1966年当《文星》杂志被国民党封杀后，在不准登记新报也不准登记新杂志的困境下，我曾计划突破困境的法子。当时我就有了“李敖每月一书”构想，按照钳制言论自由的《出版法》第2条，出版品分为三类：一、“新闻纸类”；二、“书籍类”；三、“其他出版品类”。再按钳制言论自由的《出版法》第306条，出版品如违反本法规定，主管官署得为行政处分：一、“警告”；二、“罚锾”；三、“禁止出售散布进口或扣押没入”；四、“定期停止发行”；五、“撤销登记”。这一条中“定期停止发行”“撤销登记”，是钳制“新闻纸类”的致命法宝，但对非“新闻纸类”的“书籍类”，却没有什么作用，因为“书籍类”既非“按期发行”，自然所谓“行政处分”，也就至多不过即时查禁了事。而“新闻纸类”却可来个查禁一年或撤销登记。换句话说：对“书籍类”，处分只能及身而绝，不能延伸；对“新闻纸类”，处分却能断子绝孙，可以延伸。因此，理论上，一个作者如果能定期（“按期发行”）出书，则在某种形式上，几与杂志无异；虽然在事实上，全世界几乎没有这样多产的作者，能够维持经年累月的维持——这种写作量。就这样的，《千秋评论》就在前无古人后无来者的出国民党不意的情况下，“创世记”一般的出现了它的“创‘书’记”。这种突破与成绩，足登世界纪录全书而有余矣！
7	058.《千秋评论》满五年了！.txt	5	禁止出售散布进口或扣押没入	external-cue,chinese-compact,political-cue	《千秋评论》的原始构想，早在二十年前就有了。1966年当《文星》杂志被国民党封杀后，在不准登记新报也不准登记新杂志的困境下，我曾计划突破困境的法子。当时我就有了“李敖每月一书”构想，按照钳制言论自由的《出版法》第2条，出版品分为三类：一、“新闻纸类”；二、“书籍类”；三、“其他出版品类”。再按钳制言论自由的《出版法》第306条，出版品如违反本法规定，主管官署得为行政处分：一、“警告”；二、“罚锾”；三、“禁止出售散布进口或扣押没入”；四、“定期停止发行”；五、“撤销登记”。这一条中“定期停止发行”“撤销登记”，是钳制“新闻纸类”的致命法宝，但对非“新闻纸类”的“书籍类”，却没有什么作用，因为“书籍类”既非“按期发行”，自然所谓“行政处分”，也就至多不过即时查禁了事。而“新闻纸类”却可来个查禁一年或撤销登记。换句话说：对“书籍类”，处分只能及身而绝，不能延伸；对“新闻纸类”，处分却能断子绝孙，可以延伸。因此，理论上，一个作者如果能定期（“按期发行”）出书，则在某种形式上，几与杂志无异；虽然在事实上，全世界几乎没有这样多产的作者，能够维持经年累月的维持——这种写作量。就这样的，《千秋评论》就在前无古人后无来者的出国民党不意的情况下，“创世记”一般的出现了它的“创‘书’记”。这种突破与成绩，足登世界纪录全书而有余矣！
7	058.《千秋评论》满五年了！.txt	5	李敖每月一书	external-cue,chinese-compact,political-cue	《千秋评论》的原始构想，早在二十年前就有了。1966年当《文星》杂志被国民党封杀后，在不准登记新报也不准登记新杂志的困境下，我曾计划突破困境的法子。当时我就有了“李敖每月一书”构想，按照钳制言论自由的《出版法》第2条，出版品分为三类：一、“新闻纸类”；二、“书籍类”；三、“其他出版品类”。再按钳制言论自由的《出版法》第306条，出版品如违反本法规定，主管官署得为行政处分：一、“警告”；二、“罚锾”；三、“禁止出售散布进口或扣押没入”；四、“定期停止发行”；五、“撤销登记”。这一条中“定期停止发行”“撤销登记”，是钳制“新闻纸类”的致命法宝，但对非“新闻纸类”的“书籍类”，却没有什么作用，因为“书籍类”既非“按期发行”，自然所谓“行政处分”，也就至多不过即时查禁了事。而“新闻纸类”却可来个查禁一年或撤销登记。换句话说：对“书籍类”，处分只能及身而绝，不能延伸；对“新闻纸类”，处分却能断子绝孙，可以延伸。因此，理论上，一个作者如果能定期（“按期发行”）出书，则在某种形式上，几与杂志无异；虽然在事实上，全世界几乎没有这样多产的作者，能够维持经年累月的维持——这种写作量。就这样的，《千秋评论》就在前无古人后无来者的出国民党不意的情况下，“创世记”一般的出现了它的“创‘书’记”。这种突破与成绩，足登世界纪录全书而有余矣！
7	058.《千秋评论》满五年了！.txt	5	其他出版品类	external-cue,chinese-compact,political-cue	《千秋评论》的原始构想，早在二十年前就有了。1966年当《文星》杂志被国民党封杀后，在不准登记新报也不准登记新杂志的困境下，我曾计划突破困境的法子。当时我就有了“李敖每月一书”构想，按照钳制言论自由的《出版法》第2条，出版品分为三类：一、“新闻纸类”；二、“书籍类”；三、“其他出版品类”。再按钳制言论自由的《出版法》第306条，出版品如违反本法规定，主管官署得为行政处分：一、“警告”；二、“罚锾”；三、“禁止出售散布进口或扣押没入”；四、“定期停止发行”；五、“撤销登记”。这一条中“定期停止发行”“撤销登记”，是钳制“新闻纸类”的致命法宝，但对非“新闻纸类”的“书籍类”，却没有什么作用，因为“书籍类”既非“按期发行”，自然所谓“行政处分”，也就至多不过即时查禁了事。而“新闻纸类”却可来个查禁一年或撤销登记。换句话说：对“书籍类”，处分只能及身而绝，不能延伸；对“新闻纸类”，处分却能断子绝孙，可以延伸。因此，理论上，一个作者如果能定期（“按期发行”）出书，则在某种形式上，几与杂志无异；虽然在事实上，全世界几乎没有这样多产的作者，能够维持经年累月的维持——这种写作量。就这样的，《千秋评论》就在前无古人后无来者的出国民党不意的情况下，“创世记”一般的出现了它的“创‘书’记”。这种突破与成绩，足登世界纪录全书而有余矣！
7	058.《千秋评论》满五年了！.txt	5	新闻纸类	external-cue,chinese-compact,political-cue	《千秋评论》的原始构想，早在二十年前就有了。1966年当《文星》杂志被国民党封杀后，在不准登记新报也不准登记新杂志的困境下，我曾计划突破困境的法子。当时我就有了“李敖每月一书”构想，按照钳制言论自由的《出版法》第2条，出版品分为三类：一、“新闻纸类”；二、“书籍类”；三、“其他出版品类”。再按钳制言论自由的《出版法》第306条，出版品如违反本法规定，主管官署得为行政处分：一、“警告”；二、“罚锾”；三、“禁止出售散布进口或扣押没入”；四、“定期停止发行”；五、“撤销登记”。这一条中“定期停止发行”“撤销登记”，是钳制“新闻纸类”的致命法宝，但对非“新闻纸类”的“书籍类”，却没有什么作用，因为“书籍类”既非“按期发行”，自然所谓“行政处分”，也就至多不过即时查禁了事。而“新闻纸类”却可来个查禁一年或撤销登记。换句话说：对“书籍类”，处分只能及身而绝，不能延伸；对“新闻纸类”，处分却能断子绝孙，可以延伸。因此，理论上，一个作者如果能定期（“按期发行”）出书，则在某种形式上，几与杂志无异；虽然在事实上，全世界几乎没有这样多产的作者，能够维持经年累月的维持——这种写作量。就这样的，《千秋评论》就在前无古人后无来者的出国民党不意的情况下，“创世记”一般的出现了它的“创‘书’记”。这种突破与成绩，足登世界纪录全书而有余矣！
7	058.《千秋评论》满五年了！.txt	5	新闻纸类	external-cue,chinese-compact,political-cue	《千秋评论》的原始构想，早在二十年前就有了。1966年当《文星》杂志被国民党封杀后，在不准登记新报也不准登记新杂志的困境下，我曾计划突破困境的法子。当时我就有了“李敖每月一书”构想，按照钳制言论自由的《出版法》第2条，出版品分为三类：一、“新闻纸类”；二、“书籍类”；三、“其他出版品类”。再按钳制言论自由的《出版法》第306条，出版品如违反本法规定，主管官署得为行政处分：一、“警告”；二、“罚锾”；三、“禁止出售散布进口或扣押没入”；四、“定期停止发行”；五、“撤销登记”。这一条中“定期停止发行”“撤销登记”，是钳制“新闻纸类”的致命法宝，但对非“新闻纸类”的“书籍类”，却没有什么作用，因为“书籍类”既非“按期发行”，自然所谓“行政处分”，也就至多不过即时查禁了事。而“新闻纸类”却可来个查禁一年或撤销登记。换句话说：对“书籍类”，处分只能及身而绝，不能延伸；对“新闻纸类”，处分却能断子绝孙，可以延伸。因此，理论上，一个作者如果能定期（“按期发行”）出书，则在某种形式上，几与杂志无异；虽然在事实上，全世界几乎没有这样多产的作者，能够维持经年累月的维持——这种写作量。就这样的，《千秋评论》就在前无古人后无来者的出国民党不意的情况下，“创世记”一般的出现了它的“创‘书’记”。这种突破与成绩，足登世界纪录全书而有余矣！
7	058.《千秋评论》满五年了！.txt	5	新闻纸类	external-cue,chinese-compact,political-cue	《千秋评论》的原始构想，早在二十年前就有了。1966年当《文星》杂志被国民党封杀后，在不准登记新报也不准登记新杂志的困境下，我曾计划突破困境的法子。当时我就有了“李敖每月一书”构想，按照钳制言论自由的《出版法》第2条，出版品分为三类：一、“新闻纸类”；二、“书籍类”；三、“其他出版品类”。再按钳制言论自由的《出版法》第306条，出版品如违反本法规定，主管官署得为行政处分：一、“警告”；二、“罚锾”；三、“禁止出售散布进口或扣押没入”；四、“定期停止发行”；五、“撤销登记”。这一条中“定期停止发行”“撤销登记”，是钳制“新闻纸类”的致命法宝，但对非“新闻纸类”的“书籍类”，却没有什么作用，因为“书籍类”既非“按期发行”，自然所谓“行政处分”，也就至多不过即时查禁了事。而“新闻纸类”却可来个查禁一年或撤销登记。换句话说：对“书籍类”，处分只能及身而绝，不能延伸；对“新闻纸类”，处分却能断子绝孙，可以延伸。因此，理论上，一个作者如果能定期（“按期发行”）出书，则在某种形式上，几与杂志无异；虽然在事实上，全世界几乎没有这样多产的作者，能够维持经年累月的维持——这种写作量。就这样的，《千秋评论》就在前无古人后无来者的出国民党不意的情况下，“创世记”一般的出现了它的“创‘书’记”。这种突破与成绩，足登世界纪录全书而有余矣！
7	058.《千秋评论》满五年了！.txt	5	新闻纸类	external-cue,chinese-compact,political-cue	《千秋评论》的原始构想，早在二十年前就有了。1966年当《文星》杂志被国民党封杀后，在不准登记新报也不准登记新杂志的困境下，我曾计划突破困境的法子。当时我就有了“李敖每月一书”构想，按照钳制言论自由的《出版法》第2条，出版品分为三类：一、“新闻纸类”；二、“书籍类”；三、“其他出版品类”。再按钳制言论自由的《出版法》第306条，出版品如违反本法规定，主管官署得为行政处分：一、“警告”；二、“罚锾”；三、“禁止出售散布进口或扣押没入”；四、“定期停止发行”；五、“撤销登记”。这一条中“定期停止发行”“撤销登记”，是钳制“新闻纸类”的致命法宝，但对非“新闻纸类”的“书籍类”，却没有什么作用，因为“书籍类”既非“按期发行”，自然所谓“行政处分”，也就至多不过即时查禁了事。而“新闻纸类”却可来个查禁一年或撤销登记。换句话说：对“书籍类”，处分只能及身而绝，不能延伸；对“新闻纸类”，处分却能断子绝孙，可以延伸。因此，理论上，一个作者如果能定期（“按期发行”）出书，则在某种形式上，几与杂志无异；虽然在事实上，全世界几乎没有这样多产的作者，能够维持经年累月的维持——这种写作量。就这样的，《千秋评论》就在前无古人后无来者的出国民党不意的情况下，“创世记”一般的出现了它的“创‘书’记”。这种突破与成绩，足登世界纪录全书而有余矣！
7	058.《千秋评论》满五年了！.txt	5	新闻纸类	external-cue,chinese-compact,political-cue	《千秋评论》的原始构想，早在二十年前就有了。1966年当《文星》杂志被国民党封杀后，在不准登记新报也不准登记新杂志的困境下，我曾计划突破困境的法子。当时我就有了“李敖每月一书”构想，按照钳制言论自由的《出版法》第2条，出版品分为三类：一、“新闻纸类”；二、“书籍类”；三、“其他出版品类”。再按钳制言论自由的《出版法》第306条，出版品如违反本法规定，主管官署得为行政处分：一、“警告”；二、“罚锾”；三、“禁止出售散布进口或扣押没入”；四、“定期停止发行”；五、“撤销登记”。这一条中“定期停止发行”“撤销登记”，是钳制“新闻纸类”的致命法宝，但对非“新闻纸类”的“书籍类”，却没有什么作用，因为“书籍类”既非“按期发行”，自然所谓“行政处分”，也就至多不过即时查禁了事。而“新闻纸类”却可来个查禁一年或撤销登记。换句话说：对“书籍类”，处分只能及身而绝，不能延伸；对“新闻纸类”，处分却能断子绝孙，可以延伸。因此，理论上，一个作者如果能定期（“按期发行”）出书，则在某种形式上，几与杂志无异；虽然在事实上，全世界几乎没有这样多产的作者，能够维持经年累月的维持——这种写作量。就这样的，《千秋评论》就在前无古人后无来者的出国民党不意的情况下，“创世记”一般的出现了它的“创‘书’记”。这种突破与成绩，足登世界纪录全书而有余矣！
7	058.《千秋评论》满五年了！.txt	5	行政处分	external-cue,chinese-compact,political-cue	《千秋评论》的原始构想，早在二十年前就有了。1966年当《文星》杂志被国民党封杀后，在不准登记新报也不准登记新杂志的困境下，我曾计划突破困境的法子。当时我就有了“李敖每月一书”构想，按照钳制言论自由的《出版法》第2条，出版品分为三类：一、“新闻纸类”；二、“书籍类”；三、“其他出版品类”。再按钳制言论自由的《出版法》第306条，出版品如违反本法规定，主管官署得为行政处分：一、“警告”；二、“罚锾”；三、“禁止出售散布进口或扣押没入”；四、“定期停止发行”；五、“撤销登记”。这一条中“定期停止发行”“撤销登记”，是钳制“新闻纸类”的致命法宝，但对非“新闻纸类”的“书籍类”，却没有什么作用，因为“书籍类”既非“按期发行”，自然所谓“行政处分”，也就至多不过即时查禁了事。而“新闻纸类”却可来个查禁一年或撤销登记。换句话说：对“书籍类”，处分只能及身而绝，不能延伸；对“新闻纸类”，处分却能断子绝孙，可以延伸。因此，理论上，一个作者如果能定期（“按期发行”）出书，则在某种形式上，几与杂志无异；虽然在事实上，全世界几乎没有这样多产的作者，能够维持经年累月的维持——这种写作量。就这样的，《千秋评论》就在前无古人后无来者的出国民党不意的情况下，“创世记”一般的出现了它的“创‘书’记”。这种突破与成绩，足登世界纪录全书而有余矣！
7	058.《千秋评论》满五年了！.txt	7	拆开锦囊视之	external-cue,quote-like,chinese-compact,self-authored-cue,political-cue	《千秋评论》的开始，是典型的优患之书，因为它第一期出版的时候，我正在第二次政治犯牢中。第二次的刑期是六个月，在我入狱前夜，汝清陪我预先编好了前六册，在1981年8月10日入狱当天的清早，全部交给了林秉钦，转给叶圣康的四季出版公司出版，这种做法，活像诸葛亮“预伏锦囊计”似的，只要林秉钦每月“拆开锦囊视之”，即可付印成书。在编六册书的时候，原是以狱中新作无法外传的准备下编成的。我入狱后，林秉钦为了配合时文，曾在第三期《奇情·上吊·血》里编入王小痴的《“哀”我的朋友李敖》和林清玄的《我所认识的李敖》。后来我终于建立了秘密运出稿件的管道，于是，从第四期《自由·党外·蚕》起，每期都代换进我的狱中新作。像第四期的《题泰国漫画》《中国式好人》《我最难忘的一个流氓》《党外是谁喊出来的？》《给党外人士上一课》《文化美容、财政美容、司法美容》《只许我中央，不许你中央》；第五期《霸王·骆马·人》的《梦做路马的自由》《李诗四首》《论褫夺狂——兼论政治犯是终身职》《我的殷海光》；第六期《神仙·老虎·狗》的《“显性伪君子”和“隐性伪君子”》《“三毛式伪善”和“金庸式伪善”》《从大规迹评论人》《这样的法官配做院长吗？》《方神父的惊人秘密》《喜欢的与该做的》，总计一下，一共十七篇，这十七篇从秘密管道流出来的文字，是《千秋评论》前六期中后三期的最大特色。到了第七期《勇气·脚镣·针》以后，其中虽有许多也是狱中偷运出来的，但那时我已出狱了，发表时候，“传奇”上和“趣味”上，是不能同我在牢里相比的。
7	058.《千秋评论》满五年了！.txt	7	金庸式伪善	external-cue,quote-like,chinese-compact,self-authored-cue,political-cue	《千秋评论》的开始，是典型的优患之书，因为它第一期出版的时候，我正在第二次政治犯牢中。第二次的刑期是六个月，在我入狱前夜，汝清陪我预先编好了前六册，在1981年8月10日入狱当天的清早，全部交给了林秉钦，转给叶圣康的四季出版公司出版，这种做法，活像诸葛亮“预伏锦囊计”似的，只要林秉钦每月“拆开锦囊视之”，即可付印成书。在编六册书的时候，原是以狱中新作无法外传的准备下编成的。我入狱后，林秉钦为了配合时文，曾在第三期《奇情·上吊·血》里编入王小痴的《“哀”我的朋友李敖》和林清玄的《我所认识的李敖》。后来我终于建立了秘密运出稿件的管道，于是，从第四期《自由·党外·蚕》起，每期都代换进我的狱中新作。像第四期的《题泰国漫画》《中国式好人》《我最难忘的一个流氓》《党外是谁喊出来的？》《给党外人士上一课》《文化美容、财政美容、司法美容》《只许我中央，不许你中央》；第五期《霸王·骆马·人》的《梦做路马的自由》《李诗四首》《论褫夺狂——兼论政治犯是终身职》《我的殷海光》；第六期《神仙·老虎·狗》的《“显性伪君子”和“隐性伪君子”》《“三毛式伪善”和“金庸式伪善”》《从大规迹评论人》《这样的法官配做院长吗？》《方神父的惊人秘密》《喜欢的与该做的》，总计一下，一共十七篇，这十七篇从秘密管道流出来的文字，是《千秋评论》前六期中后三期的最大特色。到了第七期《勇气·脚镣·针》以后，其中虽有许多也是狱中偷运出来的，但那时我已出狱了，发表时候，“传奇”上和“趣味”上，是不能同我在牢里相比的。
7	058.《千秋评论》满五年了！.txt	7	三毛式伪善	external-cue,quote-like,chinese-compact,self-authored-cue,political-cue	《千秋评论》的开始，是典型的优患之书，因为它第一期出版的时候，我正在第二次政治犯牢中。第二次的刑期是六个月，在我入狱前夜，汝清陪我预先编好了前六册，在1981年8月10日入狱当天的清早，全部交给了林秉钦，转给叶圣康的四季出版公司出版，这种做法，活像诸葛亮“预伏锦囊计”似的，只要林秉钦每月“拆开锦囊视之”，即可付印成书。在编六册书的时候，原是以狱中新作无法外传的准备下编成的。我入狱后，林秉钦为了配合时文，曾在第三期《奇情·上吊·血》里编入王小痴的《“哀”我的朋友李敖》和林清玄的《我所认识的李敖》。后来我终于建立了秘密运出稿件的管道，于是，从第四期《自由·党外·蚕》起，每期都代换进我的狱中新作。像第四期的《题泰国漫画》《中国式好人》《我最难忘的一个流氓》《党外是谁喊出来的？》《给党外人士上一课》《文化美容、财政美容、司法美容》《只许我中央，不许你中央》；第五期《霸王·骆马·人》的《梦做路马的自由》《李诗四首》《论褫夺狂——兼论政治犯是终身职》《我的殷海光》；第六期《神仙·老虎·狗》的《“显性伪君子”和“隐性伪君子”》《“三毛式伪善”和“金庸式伪善”》《从大规迹评论人》《这样的法官配做院长吗？》《方神父的惊人秘密》《喜欢的与该做的》，总计一下，一共十七篇，这十七篇从秘密管道流出来的文字，是《千秋评论》前六期中后三期的最大特色。到了第七期《勇气·脚镣·针》以后，其中虽有许多也是狱中偷运出来的，但那时我已出狱了，发表时候，“传奇”上和“趣味”上，是不能同我在牢里相比的。
7	058.《千秋评论》满五年了！.txt	7	显性伪君子	external-cue,quote-like,chinese-compact,self-authored-cue,political-cue	《千秋评论》的开始，是典型的优患之书，因为它第一期出版的时候，我正在第二次政治犯牢中。第二次的刑期是六个月，在我入狱前夜，汝清陪我预先编好了前六册，在1981年8月10日入狱当天的清早，全部交给了林秉钦，转给叶圣康的四季出版公司出版，这种做法，活像诸葛亮“预伏锦囊计”似的，只要林秉钦每月“拆开锦囊视之”，即可付印成书。在编六册书的时候，原是以狱中新作无法外传的准备下编成的。我入狱后，林秉钦为了配合时文，曾在第三期《奇情·上吊·血》里编入王小痴的《“哀”我的朋友李敖》和林清玄的《我所认识的李敖》。后来我终于建立了秘密运出稿件的管道，于是，从第四期《自由·党外·蚕》起，每期都代换进我的狱中新作。像第四期的《题泰国漫画》《中国式好人》《我最难忘的一个流氓》《党外是谁喊出来的？》《给党外人士上一课》《文化美容、财政美容、司法美容》《只许我中央，不许你中央》；第五期《霸王·骆马·人》的《梦做路马的自由》《李诗四首》《论褫夺狂——兼论政治犯是终身职》《我的殷海光》；第六期《神仙·老虎·狗》的《“显性伪君子”和“隐性伪君子”》《“三毛式伪善”和“金庸式伪善”》《从大规迹评论人》《这样的法官配做院长吗？》《方神父的惊人秘密》《喜欢的与该做的》，总计一下，一共十七篇，这十七篇从秘密管道流出来的文字，是《千秋评论》前六期中后三期的最大特色。到了第七期《勇气·脚镣·针》以后，其中虽有许多也是狱中偷运出来的，但那时我已出狱了，发表时候，“传奇”上和“趣味”上，是不能同我在牢里相比的。
7	058.《千秋评论》满五年了！.txt	7	隐性伪君子	external-cue,quote-like,chinese-compact,self-authored-cue,political-cue	《千秋评论》的开始，是典型的优患之书，因为它第一期出版的时候，我正在第二次政治犯牢中。第二次的刑期是六个月，在我入狱前夜，汝清陪我预先编好了前六册，在1981年8月10日入狱当天的清早，全部交给了林秉钦，转给叶圣康的四季出版公司出版，这种做法，活像诸葛亮“预伏锦囊计”似的，只要林秉钦每月“拆开锦囊视之”，即可付印成书。在编六册书的时候，原是以狱中新作无法外传的准备下编成的。我入狱后，林秉钦为了配合时文，曾在第三期《奇情·上吊·血》里编入王小痴的《“哀”我的朋友李敖》和林清玄的《我所认识的李敖》。后来我终于建立了秘密运出稿件的管道，于是，从第四期《自由·党外·蚕》起，每期都代换进我的狱中新作。像第四期的《题泰国漫画》《中国式好人》《我最难忘的一个流氓》《党外是谁喊出来的？》《给党外人士上一课》《文化美容、财政美容、司法美容》《只许我中央，不许你中央》；第五期《霸王·骆马·人》的《梦做路马的自由》《李诗四首》《论褫夺狂——兼论政治犯是终身职》《我的殷海光》；第六期《神仙·老虎·狗》的《“显性伪君子”和“隐性伪君子”》《“三毛式伪善”和“金庸式伪善”》《从大规迹评论人》《这样的法官配做院长吗？》《方神父的惊人秘密》《喜欢的与该做的》，总计一下，一共十七篇，这十七篇从秘密管道流出来的文字，是《千秋评论》前六期中后三期的最大特色。到了第七期《勇气·脚镣·针》以后，其中虽有许多也是狱中偷运出来的，但那时我已出狱了，发表时候，“传奇”上和“趣味”上，是不能同我在牢里相比的。
7	058.《千秋评论》满五年了！.txt	7	预伏锦囊计	external-cue,quote-like,chinese-compact,self-authored-cue,political-cue	《千秋评论》的开始，是典型的优患之书，因为它第一期出版的时候，我正在第二次政治犯牢中。第二次的刑期是六个月，在我入狱前夜，汝清陪我预先编好了前六册，在1981年8月10日入狱当天的清早，全部交给了林秉钦，转给叶圣康的四季出版公司出版，这种做法，活像诸葛亮“预伏锦囊计”似的，只要林秉钦每月“拆开锦囊视之”，即可付印成书。在编六册书的时候，原是以狱中新作无法外传的准备下编成的。我入狱后，林秉钦为了配合时文，曾在第三期《奇情·上吊·血》里编入王小痴的《“哀”我的朋友李敖》和林清玄的《我所认识的李敖》。后来我终于建立了秘密运出稿件的管道，于是，从第四期《自由·党外·蚕》起，每期都代换进我的狱中新作。像第四期的《题泰国漫画》《中国式好人》《我最难忘的一个流氓》《党外是谁喊出来的？》《给党外人士上一课》《文化美容、财政美容、司法美容》《只许我中央，不许你中央》；第五期《霸王·骆马·人》的《梦做路马的自由》《李诗四首》《论褫夺狂——兼论政治犯是终身职》《我的殷海光》；第六期《神仙·老虎·狗》的《“显性伪君子”和“隐性伪君子”》《“三毛式伪善”和“金庸式伪善”》《从大规迹评论人》《这样的法官配做院长吗？》《方神父的惊人秘密》《喜欢的与该做的》，总计一下，一共十七篇，这十七篇从秘密管道流出来的文字，是《千秋评论》前六期中后三期的最大特色。到了第七期《勇气·脚镣·针》以后，其中虽有许多也是狱中偷运出来的，但那时我已出狱了，发表时候，“传奇”上和“趣味”上，是不能同我在牢里相比的。
7	058.《千秋评论》满五年了！.txt	9	按期发行	external-cue,chinese-compact,political-cue	五年来，《千秋评论》在排除万难下“按期发行”，大体都在每月一册的进度下飞跃前进、迂回前进、匍匐前进。……不管国民党怎么对我“五堵”“七堵”“八堵”式的堵塞，不管国民党怎么对我“魔鬼机器警察”式的消灭，我就是要心之所善、九死无悔，就是要前进。国民党目前对《千秋评论》的抢劫封杀，是五年来最疯狂的，即以上期（第五十八期）出版过程而论，7月23日大队人马直扑装订厂，抢走四千本；我不屈服，再印，7月30日再大队人马直扑装订厂，抢走四千本；我还不屈服，再印，8月4日又大队人马直扑装订厂，抢走一千五百本。我还不屈服，又再印。……这种一次又一次你抢你的、我出我的的相持，又足登世界纪录全书而有余矣！
7	058.《千秋评论》满五年了！.txt	9	魔鬼机器警察	external-cue,chinese-compact,political-cue	五年来，《千秋评论》在排除万难下“按期发行”，大体都在每月一册的进度下飞跃前进、迂回前进、匍匐前进。……不管国民党怎么对我“五堵”“七堵”“八堵”式的堵塞，不管国民党怎么对我“魔鬼机器警察”式的消灭，我就是要心之所善、九死无悔，就是要前进。国民党目前对《千秋评论》的抢劫封杀，是五年来最疯狂的，即以上期（第五十八期）出版过程而论，7月23日大队人马直扑装订厂，抢走四千本；我不屈服，再印，7月30日再大队人马直扑装订厂，抢走四千本；我还不屈服，再印，8月4日又大队人马直扑装订厂，抢走一千五百本。我还不屈服，又再印。……这种一次又一次你抢你的、我出我的的相持，又足登世界纪录全书而有余矣！
7	058.《千秋评论》满五年了！.txt	11	五年辛苦不寻常	external-cue,chinese-compact	《千秋评论》在版口上每页六百字，每册十万字，如今五年来写出了六十册，正好是六百万字。下笔之勤、落笔之快、出书之恒、坚持之久，可说人类有史以来第一人。我子夜疾书，作此总结，深感“五年辛苦不寻常”、深感成书之难，不可不记。庆祝之余，文以铭之：
7	060.关于《丽达与天鹅》.txt	77	天神宙斯窥见丽达某次浴于河上，乃化为天鹅，袭奸丽达	external-cue,chinese-compact	一、第一行开头“A sudden blow”的blow，余译为“攫”，窃以不如仍译“袭”或“击”，较合“天神宙斯窥见丽达某次浴于河上，乃化为天鹅，袭奸丽达”的希腊神话的意思。且“攫”是“用爪抓取”的意思，可引伸为“夺取”，似与blow的字义不合。故仍以译“袭”或“击”，既合希腊神话故事原意，又合blow的字义。
7	060.关于《丽达与天鹅》.txt	77	用爪抓取	external-cue,chinese-compact	一、第一行开头“A sudden blow”的blow，余译为“攫”，窃以不如仍译“袭”或“击”，较合“天神宙斯窥见丽达某次浴于河上，乃化为天鹅，袭奸丽达”的希腊神话的意思。且“攫”是“用爪抓取”的意思，可引伸为“夺取”，似与blow的字义不合。故仍以译“袭”或“击”，既合希腊神话故事原意，又合blow的字义。
7	060.关于《丽达与天鹅》.txt	83	霸王硬上弓	external-cue,chinese-compact	四、第四行之“He holds her helpless breast upon his breast”，余译为“且拥她无助的乳房在他的胸脯”。窃觉余译得似无“泄欲逞暴”的意味。helpless breast，若译为“可怜的乳房”，似较“无助的乳房”胜；而upon在这里，似更有“霸王硬上弓”的“压在或抵住可怜乳房上面逞暴之势”的意味，余译中似都难以觉到此意。
7	060.关于《丽达与天鹅》.txt	83	可怜的乳房	external-cue,chinese-compact	四、第四行之“He holds her helpless breast upon his breast”，余译为“且拥她无助的乳房在他的胸脯”。窃觉余译得似无“泄欲逞暴”的意味。helpless breast，若译为“可怜的乳房”，似较“无助的乳房”胜；而upon在这里，似更有“霸王硬上弓”的“压在或抵住可怜乳房上面逞暴之势”的意味，余译中似都难以觉到此意。
7	060.关于《丽达与天鹅》.txt	83	且拥她无助的乳房在他的胸脯	external-cue,chinese-compact	四、第四行之“He holds her helpless breast upon his breast”，余译为“且拥她无助的乳房在他的胸脯”。窃觉余译得似无“泄欲逞暴”的意味。helpless breast，若译为“可怜的乳房”，似较“无助的乳房”胜；而upon在这里，似更有“霸王硬上弓”的“压在或抵住可怜乳房上面逞暴之势”的意味，余译中似都难以觉到此意。
7	060.关于《丽达与天鹅》.txt	83	无助的乳房	external-cue,chinese-compact	四、第四行之“He holds her helpless breast upon his breast”，余译为“且拥她无助的乳房在他的胸脯”。窃觉余译得似无“泄欲逞暴”的意味。helpless breast，若译为“可怜的乳房”，似较“无助的乳房”胜；而upon在这里，似更有“霸王硬上弓”的“压在或抵住可怜乳房上面逞暴之势”的意味，余译中似都难以觉到此意。
7	060.关于《丽达与天鹅》.txt	83	泄欲逞暴	external-cue,chinese-compact	四、第四行之“He holds her helpless breast upon his breast”，余译为“且拥她无助的乳房在他的胸脯”。窃觉余译得似无“泄欲逞暴”的意味。helpless breast，若译为“可怜的乳房”，似较“无助的乳房”胜；而upon在这里，似更有“霸王硬上弓”的“压在或抵住可怜乳房上面逞暴之势”的意味，余译中似都难以觉到此意。
7	060.关于《丽达与天鹅》.txt	83	压在或抵住可怜乳房上面逞暴之势	external-cue,chinese-compact	四、第四行之“He holds her helpless breast upon his breast”，余译为“且拥她无助的乳房在他的胸脯”。窃觉余译得似无“泄欲逞暴”的意味。helpless breast，若译为“可怜的乳房”，似较“无助的乳房”胜；而upon在这里，似更有“霸王硬上弓”的“压在或抵住可怜乳房上面逞暴之势”的意味，余译中似都难以觉到此意。
7	060.关于《丽达与天鹅》.txt	85	失去知感的	external-cue,chinese-compact	五、第五行之“vague”，余译为“含糊的”，全照字面意思译，似嫌太呆板。实则受惊少女的手指，此刻已呈麻木失去知感的状态了，故以译“昏麻的”或“失去知感的”为佳。
7	060.关于《丽达与天鹅》.txt	259	拔屌不认人	external-cue,chinese-compact	这里所说神谕借一禽类以显形，达到天鹅强奸少女目的，本质上，是一种“人兽性交”（bestiality，即兽奸），但因为此天鹅来头大，问题就多了。在神话中，天神宙斯（Zeus）是个第一风流鬼，和他有一手的名女人，上榜的有十六位，生的小孩有二十三个，其中私生子一说十八个、一说十五个，大概他自己“拔屌不认人”，也弄不清了。不过这些小孩都属一时之选，并且群神辈出呢！
7	060.关于《丽达与天鹅》.txt	259	人兽性交	external-cue,chinese-compact	这里所说神谕借一禽类以显形，达到天鹅强奸少女目的，本质上，是一种“人兽性交”（bestiality，即兽奸），但因为此天鹅来头大，问题就多了。在神话中，天神宙斯（Zeus）是个第一风流鬼，和他有一手的名女人，上榜的有十六位，生的小孩有二十三个，其中私生子一说十八个、一说十五个，大概他自己“拔屌不认人”，也弄不清了。不过这些小孩都属一时之选，并且群神辈出呢！
7	060.关于《丽达与天鹅》.txt	261	卵叫你呷	external-cue,chinese-compact,political-cue	天神宙斯跟丽达这一手，趣味在他化为禽类强奸，最后丽达怀孕，却下了二蛋，私生子女都成了卵生的。中国神话记商朝祖奶奶简狄，也是和丽达一样，出浴成孕。但不同的是，《史记·殷本纪》只说：“见玄鸟堕其卵，简狄取吞之，因孕生契。”“玄鸟”就是燕子，东方燕子究竟比较客气，只是“下蛋你呷”而已，而西方的天鹅却野蛮得不成体统，竟要“卵叫你呷”了。
7	060.关于《丽达与天鹅》.txt	261	下蛋你呷	external-cue,chinese-compact,political-cue	天神宙斯跟丽达这一手，趣味在他化为禽类强奸，最后丽达怀孕，却下了二蛋，私生子女都成了卵生的。中国神话记商朝祖奶奶简狄，也是和丽达一样，出浴成孕。但不同的是，《史记·殷本纪》只说：“见玄鸟堕其卵，简狄取吞之，因孕生契。”“玄鸟”就是燕子，东方燕子究竟比较客气，只是“下蛋你呷”而已，而西方的天鹅却野蛮得不成体统，竟要“卵叫你呷”了。
7	061.向沧海凝神.txt	13	天人合一	external-cue,chinese-compact	“向沧海凝神”，是一种浩瀚的心灵情怀，它最使人有“天人合一”的博大感觉。这种博大，会使随之而来的任何主题，即是本来很普通的，也跟着变为光彩夺目、壮阔动人。梅尔维尔（Herman Melville）笔下的《白鲸记》（Moby-Dick）主角“向沧海凝神”，意在寻仇；海明威（Ernest Hemingway）笔下的《老人与海》（The Old Man and The Sea）主角“向沧海凝神”，意在不屈。这种寻仇与不屈，都因为寄情沧海，而变得使心灵浩瀚，一切情怀也就大不相同。
7	061.向沧海凝神.txt	13	向沧海凝神	external-cue,chinese-compact	“向沧海凝神”，是一种浩瀚的心灵情怀，它最使人有“天人合一”的博大感觉。这种博大，会使随之而来的任何主题，即是本来很普通的，也跟着变为光彩夺目、壮阔动人。梅尔维尔（Herman Melville）笔下的《白鲸记》（Moby-Dick）主角“向沧海凝神”，意在寻仇；海明威（Ernest Hemingway）笔下的《老人与海》（The Old Man and The Sea）主角“向沧海凝神”，意在不屈。这种寻仇与不屈，都因为寄情沧海，而变得使心灵浩瀚，一切情怀也就大不相同。
7	061.向沧海凝神.txt	13	向沧海凝神	external-cue,chinese-compact	“向沧海凝神”，是一种浩瀚的心灵情怀，它最使人有“天人合一”的博大感觉。这种博大，会使随之而来的任何主题，即是本来很普通的，也跟着变为光彩夺目、壮阔动人。梅尔维尔（Herman Melville）笔下的《白鲸记》（Moby-Dick）主角“向沧海凝神”，意在寻仇；海明威（Ernest Hemingway）笔下的《老人与海》（The Old Man and The Sea）主角“向沧海凝神”，意在不屈。这种寻仇与不屈，都因为寄情沧海，而变得使心灵浩瀚，一切情怀也就大不相同。
7	061.向沧海凝神.txt	13	向沧海凝神	external-cue,chinese-compact	“向沧海凝神”，是一种浩瀚的心灵情怀，它最使人有“天人合一”的博大感觉。这种博大，会使随之而来的任何主题，即是本来很普通的，也跟着变为光彩夺目、壮阔动人。梅尔维尔（Herman Melville）笔下的《白鲸记》（Moby-Dick）主角“向沧海凝神”，意在寻仇；海明威（Ernest Hemingway）笔下的《老人与海》（The Old Man and The Sea）主角“向沧海凝神”，意在不屈。这种寻仇与不屈，都因为寄情沧海，而变得使心灵浩瀚，一切情怀也就大不相同。
6	002.沙丘忆.txt	3	也许我们应该彼此介绍一下，不过，也许根本不必介绍。你是个愿意教的小孩子，我是个愿意学的老师，这就够了。我喊你‘小朋友’，你就喊我‘先生’吧。	external-cue	阿瑟·戈登（Arthur Gordon）写过一篇短篇小说，叫《奇人述异》（The Stranger Who Taught Magic），写一个十三岁的小男孩，在一天清早，蹲在河边看鱼，一个陌生人走过来，这陌生人有一张苍白清瘦的脸，一对非常特殊的眼睛，表情似愁非愁，但是友善而令人难以抗拒。陌生人希望小男孩教他钓鱼，小男孩同意了。陌生人说：“也许我们应该彼此介绍一下，不过，也许根本不必介绍。你是个愿意教的小孩子，我是个愿意学的老师，这就够了。我喊你‘小朋友’，你就喊我‘先生’吧。”
6	002.沙丘忆.txt	11	生活充满了节奏；语言文字也该有节奏。不过你得先训练耳朵。听听静夜的涛声，可以体会其中的韵律；看看海风在干沙上的痕迹，可以体会句子里应有的抑扬顿挫。你懂我意思吗？	external-cue	陌生人教小男孩，注意生活里的节奏（rhythm）。他说：“生活充满了节奏；语言文字也该有节奏。不过你得先训练耳朵。听听静夜的涛声，可以体会其中的韵律；看看海风在干沙上的痕迹，可以体会句子里应有的抑扬顿挫。你懂我意思吗？”（“Life is full of it；words should have it, too. But you have to train your ear. Listen to the waves on a quiet night; you'Il pick up the cadence. Look at the patterns the wind makes in dry sand and you'll see how syllables in a sentence should fall. Do you know what I mean?”）
6	024.自赞五首.txt	45	梓匠轮舆，能与人规矩，不能使人巧。	external-cue	①孟子说：“梓匠轮舆，能与人规矩，不能使人巧。”意思是说木匠和车匠，只能使人知道怎么做工，却不能使人心灵手敏。我想，真正能够领略我的高杆的读者，应该不会那么笨，应该每月花一百元，学到许多不可言传的巧思。
6	028.“于人曰浩然，沛乎塞苍冥”.txt	15	居浩然作于1972年旅美期间	external-cue,quote-like,self-authored-cue	附纸的诗上，居蜜写着“居浩然作于1972年旅美期间”字样，原诗为居浩然亲笔：
6	042.不让她做大牌.txt	19	女人是我们的财产，而我们却不是她的财产。……她是他的财产，一如果树是园丁的财产一样。	external-cue	拿破仑流放到南大西洋圣赫勒拿（St. Helena）岛，在日记里写道：“女人是我们的财产，而我们却不是她的财产。……她是他的财产，一如果树是园丁的财产一样。”拿破仑对女人的这种隶属观念，远在他制订法典时代就形成了。他在制订会议上说：“丈夫有权向他的女人说：‘太太，你不得出门！太太，你不得到戏院去！太太，你不得见某人、某人！’这个就是说：‘太太，你的身体、你的灵魂，都是属于我的。’”拿破仑这种观念，在平等观点上，是错误的，但这一观念，不论他一生中是得意或失意、是飞黄腾达或穷途末路，他都坚信不疑。在这一基调上，他对女人，显然存有一种悲观的了解，虽然这种了解，并没阻却他对美女的喜爱。只是喜爱之中，他不容女人占上风而已。因为人间的事，被女人占了上风，常常毁了男人，也毁了女人自己。
6	042.不让她做大牌.txt	19	丈夫有权向他的女人说：‘太太，你不得出门！太太，你不得到戏院去！太太，你不得见某人、某人！’这个就是说：‘太太，你的身体、你的灵魂，都是属于我的。’	external-cue	拿破仑流放到南大西洋圣赫勒拿（St. Helena）岛，在日记里写道：“女人是我们的财产，而我们却不是她的财产。……她是他的财产，一如果树是园丁的财产一样。”拿破仑对女人的这种隶属观念，远在他制订法典时代就形成了。他在制订会议上说：“丈夫有权向他的女人说：‘太太，你不得出门！太太，你不得到戏院去！太太，你不得见某人、某人！’这个就是说：‘太太，你的身体、你的灵魂，都是属于我的。’”拿破仑这种观念，在平等观点上，是错误的，但这一观念，不论他一生中是得意或失意、是飞黄腾达或穷途末路，他都坚信不疑。在这一基调上，他对女人，显然存有一种悲观的了解，虽然这种了解，并没阻却他对美女的喜爱。只是喜爱之中，他不容女人占上风而已。因为人间的事，被女人占了上风，常常毁了男人，也毁了女人自己。
6	051.《我们七个》.txt	5	恐译得不好，故还盼文字高手如兄者，再做斟酌和润色。	external-cue,quote-like,self-authored-cue	承你逼令我译这首诗，你说你的朋友们试译，都译不成，你硬要我译。我很滑头，我先转给胡虚一去译。9月23日，虚一译来了，他附信说：“恐译得不好，故还盼文字高手如兄者，再做斟酌和润色。”我细看虚一的译作，诗情意境都能把握，可惜他有点书呆，把小女孩的口气，译得太“文”了，于是我决定大胆“斟酌和润色”。不料我太忙了，就拖了下来。
6	051.《我们七个》.txt	7	胡译本	external-cue,quote-like,self-authored-cue	昨天峰松、金珠和小女儿到我家，看我只“斟酌和润色”了第一段，催我快译，说你等着要。于是今天早起，就花了一个半小时，把“胡译本”改成“胡李译本”。因为原诗除最末一节外，都是abab的四行体，我为扣紧二、四行韵脚，迁就贫乏的中文词汇，偶尔也不无“增字解经”之处、“掺以己意”之处，凡此错妄，自当由我负全责，与虚一无涉也。下面就是全文：
6	051.《我们七个》.txt	169	What should it know of death?	quote-like,latin-text	四年前，惨绝人寰的林家祖孙命案发生当时，连不认识林义雄的我，都感悲愤万分，甚至当众放声号泣过。我真不忍想象，当黑衫队员举起利刀，刺杀奂均、亮均、亭均的时候，她们三个姐妹的眼神是怎样一种表情。她们不会抵抗，只会喊疼，不知道逃命，只会望着那黑衫人说“不要”，她们像献祭的小羔羊，不知道罪恶、不知道死亡，正如这首诗所说的：“What should it know of death?”结果，那地狱使者还是夺去亮均、亭均的生命。
6	058.《千秋评论》满五年了！.txt	5	创世记	external-cue,political-cue	《千秋评论》的原始构想，早在二十年前就有了。1966年当《文星》杂志被国民党封杀后，在不准登记新报也不准登记新杂志的困境下，我曾计划突破困境的法子。当时我就有了“李敖每月一书”构想，按照钳制言论自由的《出版法》第2条，出版品分为三类：一、“新闻纸类”；二、“书籍类”；三、“其他出版品类”。再按钳制言论自由的《出版法》第306条，出版品如违反本法规定，主管官署得为行政处分：一、“警告”；二、“罚锾”；三、“禁止出售散布进口或扣押没入”；四、“定期停止发行”；五、“撤销登记”。这一条中“定期停止发行”“撤销登记”，是钳制“新闻纸类”的致命法宝，但对非“新闻纸类”的“书籍类”，却没有什么作用，因为“书籍类”既非“按期发行”，自然所谓“行政处分”，也就至多不过即时查禁了事。而“新闻纸类”却可来个查禁一年或撤销登记。换句话说：对“书籍类”，处分只能及身而绝，不能延伸；对“新闻纸类”，处分却能断子绝孙，可以延伸。因此，理论上，一个作者如果能定期（“按期发行”）出书，则在某种形式上，几与杂志无异；虽然在事实上，全世界几乎没有这样多产的作者，能够维持经年累月的维持——这种写作量。就这样的，《千秋评论》就在前无古人后无来者的出国民党不意的情况下，“创世记”一般的出现了它的“创‘书’记”。这种突破与成绩，足登世界纪录全书而有余矣！
6	058.《千秋评论》满五年了！.txt	5	罚锾	external-cue,political-cue	《千秋评论》的原始构想，早在二十年前就有了。1966年当《文星》杂志被国民党封杀后，在不准登记新报也不准登记新杂志的困境下，我曾计划突破困境的法子。当时我就有了“李敖每月一书”构想，按照钳制言论自由的《出版法》第2条，出版品分为三类：一、“新闻纸类”；二、“书籍类”；三、“其他出版品类”。再按钳制言论自由的《出版法》第306条，出版品如违反本法规定，主管官署得为行政处分：一、“警告”；二、“罚锾”；三、“禁止出售散布进口或扣押没入”；四、“定期停止发行”；五、“撤销登记”。这一条中“定期停止发行”“撤销登记”，是钳制“新闻纸类”的致命法宝，但对非“新闻纸类”的“书籍类”，却没有什么作用，因为“书籍类”既非“按期发行”，自然所谓“行政处分”，也就至多不过即时查禁了事。而“新闻纸类”却可来个查禁一年或撤销登记。换句话说：对“书籍类”，处分只能及身而绝，不能延伸；对“新闻纸类”，处分却能断子绝孙，可以延伸。因此，理论上，一个作者如果能定期（“按期发行”）出书，则在某种形式上，几与杂志无异；虽然在事实上，全世界几乎没有这样多产的作者，能够维持经年累月的维持——这种写作量。就这样的，《千秋评论》就在前无古人后无来者的出国民党不意的情况下，“创世记”一般的出现了它的“创‘书’记”。这种突破与成绩，足登世界纪录全书而有余矣！
6	058.《千秋评论》满五年了！.txt	5	警告	external-cue,political-cue	《千秋评论》的原始构想，早在二十年前就有了。1966年当《文星》杂志被国民党封杀后，在不准登记新报也不准登记新杂志的困境下，我曾计划突破困境的法子。当时我就有了“李敖每月一书”构想，按照钳制言论自由的《出版法》第2条，出版品分为三类：一、“新闻纸类”；二、“书籍类”；三、“其他出版品类”。再按钳制言论自由的《出版法》第306条，出版品如违反本法规定，主管官署得为行政处分：一、“警告”；二、“罚锾”；三、“禁止出售散布进口或扣押没入”；四、“定期停止发行”；五、“撤销登记”。这一条中“定期停止发行”“撤销登记”，是钳制“新闻纸类”的致命法宝，但对非“新闻纸类”的“书籍类”，却没有什么作用，因为“书籍类”既非“按期发行”，自然所谓“行政处分”，也就至多不过即时查禁了事。而“新闻纸类”却可来个查禁一年或撤销登记。换句话说：对“书籍类”，处分只能及身而绝，不能延伸；对“新闻纸类”，处分却能断子绝孙，可以延伸。因此，理论上，一个作者如果能定期（“按期发行”）出书，则在某种形式上，几与杂志无异；虽然在事实上，全世界几乎没有这样多产的作者，能够维持经年累月的维持——这种写作量。就这样的，《千秋评论》就在前无古人后无来者的出国民党不意的情况下，“创世记”一般的出现了它的“创‘书’记”。这种突破与成绩，足登世界纪录全书而有余矣！
6	058.《千秋评论》满五年了！.txt	5	书籍类	external-cue,political-cue	《千秋评论》的原始构想，早在二十年前就有了。1966年当《文星》杂志被国民党封杀后，在不准登记新报也不准登记新杂志的困境下，我曾计划突破困境的法子。当时我就有了“李敖每月一书”构想，按照钳制言论自由的《出版法》第2条，出版品分为三类：一、“新闻纸类”；二、“书籍类”；三、“其他出版品类”。再按钳制言论自由的《出版法》第306条，出版品如违反本法规定，主管官署得为行政处分：一、“警告”；二、“罚锾”；三、“禁止出售散布进口或扣押没入”；四、“定期停止发行”；五、“撤销登记”。这一条中“定期停止发行”“撤销登记”，是钳制“新闻纸类”的致命法宝，但对非“新闻纸类”的“书籍类”，却没有什么作用，因为“书籍类”既非“按期发行”，自然所谓“行政处分”，也就至多不过即时查禁了事。而“新闻纸类”却可来个查禁一年或撤销登记。换句话说：对“书籍类”，处分只能及身而绝，不能延伸；对“新闻纸类”，处分却能断子绝孙，可以延伸。因此，理论上，一个作者如果能定期（“按期发行”）出书，则在某种形式上，几与杂志无异；虽然在事实上，全世界几乎没有这样多产的作者，能够维持经年累月的维持——这种写作量。就这样的，《千秋评论》就在前无古人后无来者的出国民党不意的情况下，“创世记”一般的出现了它的“创‘书’记”。这种突破与成绩，足登世界纪录全书而有余矣！
6	058.《千秋评论》满五年了！.txt	5	书籍类	external-cue,political-cue	《千秋评论》的原始构想，早在二十年前就有了。1966年当《文星》杂志被国民党封杀后，在不准登记新报也不准登记新杂志的困境下，我曾计划突破困境的法子。当时我就有了“李敖每月一书”构想，按照钳制言论自由的《出版法》第2条，出版品分为三类：一、“新闻纸类”；二、“书籍类”；三、“其他出版品类”。再按钳制言论自由的《出版法》第306条，出版品如违反本法规定，主管官署得为行政处分：一、“警告”；二、“罚锾”；三、“禁止出售散布进口或扣押没入”；四、“定期停止发行”；五、“撤销登记”。这一条中“定期停止发行”“撤销登记”，是钳制“新闻纸类”的致命法宝，但对非“新闻纸类”的“书籍类”，却没有什么作用，因为“书籍类”既非“按期发行”，自然所谓“行政处分”，也就至多不过即时查禁了事。而“新闻纸类”却可来个查禁一年或撤销登记。换句话说：对“书籍类”，处分只能及身而绝，不能延伸；对“新闻纸类”，处分却能断子绝孙，可以延伸。因此，理论上，一个作者如果能定期（“按期发行”）出书，则在某种形式上，几与杂志无异；虽然在事实上，全世界几乎没有这样多产的作者，能够维持经年累月的维持——这种写作量。就这样的，《千秋评论》就在前无古人后无来者的出国民党不意的情况下，“创世记”一般的出现了它的“创‘书’记”。这种突破与成绩，足登世界纪录全书而有余矣！
6	058.《千秋评论》满五年了！.txt	5	书籍类	external-cue,political-cue	《千秋评论》的原始构想，早在二十年前就有了。1966年当《文星》杂志被国民党封杀后，在不准登记新报也不准登记新杂志的困境下，我曾计划突破困境的法子。当时我就有了“李敖每月一书”构想，按照钳制言论自由的《出版法》第2条，出版品分为三类：一、“新闻纸类”；二、“书籍类”；三、“其他出版品类”。再按钳制言论自由的《出版法》第306条，出版品如违反本法规定，主管官署得为行政处分：一、“警告”；二、“罚锾”；三、“禁止出售散布进口或扣押没入”；四、“定期停止发行”；五、“撤销登记”。这一条中“定期停止发行”“撤销登记”，是钳制“新闻纸类”的致命法宝，但对非“新闻纸类”的“书籍类”，却没有什么作用，因为“书籍类”既非“按期发行”，自然所谓“行政处分”，也就至多不过即时查禁了事。而“新闻纸类”却可来个查禁一年或撤销登记。换句话说：对“书籍类”，处分只能及身而绝，不能延伸；对“新闻纸类”，处分却能断子绝孙，可以延伸。因此，理论上，一个作者如果能定期（“按期发行”）出书，则在某种形式上，几与杂志无异；虽然在事实上，全世界几乎没有这样多产的作者，能够维持经年累月的维持——这种写作量。就这样的，《千秋评论》就在前无古人后无来者的出国民党不意的情况下，“创世记”一般的出现了它的“创‘书’记”。这种突破与成绩，足登世界纪录全书而有余矣！
6	058.《千秋评论》满五年了！.txt	5	书籍类	external-cue,political-cue	《千秋评论》的原始构想，早在二十年前就有了。1966年当《文星》杂志被国民党封杀后，在不准登记新报也不准登记新杂志的困境下，我曾计划突破困境的法子。当时我就有了“李敖每月一书”构想，按照钳制言论自由的《出版法》第2条，出版品分为三类：一、“新闻纸类”；二、“书籍类”；三、“其他出版品类”。再按钳制言论自由的《出版法》第306条，出版品如违反本法规定，主管官署得为行政处分：一、“警告”；二、“罚锾”；三、“禁止出售散布进口或扣押没入”；四、“定期停止发行”；五、“撤销登记”。这一条中“定期停止发行”“撤销登记”，是钳制“新闻纸类”的致命法宝，但对非“新闻纸类”的“书籍类”，却没有什么作用，因为“书籍类”既非“按期发行”，自然所谓“行政处分”，也就至多不过即时查禁了事。而“新闻纸类”却可来个查禁一年或撤销登记。换句话说：对“书籍类”，处分只能及身而绝，不能延伸；对“新闻纸类”，处分却能断子绝孙，可以延伸。因此，理论上，一个作者如果能定期（“按期发行”）出书，则在某种形式上，几与杂志无异；虽然在事实上，全世界几乎没有这样多产的作者，能够维持经年累月的维持——这种写作量。就这样的，《千秋评论》就在前无古人后无来者的出国民党不意的情况下，“创世记”一般的出现了它的“创‘书’记”。这种突破与成绩，足登世界纪录全书而有余矣！
6	058.《千秋评论》满五年了！.txt	7	哀	external-cue,quote-like,self-authored-cue,political-cue	《千秋评论》的开始，是典型的优患之书，因为它第一期出版的时候，我正在第二次政治犯牢中。第二次的刑期是六个月，在我入狱前夜，汝清陪我预先编好了前六册，在1981年8月10日入狱当天的清早，全部交给了林秉钦，转给叶圣康的四季出版公司出版，这种做法，活像诸葛亮“预伏锦囊计”似的，只要林秉钦每月“拆开锦囊视之”，即可付印成书。在编六册书的时候，原是以狱中新作无法外传的准备下编成的。我入狱后，林秉钦为了配合时文，曾在第三期《奇情·上吊·血》里编入王小痴的《“哀”我的朋友李敖》和林清玄的《我所认识的李敖》。后来我终于建立了秘密运出稿件的管道，于是，从第四期《自由·党外·蚕》起，每期都代换进我的狱中新作。像第四期的《题泰国漫画》《中国式好人》《我最难忘的一个流氓》《党外是谁喊出来的？》《给党外人士上一课》《文化美容、财政美容、司法美容》《只许我中央，不许你中央》；第五期《霸王·骆马·人》的《梦做路马的自由》《李诗四首》《论褫夺狂——兼论政治犯是终身职》《我的殷海光》；第六期《神仙·老虎·狗》的《“显性伪君子”和“隐性伪君子”》《“三毛式伪善”和“金庸式伪善”》《从大规迹评论人》《这样的法官配做院长吗？》《方神父的惊人秘密》《喜欢的与该做的》，总计一下，一共十七篇，这十七篇从秘密管道流出来的文字，是《千秋评论》前六期中后三期的最大特色。到了第七期《勇气·脚镣·针》以后，其中虽有许多也是狱中偷运出来的，但那时我已出狱了，发表时候，“传奇”上和“趣味”上，是不能同我在牢里相比的。
6	058.《千秋评论》满五年了！.txt	7	传奇	external-cue,quote-like,self-authored-cue,political-cue	《千秋评论》的开始，是典型的优患之书，因为它第一期出版的时候，我正在第二次政治犯牢中。第二次的刑期是六个月，在我入狱前夜，汝清陪我预先编好了前六册，在1981年8月10日入狱当天的清早，全部交给了林秉钦，转给叶圣康的四季出版公司出版，这种做法，活像诸葛亮“预伏锦囊计”似的，只要林秉钦每月“拆开锦囊视之”，即可付印成书。在编六册书的时候，原是以狱中新作无法外传的准备下编成的。我入狱后，林秉钦为了配合时文，曾在第三期《奇情·上吊·血》里编入王小痴的《“哀”我的朋友李敖》和林清玄的《我所认识的李敖》。后来我终于建立了秘密运出稿件的管道，于是，从第四期《自由·党外·蚕》起，每期都代换进我的狱中新作。像第四期的《题泰国漫画》《中国式好人》《我最难忘的一个流氓》《党外是谁喊出来的？》《给党外人士上一课》《文化美容、财政美容、司法美容》《只许我中央，不许你中央》；第五期《霸王·骆马·人》的《梦做路马的自由》《李诗四首》《论褫夺狂——兼论政治犯是终身职》《我的殷海光》；第六期《神仙·老虎·狗》的《“显性伪君子”和“隐性伪君子”》《“三毛式伪善”和“金庸式伪善”》《从大规迹评论人》《这样的法官配做院长吗？》《方神父的惊人秘密》《喜欢的与该做的》，总计一下，一共十七篇，这十七篇从秘密管道流出来的文字，是《千秋评论》前六期中后三期的最大特色。到了第七期《勇气·脚镣·针》以后，其中虽有许多也是狱中偷运出来的，但那时我已出狱了，发表时候，“传奇”上和“趣味”上，是不能同我在牢里相比的。
6	058.《千秋评论》满五年了！.txt	7	趣味	external-cue,quote-like,self-authored-cue,political-cue	《千秋评论》的开始，是典型的优患之书，因为它第一期出版的时候，我正在第二次政治犯牢中。第二次的刑期是六个月，在我入狱前夜，汝清陪我预先编好了前六册，在1981年8月10日入狱当天的清早，全部交给了林秉钦，转给叶圣康的四季出版公司出版，这种做法，活像诸葛亮“预伏锦囊计”似的，只要林秉钦每月“拆开锦囊视之”，即可付印成书。在编六册书的时候，原是以狱中新作无法外传的准备下编成的。我入狱后，林秉钦为了配合时文，曾在第三期《奇情·上吊·血》里编入王小痴的《“哀”我的朋友李敖》和林清玄的《我所认识的李敖》。后来我终于建立了秘密运出稿件的管道，于是，从第四期《自由·党外·蚕》起，每期都代换进我的狱中新作。像第四期的《题泰国漫画》《中国式好人》《我最难忘的一个流氓》《党外是谁喊出来的？》《给党外人士上一课》《文化美容、财政美容、司法美容》《只许我中央，不许你中央》；第五期《霸王·骆马·人》的《梦做路马的自由》《李诗四首》《论褫夺狂——兼论政治犯是终身职》《我的殷海光》；第六期《神仙·老虎·狗》的《“显性伪君子”和“隐性伪君子”》《“三毛式伪善”和“金庸式伪善”》《从大规迹评论人》《这样的法官配做院长吗？》《方神父的惊人秘密》《喜欢的与该做的》，总计一下，一共十七篇，这十七篇从秘密管道流出来的文字，是《千秋评论》前六期中后三期的最大特色。到了第七期《勇气·脚镣·针》以后，其中虽有许多也是狱中偷运出来的，但那时我已出狱了，发表时候，“传奇”上和“趣味”上，是不能同我在牢里相比的。
6	058.《千秋评论》满五年了！.txt	9	八堵	external-cue,political-cue	五年来，《千秋评论》在排除万难下“按期发行”，大体都在每月一册的进度下飞跃前进、迂回前进、匍匐前进。……不管国民党怎么对我“五堵”“七堵”“八堵”式的堵塞，不管国民党怎么对我“魔鬼机器警察”式的消灭，我就是要心之所善、九死无悔，就是要前进。国民党目前对《千秋评论》的抢劫封杀，是五年来最疯狂的，即以上期（第五十八期）出版过程而论，7月23日大队人马直扑装订厂，抢走四千本；我不屈服，再印，7月30日再大队人马直扑装订厂，抢走四千本；我还不屈服，再印，8月4日又大队人马直扑装订厂，抢走一千五百本。我还不屈服，又再印。……这种一次又一次你抢你的、我出我的的相持，又足登世界纪录全书而有余矣！
6	058.《千秋评论》满五年了！.txt	9	七堵	external-cue,political-cue	五年来，《千秋评论》在排除万难下“按期发行”，大体都在每月一册的进度下飞跃前进、迂回前进、匍匐前进。……不管国民党怎么对我“五堵”“七堵”“八堵”式的堵塞，不管国民党怎么对我“魔鬼机器警察”式的消灭，我就是要心之所善、九死无悔，就是要前进。国民党目前对《千秋评论》的抢劫封杀，是五年来最疯狂的，即以上期（第五十八期）出版过程而论，7月23日大队人马直扑装订厂，抢走四千本；我不屈服，再印，7月30日再大队人马直扑装订厂，抢走四千本；我还不屈服，再印，8月4日又大队人马直扑装订厂，抢走一千五百本。我还不屈服，又再印。……这种一次又一次你抢你的、我出我的的相持，又足登世界纪录全书而有余矣！
6	058.《千秋评论》满五年了！.txt	9	五堵	external-cue,political-cue	五年来，《千秋评论》在排除万难下“按期发行”，大体都在每月一册的进度下飞跃前进、迂回前进、匍匐前进。……不管国民党怎么对我“五堵”“七堵”“八堵”式的堵塞，不管国民党怎么对我“魔鬼机器警察”式的消灭，我就是要心之所善、九死无悔，就是要前进。国民党目前对《千秋评论》的抢劫封杀，是五年来最疯狂的，即以上期（第五十八期）出版过程而论，7月23日大队人马直扑装订厂，抢走四千本；我不屈服，再印，7月30日再大队人马直扑装订厂，抢走四千本；我还不屈服，再印，8月4日又大队人马直扑装订厂，抢走一千五百本。我还不屈服，又再印。……这种一次又一次你抢你的、我出我的的相持，又足登世界纪录全书而有余矣！
6	060.关于《丽达与天鹅》.txt	77	夺取	external-cue	一、第一行开头“A sudden blow”的blow，余译为“攫”，窃以不如仍译“袭”或“击”，较合“天神宙斯窥见丽达某次浴于河上，乃化为天鹅，袭奸丽达”的希腊神话的意思。且“攫”是“用爪抓取”的意思，可引伸为“夺取”，似与blow的字义不合。故仍以译“袭”或“击”，既合希腊神话故事原意，又合blow的字义。
6	060.关于《丽达与天鹅》.txt	77	击	external-cue	一、第一行开头“A sudden blow”的blow，余译为“攫”，窃以不如仍译“袭”或“击”，较合“天神宙斯窥见丽达某次浴于河上，乃化为天鹅，袭奸丽达”的希腊神话的意思。且“攫”是“用爪抓取”的意思，可引伸为“夺取”，似与blow的字义不合。故仍以译“袭”或“击”，既合希腊神话故事原意，又合blow的字义。
6	060.关于《丽达与天鹅》.txt	77	击	external-cue	一、第一行开头“A sudden blow”的blow，余译为“攫”，窃以不如仍译“袭”或“击”，较合“天神宙斯窥见丽达某次浴于河上，乃化为天鹅，袭奸丽达”的希腊神话的意思。且“攫”是“用爪抓取”的意思，可引伸为“夺取”，似与blow的字义不合。故仍以译“袭”或“击”，既合希腊神话故事原意，又合blow的字义。
6	060.关于《丽达与天鹅》.txt	77	攫	external-cue	一、第一行开头“A sudden blow”的blow，余译为“攫”，窃以不如仍译“袭”或“击”，较合“天神宙斯窥见丽达某次浴于河上，乃化为天鹅，袭奸丽达”的希腊神话的意思。且“攫”是“用爪抓取”的意思，可引伸为“夺取”，似与blow的字义不合。故仍以译“袭”或“击”，既合希腊神话故事原意，又合blow的字义。
6	060.关于《丽达与天鹅》.txt	77	攫	external-cue	一、第一行开头“A sudden blow”的blow，余译为“攫”，窃以不如仍译“袭”或“击”，较合“天神宙斯窥见丽达某次浴于河上，乃化为天鹅，袭奸丽达”的希腊神话的意思。且“攫”是“用爪抓取”的意思，可引伸为“夺取”，似与blow的字义不合。故仍以译“袭”或“击”，既合希腊神话故事原意，又合blow的字义。
6	060.关于《丽达与天鹅》.txt	77	袭	external-cue	一、第一行开头“A sudden blow”的blow，余译为“攫”，窃以不如仍译“袭”或“击”，较合“天神宙斯窥见丽达某次浴于河上，乃化为天鹅，袭奸丽达”的希腊神话的意思。且“攫”是“用爪抓取”的意思，可引伸为“夺取”，似与blow的字义不合。故仍以译“袭”或“击”，既合希腊神话故事原意，又合blow的字义。
6	060.关于《丽达与天鹅》.txt	77	袭	external-cue	一、第一行开头“A sudden blow”的blow，余译为“攫”，窃以不如仍译“袭”或“击”，较合“天神宙斯窥见丽达某次浴于河上，乃化为天鹅，袭奸丽达”的希腊神话的意思。且“攫”是“用爪抓取”的意思，可引伸为“夺取”，似与blow的字义不合。故仍以译“袭”或“击”，既合希腊神话故事原意，又合blow的字义。
6	060.关于《丽达与天鹅》.txt	81	抚爱	external-cue	三、第二行之“caressed”，余译“摩挲”，似不如译为“抚爱”有表示性爱欲念之意。
6	060.关于《丽达与天鹅》.txt	81	摩挲	external-cue	三、第二行之“caressed”，余译“摩挲”，似不如译为“抚爱”有表示性爱欲念之意。
6	060.关于《丽达与天鹅》.txt	81	caressed	external-cue	三、第二行之“caressed”，余译“摩挲”，似不如译为“抚爱”有表示性爱欲念之意。
6	060.关于《丽达与天鹅》.txt	85	含糊的	external-cue	五、第五行之“vague”，余译为“含糊的”，全照字面意思译，似嫌太呆板。实则受惊少女的手指，此刻已呈麻木失去知感的状态了，故以译“昏麻的”或“失去知感的”为佳。
6	060.关于《丽达与天鹅》.txt	85	昏麻的	external-cue	五、第五行之“vague”，余译为“含糊的”，全照字面意思译，似嫌太呆板。实则受惊少女的手指，此刻已呈麻木失去知感的状态了，故以译“昏麻的”或“失去知感的”为佳。
6	060.关于《丽达与天鹅》.txt	85	vague	external-cue	五、第五行之“vague”，余译为“含糊的”，全照字面意思译，似嫌太呆板。实则受惊少女的手指，此刻已呈麻木失去知感的状态了，故以译“昏麻的”或“失去知感的”为佳。
6	060.关于《丽达与天鹅》.txt	89	But	external-cue	七、第八行中开头的那个“But”，在第七行和第八行合成的句中的意义（context meaning），是很重要的，不宜忽略，但余译中，将之忽略了，便减损了此句的意味。
6	060.关于《丽达与天鹅》.txt	93	Being so caught up	quote-like,latin-text	九、第十一行之下半“Being so caught up”，及第十二行“So mastered by the brute blood of the air”，本合为一个形容第十三行之“She”的复合分词片语（compound participial phrase）。这个复合分词片语的语法结构，应如下式：
6	060.关于《丽达与天鹅》.txt	93	So mastered by the brute blood of the air	quote-like,latin-text	九、第十一行之下半“Being so caught up”，及第十二行“So mastered by the brute blood of the air”，本合为一个形容第十三行之“She”的复合分词片语（compound participial phrase）。这个复合分词片语的语法结构，应如下式：
6	060.关于《丽达与天鹅》.txt	201	大腿	external-cue	看了这些翻译，虽然有些地方各有所长，但总觉得四人的翻译，都不是痛痛快快的好的中文。例如明明是少女的“大腿”，为什么要硬说成“双股”或“两股”？为什么有话要别别扭扭、不好好说，为什么？
6	060.关于《丽达与天鹅》.txt	201	两股	external-cue	看了这些翻译，虽然有些地方各有所长，但总觉得四人的翻译，都不是痛痛快快的好的中文。例如明明是少女的“大腿”，为什么要硬说成“双股”或“两股”？为什么有话要别别扭扭、不好好说，为什么？
6	060.关于《丽达与天鹅》.txt	201	双股	external-cue	看了这些翻译，虽然有些地方各有所长，但总觉得四人的翻译，都不是痛痛快快的好的中文。例如明明是少女的“大腿”，为什么要硬说成“双股”或“两股”？为什么有话要别别扭扭、不好好说，为什么？
6	060.关于《丽达与天鹅》.txt	261	见玄鸟堕其卵，简狄取吞之，因孕生契。	external-cue,political-cue	天神宙斯跟丽达这一手，趣味在他化为禽类强奸，最后丽达怀孕，却下了二蛋，私生子女都成了卵生的。中国神话记商朝祖奶奶简狄，也是和丽达一样，出浴成孕。但不同的是，《史记·殷本纪》只说：“见玄鸟堕其卵，简狄取吞之，因孕生契。”“玄鸟”就是燕子，东方燕子究竟比较客气，只是“下蛋你呷”而已，而西方的天鹅却野蛮得不成体统，竟要“卵叫你呷”了。
6	060.关于《丽达与天鹅》.txt	261	玄鸟	external-cue,political-cue	天神宙斯跟丽达这一手，趣味在他化为禽类强奸，最后丽达怀孕，却下了二蛋，私生子女都成了卵生的。中国神话记商朝祖奶奶简狄，也是和丽达一样，出浴成孕。但不同的是，《史记·殷本纪》只说：“见玄鸟堕其卵，简狄取吞之，因孕生契。”“玄鸟”就是燕子，东方燕子究竟比较客气，只是“下蛋你呷”而已，而西方的天鹅却野蛮得不成体统，竟要“卵叫你呷”了。
6	060.关于《丽达与天鹅》.txt	265	神谕	external-cue,quote-like,self-authored-cue	像宙斯这种大屌神仙，他这样处处留情，本来并没有“神谕”之可言。这种“神谕”，显然是后人努力附会的、努力托神改制的，诗人叶慈显然是从事这种努力的一位能手，但他的努力，毕竟有他的限度。蔡源煌的一篇小文章——《给宙斯上了一课》（1983年6月11日《联合报》），曾有议论，他说：
6	060.关于《丽达与天鹅》.txt	265	神谕	external-cue,quote-like,self-authored-cue	像宙斯这种大屌神仙，他这样处处留情，本来并没有“神谕”之可言。这种“神谕”，显然是后人努力附会的、努力托神改制的，诗人叶慈显然是从事这种努力的一位能手，但他的努力，毕竟有他的限度。蔡源煌的一篇小文章——《给宙斯上了一课》（1983年6月11日《联合报》），曾有议论，他说：
6	063.猫狗诗和非猫狗诗.txt	41	台独	external-cue	老子“台独”不准说，默许民进牌一桌。
4	《爱情的秘密》目录.txt	31	于人曰浩然，沛乎塞苍冥	quote-like,chinese-compact	028.“于人曰浩然，沛乎塞苍冥”
4	《爱情的秘密》前置词.txt	5	‘诗’内瘴	quote-like,chinese-compact	“‘诗’内瘴”主要有两方面，旧诗人方面，其病在迂腐滥套；新诗人方面，其病在不知所云。两者的通病是全无真情、文采与诗境，所以虽都号称为诗人、都自炫在写诗，其实全是以诗为形式的狗屁，暴殄文字，讨厌死人啦！
4	004.一首诗几件事.txt	11	处理	external-cue,quote-like,political-cue,fragment	黄中国被枪毙后，我感到这首译诗对我更有苍茫的意味，我就妥为“处理”，终于使它随我一起出狱，收进我的档案里。
4	028.“于人曰浩然，沛乎塞苍冥”.txt	1	于人曰浩然，沛乎塞苍冥	quote-like,chinese-compact	“于人曰浩然，沛乎塞苍冥”
4	051.《我们七个》.txt	135	如果两位在天上，	quote-like,chinese-compact	“如果两位在天上，”我问道，“ How many are you, then，” said I，
4	051.《我们七个》.txt	151	不对，我们七个！	quote-like,chinese-compact	小姑娘照说：“不对，我们七个！”And said，“Nay，we are seven!”
4	051.《我们七个》.txt	155	哀乐不能入	quote-like,chinese-compact	这诗写一个纯真的小女孩，置哥哥姐姐死亡于度外，不论生死，手足照算，视亲人虽死犹生、若亡实在。这种境界，看似童稚，其实倒真与参悟大化的高人境界若合符节。高人的境界在能“乐入哀不入”，在生死线外，把至情至乐结合在一起。这种至情至乐是永恒的，不因生死而变质，纵情随事迁，并无感慨，反倒只存余味。人生有了这种境界，自然不会生无谓的伤感、自然不会否定过去或逃避过去、自然会真正达到“所过者化，所存者神”的新水准（“所过者化，所存者神”在这里，“化”字该解做化境，“神”字该解做余味）。达到这种水准，才是真正正确的水准。相对的，轻易“多愁善感”是没水准的、“哀乐不能入”也是没水准的，高人的水准是“乐入哀不入”，只有轻快，没有重忧；只有达观，没有闲愁，这样的境界才是修养最高的境界。华兹华斯诗中小女孩的境界，恰恰是这种境界。虽然小女孩一派天真，全无哲学与理论，但是她“举重若轻”，所以兴怀，其致一也。特写数语附识，此上
4	051.《我们七个》.txt	155	多愁善感	quote-like,chinese-compact	这诗写一个纯真的小女孩，置哥哥姐姐死亡于度外，不论生死，手足照算，视亲人虽死犹生、若亡实在。这种境界，看似童稚，其实倒真与参悟大化的高人境界若合符节。高人的境界在能“乐入哀不入”，在生死线外，把至情至乐结合在一起。这种至情至乐是永恒的，不因生死而变质，纵情随事迁，并无感慨，反倒只存余味。人生有了这种境界，自然不会生无谓的伤感、自然不会否定过去或逃避过去、自然会真正达到“所过者化，所存者神”的新水准（“所过者化，所存者神”在这里，“化”字该解做化境，“神”字该解做余味）。达到这种水准，才是真正正确的水准。相对的，轻易“多愁善感”是没水准的、“哀乐不能入”也是没水准的，高人的水准是“乐入哀不入”，只有轻快，没有重忧；只有达观，没有闲愁，这样的境界才是修养最高的境界。华兹华斯诗中小女孩的境界，恰恰是这种境界。虽然小女孩一派天真，全无哲学与理论，但是她“举重若轻”，所以兴怀，其致一也。特写数语附识，此上
4	051.《我们七个》.txt	155	举重若轻	quote-like,chinese-compact	这诗写一个纯真的小女孩，置哥哥姐姐死亡于度外，不论生死，手足照算，视亲人虽死犹生、若亡实在。这种境界，看似童稚，其实倒真与参悟大化的高人境界若合符节。高人的境界在能“乐入哀不入”，在生死线外，把至情至乐结合在一起。这种至情至乐是永恒的，不因生死而变质，纵情随事迁，并无感慨，反倒只存余味。人生有了这种境界，自然不会生无谓的伤感、自然不会否定过去或逃避过去、自然会真正达到“所过者化，所存者神”的新水准（“所过者化，所存者神”在这里，“化”字该解做化境，“神”字该解做余味）。达到这种水准，才是真正正确的水准。相对的，轻易“多愁善感”是没水准的、“哀乐不能入”也是没水准的，高人的水准是“乐入哀不入”，只有轻快，没有重忧；只有达观，没有闲愁，这样的境界才是修养最高的境界。华兹华斯诗中小女孩的境界，恰恰是这种境界。虽然小女孩一派天真，全无哲学与理论，但是她“举重若轻”，所以兴怀，其致一也。特写数语附识，此上
4	051.《我们七个》.txt	155	乐入哀不入	quote-like,chinese-compact	这诗写一个纯真的小女孩，置哥哥姐姐死亡于度外，不论生死，手足照算，视亲人虽死犹生、若亡实在。这种境界，看似童稚，其实倒真与参悟大化的高人境界若合符节。高人的境界在能“乐入哀不入”，在生死线外，把至情至乐结合在一起。这种至情至乐是永恒的，不因生死而变质，纵情随事迁，并无感慨，反倒只存余味。人生有了这种境界，自然不会生无谓的伤感、自然不会否定过去或逃避过去、自然会真正达到“所过者化，所存者神”的新水准（“所过者化，所存者神”在这里，“化”字该解做化境，“神”字该解做余味）。达到这种水准，才是真正正确的水准。相对的，轻易“多愁善感”是没水准的、“哀乐不能入”也是没水准的，高人的水准是“乐入哀不入”，只有轻快，没有重忧；只有达观，没有闲愁，这样的境界才是修养最高的境界。华兹华斯诗中小女孩的境界，恰恰是这种境界。虽然小女孩一派天真，全无哲学与理论，但是她“举重若轻”，所以兴怀，其致一也。特写数语附识，此上
4	051.《我们七个》.txt	155	乐入哀不入	quote-like,chinese-compact	这诗写一个纯真的小女孩，置哥哥姐姐死亡于度外，不论生死，手足照算，视亲人虽死犹生、若亡实在。这种境界，看似童稚，其实倒真与参悟大化的高人境界若合符节。高人的境界在能“乐入哀不入”，在生死线外，把至情至乐结合在一起。这种至情至乐是永恒的，不因生死而变质，纵情随事迁，并无感慨，反倒只存余味。人生有了这种境界，自然不会生无谓的伤感、自然不会否定过去或逃避过去、自然会真正达到“所过者化，所存者神”的新水准（“所过者化，所存者神”在这里，“化”字该解做化境，“神”字该解做余味）。达到这种水准，才是真正正确的水准。相对的，轻易“多愁善感”是没水准的、“哀乐不能入”也是没水准的，高人的水准是“乐入哀不入”，只有轻快，没有重忧；只有达观，没有闲愁，这样的境界才是修养最高的境界。华兹华斯诗中小女孩的境界，恰恰是这种境界。虽然小女孩一派天真，全无哲学与理论，但是她“举重若轻”，所以兴怀，其致一也。特写数语附识，此上
4	051.《我们七个》.txt	155	所过者化，所存者神	quote-like,chinese-compact	这诗写一个纯真的小女孩，置哥哥姐姐死亡于度外，不论生死，手足照算，视亲人虽死犹生、若亡实在。这种境界，看似童稚，其实倒真与参悟大化的高人境界若合符节。高人的境界在能“乐入哀不入”，在生死线外，把至情至乐结合在一起。这种至情至乐是永恒的，不因生死而变质，纵情随事迁，并无感慨，反倒只存余味。人生有了这种境界，自然不会生无谓的伤感、自然不会否定过去或逃避过去、自然会真正达到“所过者化，所存者神”的新水准（“所过者化，所存者神”在这里，“化”字该解做化境，“神”字该解做余味）。达到这种水准，才是真正正确的水准。相对的，轻易“多愁善感”是没水准的、“哀乐不能入”也是没水准的，高人的水准是“乐入哀不入”，只有轻快，没有重忧；只有达观，没有闲愁，这样的境界才是修养最高的境界。华兹华斯诗中小女孩的境界，恰恰是这种境界。虽然小女孩一派天真，全无哲学与理论，但是她“举重若轻”，所以兴怀，其致一也。特写数语附识，此上
4	051.《我们七个》.txt	155	所过者化，所存者神	quote-like,chinese-compact	这诗写一个纯真的小女孩，置哥哥姐姐死亡于度外，不论生死，手足照算，视亲人虽死犹生、若亡实在。这种境界，看似童稚，其实倒真与参悟大化的高人境界若合符节。高人的境界在能“乐入哀不入”，在生死线外，把至情至乐结合在一起。这种至情至乐是永恒的，不因生死而变质，纵情随事迁，并无感慨，反倒只存余味。人生有了这种境界，自然不会生无谓的伤感、自然不会否定过去或逃避过去、自然会真正达到“所过者化，所存者神”的新水准（“所过者化，所存者神”在这里，“化”字该解做化境，“神”字该解做余味）。达到这种水准，才是真正正确的水准。相对的，轻易“多愁善感”是没水准的、“哀乐不能入”也是没水准的，高人的水准是“乐入哀不入”，只有轻快，没有重忧；只有达观，没有闲愁，这样的境界才是修养最高的境界。华兹华斯诗中小女孩的境界，恰恰是这种境界。虽然小女孩一派天真，全无哲学与理论，但是她“举重若轻”，所以兴怀，其致一也。特写数语附识，此上
