id,book,chapter,source_file,line_start,line_end,quote_text,category,source_or_origin,summary,notes
LAZLJBB-001,坐牢家爸爸给女儿的八十封信,猫狗谚,001.猫狗谚.txt,7,7,rain cats and dogs,英文谚语,英语俗语,形容大雨倾盆。,
LAZLJBB-002,坐牢家爸爸给女儿的八十封信,猫狗谚,001.猫狗谚.txt,9,9,Every dog has his day,英文谚语,英语俗语,每个人都有得意之日。,
LAZLJBB-003,坐牢家爸爸给女儿的八十封信,猫狗谚,001.猫狗谚.txt,15,15,A cat has nine lives,英文谚语,英语俗语,以猫有九命形容生命力强。,
LAZLJBB-004,坐牢家爸爸给女儿的八十封信,猫狗谚,001.猫狗谚.txt,15,15,Care killed the cat,英文谚语,英语俗语,忧虑伤身。,
LAZLJBB-005,坐牢家爸爸给女儿的八十封信,猫狗谚,001.猫狗谚.txt,15,15,Curiosity killed a cat,英文谚语,英语俗语,好奇会惹祸。,
LAZLJBB-006,坐牢家爸爸给女儿的八十封信,猫狗谚,001.猫狗谚.txt,29,29,打狗看主人,中文成语,俗语,做事要顾及对象背后的人。,
LAZLJBB-007,坐牢家爸爸给女儿的八十封信,猫狗谚,001.猫狗谚.txt,31,31,高鸟尽，良弓藏；狡兔死，走狗烹,古典成语,成语,功成之后功臣遭弃。,
LAZLJBB-008,坐牢家爸爸给女儿的八十封信,猫狗谚,001.猫狗谚.txt,31,31,兔死狗烹,成语,成语,功成之后被弃。,
LAZLJBB-009,坐牢家爸爸给女儿的八十封信,猫狗谚,001.猫狗谚.txt,33,33,想打狗的，不愁找不到棒子,英文谚语译句,英语谚语,有心责人，总能找到借口。,
LAZLJBB-010,坐牢家爸爸给女儿的八十封信,猫狗谚,001.猫狗谚.txt,37,37,我看到的人愈多，我愈欣赏狗,英文名言译句,罗兰夫人语,以狗之忠诚反衬人情险恶。,
LAZLJBB-011,坐牢家爸爸给女儿的八十封信,猫狗谚,001.猫狗谚.txt,39,39,近朱者赤，近墨者黑,中文成语,成语,交友环境会影响人。,
LAZLJBB-012,坐牢家爸爸给女儿的八十封信,猫狗谚,001.猫狗谚.txt,41,41,狗不吃狗，但人吃人,英文谚语译句,英语俗语,以动物反讽人间相残。,
LAZLJBB-013,坐牢家爸爸给女儿的八十封信,再会呀，鳄鱼呀！,002.再会呀，鳄鱼呀！.txt,7,7,鳄鱼的眼泪,成语,英语典故,虚伪的眼泪。,
LAZLJBB-014,坐牢家爸爸给女儿的八十封信,再会呀，鳄鱼呀！,002.再会呀，鳄鱼呀！.txt,7,7,猫哭耗子,俗语,俗语,假慈悲。,
LAZLJBB-015,坐牢家爸爸给女儿的八十封信,再会呀，鳄鱼呀！,002.再会呀，鳄鱼呀！.txt,15,15,"See you later, alligator",英文俏皮话,英语童语,押韵式道别。,
LAZLJBB-016,坐牢家爸爸给女儿的八十封信,再会呀，鳄鱼呀！,002.再会呀，鳄鱼呀！.txt,27,27,其率丑类南徙于海,古文引用,韩愈《祭鳄鱼文》,命鳄鱼迁徙的文言句。,
LAZLJBB-017,坐牢家爸爸给女儿的八十封信,再会呀，鳄鱼呀！,002.再会呀，鳄鱼呀！.txt,29,29,为虎作伥,成语,成语,帮坏人作恶。,
LAZLJBB-018,坐牢家爸爸给女儿的八十封信,纸上谈钱,003.纸上谈钱.txt,7,7,一贫如洗,成语,成语,形容极穷。,
LAZLJBB-019,坐牢家爸爸给女儿的八十封信,纸上谈钱,003.纸上谈钱.txt,7,7,省小钱吃大亏,俗语,俗语,因小节省而大处损失。,
LAZLJBB-020,坐牢家爸爸给女儿的八十封信,纸上谈钱,003.纸上谈钱.txt,7,7,贪小失大,成语,成语,贪图小利而损失大利。,
LAZLJBB-021,坐牢家爸爸给女儿的八十封信,纸上谈钱,003.纸上谈钱.txt,7,7,A penny saved is a penny gained,英文谚语,英语俗语,省一文就赚一文。,
LAZLJBB-022,坐牢家爸爸给女儿的八十封信,纸上谈钱,003.纸上谈钱.txt,7,7,小事注意，大事自成,处事格言,英语谚语意译,由小处谨慎而成大事。,
LAZLJBB-023,坐牢家爸爸给女儿的八十封信,纸上谈钱,003.纸上谈钱.txt,11,11,车载斗量,成语,成语,数量极多。,
LAZLJBB-024,坐牢家爸爸给女儿的八十封信,纸上谈钱,003.纸上谈钱.txt,11,11,过江之鲫,成语,成语,形容数量多。,
LAZLJBB-025,坐牢家爸爸给女儿的八十封信,纸上谈钱,003.纸上谈钱.txt,11,11,多如牛毛,成语,成语,形容多得很。,
LAZLJBB-026,坐牢家爸爸给女儿的八十封信,喊一声“芝麻开门！”就行了,004.喊一声“芝麻开门！”就行了.txt,5,5,take the cake,英文成语,英语俗语,夺魁、最突出。,
LAZLJBB-027,坐牢家爸爸给女儿的八十封信,喊一声“芝麻开门！”就行了,004.喊一声“芝麻开门！”就行了.txt,5,5,两者不可得兼,成语,成语,两件好处不能同时得到。,
LAZLJBB-028,坐牢家爸爸给女儿的八十封信,喊一声“芝麻开门！”就行了,004.喊一声“芝麻开门！”就行了.txt,5,5,望梅止渴，画饼充饥,成语,成语,用空想安慰自己。,
LAZLJBB-029,坐牢家爸爸给女儿的八十封信,喊一声“芝麻开门！”就行了,004.喊一声“芝麻开门！”就行了.txt,5,5,巴米赛德酒席,典故,《天方夜谭》,只有口头菜肴而无实物的虚席。,
LAZLJBB-030,坐牢家爸爸给女儿的八十封信,喊一声“芝麻开门！”就行了,004.喊一声“芝麻开门！”就行了.txt,5,5,芝麻开门,童话咒语,《天方夜谭》,阿里巴巴开门咒语。,
LAZLJBB-031,坐牢家爸爸给女儿的八十封信,喊一声“芝麻开门！”就行了,004.喊一声“芝麻开门！”就行了.txt,9,9,The last straw breaks the camel's back,英文格言,英语俗语,最后小负担也会压垮整体。,
LAZLJBB-032,坐牢家爸爸给女儿的八十封信,喊一声“芝麻开门！”就行了,004.喊一声“芝麻开门！”就行了.txt,9,9,凡事要适可而止,处事格言,李敖解释英语格言,由骆驼背上的最后稻草引出分寸。,
LAZLJBB-033,坐牢家爸爸给女儿的八十封信,头头大观,005.头头大观.txt,17,17,宁为鸡口，毋为牛后,古典成语,成语,宁做小处之首，不做大处之末。,
LAZLJBB-034,坐牢家爸爸给女儿的八十封信,头头大观,005.头头大观.txt,17,17,Better to reign in hell than serve in heaven,英文名句,弥尔顿语意,宁在地狱为王，不在天堂为仆。,
LAZLJBB-035,坐牢家爸爸给女儿的八十封信,指教,006.指教.txt,7,7,她浑身都是淑女,英文成语译句,英语俗语,形容举止处处优雅。,
LAZLJBB-036,坐牢家爸爸给女儿的八十封信,指教,006.指教.txt,9,9,跃跃欲试,成语,成语,急切想试。,
LAZLJBB-037,坐牢家爸爸给女儿的八十封信,指教,006.指教.txt,9,9,染指,成语,成语,参与或沾手。,
LAZLJBB-038,坐牢家爸爸给女儿的八十封信,指教,006.指教.txt,9,9,假装看不见,英文成语译句,英语俗语,从指缝看而装作不见。,
LAZLJBB-039,坐牢家爸爸给女儿的八十封信,指教,006.指教.txt,11,11,His fingers are all thumbs,英文成语,英语俗语,笨手笨脚。,
LAZLJBB-040,坐牢家爸爸给女儿的八十封信,指教,006.指教.txt,19,19,玩弄别人于股（大腿）掌（手心）之上,成语化用,中文俗语,任意摆布别人。,
LAZLJBB-041,坐牢家爸爸给女儿的八十封信,指教,006.指教.txt,21,21,屈指可数,成语,成语,数量少。,
LAZLJBB-042,坐牢家爸爸给女儿的八十封信,指教,006.指教.txt,21,21,指不胜屈,成语,成语,数量多得数不清。,
LAZLJBB-043,坐牢家爸爸给女儿的八十封信,指教,006.指教.txt,21,21,半斤八两,成语,成语,彼此相当。,
LAZLJBB-044,坐牢家爸爸给女儿的八十封信,理发匠就是外科医生，外科医生就是理发匠,007.理发匠就是外科医生，外科医生就是理发匠.txt,5,5,怒发冲冠,成语,成语,愤怒至极。,
LAZLJBB-045,坐牢家爸爸给女儿的八十封信,理发匠就是外科医生，外科医生就是理发匠,007.理发匠就是外科医生，外科医生就是理发匠.txt,5,5,发指,成语,成语,怒极或可怖。,
LAZLJBB-046,坐牢家爸爸给女儿的八十封信,理发匠就是外科医生，外科医生就是理发匠,007.理发匠就是外科医生，外科医生就是理发匠.txt,5,5,毛发悚然,成语,成语,恐惧惊骇。,
LAZLJBB-047,坐牢家爸爸给女儿的八十封信,理发匠就是外科医生，外科医生就是理发匠,007.理发匠就是外科医生，外科医生就是理发匠.txt,9,9,狼来了！狼来了！,寓言名句,《伊索寓言》,牧童说谎故事中的呼喊。,
LAZLJBB-048,坐牢家爸爸给女儿的八十封信,理发匠就是外科医生，外科医生就是理发匠,007.理发匠就是外科医生，外科医生就是理发匠.txt,9,9,狗占马槽,寓言成语,《伊索寓言》,占着不用也不让别人用。,
LAZLJBB-049,坐牢家爸爸给女儿的八十封信,送礼·向厕所跑,008.送礼·向厕所跑.txt,5,5,礼尚往还,成语,成语,礼物往来。,
LAZLJBB-050,坐牢家爸爸给女儿的八十封信,送礼·向厕所跑,008.送礼·向厕所跑.txt,5,5,Gifts are like fish hooks,英文格言,英语俗语,礼物像鱼钩，可钓回人情。,
LAZLJBB-051,坐牢家爸爸给女儿的八十封信,送礼·向厕所跑,008.送礼·向厕所跑.txt,5,5,抛砖引玉,成语,成语,以小引大。,
LAZLJBB-052,坐牢家爸爸给女儿的八十封信,送礼·向厕所跑,008.送礼·向厕所跑.txt,5,5,真金不怕火炼,俗语,俗语,真东西不怕检验。,
LAZLJBB-053,坐牢家爸爸给女儿的八十封信,送礼·向厕所跑,008.送礼·向厕所跑.txt,5,5,做贼心虚,成语,成语,做坏事后心里发虚。,
LAZLJBB-054,坐牢家爸爸给女儿的八十封信,送礼·向厕所跑,008.送礼·向厕所跑.txt,5,5,Don't look a gift horse in the mouth,英文格言,英语俗语,不要挑剔别人送的礼物。,
LAZLJBB-055,坐牢家爸爸给女儿的八十封信,送礼·向厕所跑,008.送礼·向厕所跑.txt,9,9,No man ought to look a given horse in the mouth,英文格言,英语俗语,四百年前的礼物马格言。,
LAZLJBB-056,坐牢家爸爸给女儿的八十封信,你羊我就马，你马我就羊,009.你羊我就马，你马我就羊.txt,13,13,Mary Had a Little Lamb,英文儿歌,Mrs. S. J. Hale,《玛莉有一只小羊》。,
LAZLJBB-057,坐牢家爸爸给女儿的八十封信,你羊我就马，你马我就羊,009.你羊我就马，你马我就羊.txt,13,13,一不做，二不休,俗语,俗语,既已做了就做到底。,
LAZLJBB-058,坐牢家爸爸给女儿的八十封信,你羊我就马，你马我就羊,009.你羊我就马，你马我就羊.txt,13,13,a wolf in sheep's clothing,英文成语,英语俗语,披着羊皮的狼。,
LAZLJBB-059,坐牢家爸爸给女儿的八十封信,你羊我就马，你马我就羊,009.你羊我就马，你马我就羊.txt,13,13,害群之马,成语,成语,危害群体的人。,
LAZLJBB-060,坐牢家爸爸给女儿的八十封信,你羊我就马，你马我就羊,009.你羊我就马，你马我就羊.txt,13,13,亡羊补牢,成语,成语,事后补救。,
LAZLJBB-061,坐牢家爸爸给女儿的八十封信,你羊我就马，你马我就羊,009.你羊我就马，你马我就羊.txt,15,15,你马我就羊，你羊我就马,妙语,李敖,概括中英文动物比喻的错位。,
LAZLJBB-062,坐牢家爸爸给女儿的八十封信,打老虎秘诀,010.打老虎秘诀.txt,5,5,百兽之王,成语,成语,动物中称王者。,
LAZLJBB-063,坐牢家爸爸给女儿的八十封信,打老虎秘诀,010.打老虎秘诀.txt,7,7,捋虎须,成语,成语,冒犯强者。,
LAZLJBB-064,坐牢家爸爸给女儿的八十封信,打老虎秘诀,010.打老虎秘诀.txt,7,7,骑虎难下,成语,成语,进退两难。,
LAZLJBB-065,坐牢家爸爸给女儿的八十封信,打老虎秘诀,010.打老虎秘诀.txt,7,7,捉虎容易放虎难,俗语,俗语,招惹容易收拾难。,
LAZLJBB-066,坐牢家爸爸给女儿的八十封信,打老虎秘诀,010.打老虎秘诀.txt,9,9,不入虎穴，焉得虎子,古典格言,成语,不冒险难有所得。,
LAZLJBB-067,坐牢家爸爸给女儿的八十封信,打老虎秘诀,010.打老虎秘诀.txt,11,11,为虎做伥,成语,成语,帮坏人作恶。,
LAZLJBB-068,坐牢家爸爸给女儿的八十封信,打老虎秘诀,010.打老虎秘诀.txt,13,13,打老虎要记着老虎有各式各样的——有好打的，有难打的,英文妙语译句,英语俗语,提醒同名对象也有难易差别。,
LAZLJBB-069,坐牢家爸爸给女儿的八十封信,你送神像我搭台,011.你送神像我搭台.txt,5,5,沟泽姆的聪明人,英文成语译句,英语典故,wise man of Gotham，反指傻瓜。,
LAZLJBB-070,坐牢家爸爸给女儿的八十封信,千年王八万年龟,012.千年王八万年龟.txt,5,5,千年王八万年龟,俗语,俗语,以龟鳖喻长寿。,
LAZLJBB-071,坐牢家爸爸给女儿的八十封信,千年王八万年龟,012.千年王八万年龟.txt,5,5,龟龄,古典祝词,古语,像乌龟一样长寿。,
LAZLJBB-072,坐牢家爸爸给女儿的八十封信,千年王八万年龟,012.千年王八万年龟.txt,9,9,翻乌龟,俗语,俗语,把底朝天翻过来。,
LAZLJBB-073,坐牢家爸爸给女儿的八十封信,不飞的鸟,013.不飞的鸟.txt,19,19,各有千秋,成语,成语,各有优点或特点。,
LAZLJBB-074,坐牢家爸爸给女儿的八十封信,不飞的鸟,013.不飞的鸟.txt,19,19,ostrichlike,英文成语,英语俗语,不肯正视的自欺。,
LAZLJBB-075,坐牢家爸爸给女儿的八十封信,你杀鹅我就杀鸡,014.你杀鹅我就杀鸡.txt,5,5,鹅行鸭步,成语,成语,走路慢而摇摆。,
LAZLJBB-076,坐牢家爸爸给女儿的八十封信,你杀鹅我就杀鸡,014.你杀鹅我就杀鸡.txt,5,5,鸡皮疙瘩,俗语,俗语,冷、怕、恶心时皮肤反应。,
LAZLJBB-077,坐牢家爸爸给女儿的八十封信,你杀鹅我就杀鸡,014.你杀鹅我就杀鸡.txt,11,11,别杀下金蛋的鹅,寓言格言,《伊索寓言》,不要断自己的财路。,
LAZLJBB-078,坐牢家爸爸给女儿的八十封信,你杀鹅我就杀鸡,014.你杀鹅我就杀鸡.txt,11,11,杀鸡取卵,成语,成语,贪眼前小利而断长远收益。,
LAZLJBB-079,坐牢家爸爸给女儿的八十封信,你杀鹅我就杀鸡,014.你杀鹅我就杀鸡.txt,13,13,煮了他的鹅,英文成语译句,英语俗语,表示他完蛋了。,
LAZLJBB-080,坐牢家爸爸给女儿的八十封信,你杀鹅我就杀鸡,014.你杀鹅我就杀鸡.txt,15,15,吃鸭蛋,俗语,俗语,得零分。,
LAZLJBB-081,坐牢家爸爸给女儿的八十封信,你杀鹅我就杀鸡,014.你杀鹅我就杀鸡.txt,21,21,千里送鹅毛,俗语,俗语,礼轻情意重。,
LAZLJBB-082,坐牢家爸爸给女儿的八十封信,原子弹与沉鱼落雁,015.原子弹与沉鱼落雁.txt,15,15,雁行,典故词语,古语,飞雁成人字形，引申排行。,
LAZLJBB-083,坐牢家爸爸给女儿的八十封信,原子弹与沉鱼落雁,015.原子弹与沉鱼落雁.txt,15,15,雁行折翼,成语,成语,兄弟死去。,
LAZLJBB-084,坐牢家爸爸给女儿的八十封信,原子弹与沉鱼落雁,015.原子弹与沉鱼落雁.txt,17,17,雁足传书,成语典故,古典典故,以雁足传信。,
LAZLJBB-085,坐牢家爸爸给女儿的八十封信,原子弹与沉鱼落雁,015.原子弹与沉鱼落雁.txt,17,17,雁杳鱼沉,成语,成语,消息断绝。,
LAZLJBB-086,坐牢家爸爸给女儿的八十封信,原子弹与沉鱼落雁,015.原子弹与沉鱼落雁.txt,17,17,沉鱼落雁,成语,成语,形容女子极美。,
LAZLJBB-087,坐牢家爸爸给女儿的八十封信,原子弹与沉鱼落雁,015.原子弹与沉鱼落雁.txt,19,19,wild-goose chase,英文成语,英语俗语,白费劲。,
LAZLJBB-088,坐牢家爸爸给女儿的八十封信,原子弹与沉鱼落雁,015.原子弹与沉鱼落雁.txt,21,21,白日登山望烽火，黄昏饮马傍交河,唐诗句,李颀《古从军行》,边塞诗开篇。,
LAZLJBB-089,坐牢家爸爸给女儿的八十封信,原子弹与沉鱼落雁,015.原子弹与沉鱼落雁.txt,21,21,年年战骨埋荒外，空见葡萄入汉家,唐诗句,李颀《古从军行》,边塞诗结句。,
LAZLJBB-090,坐牢家爸爸给女儿的八十封信,他所有的鹅都是天鹅,016.他所有的鹅都是天鹅.txt,5,5,All his geese are swans,英文成语,英语俗语,形容人夸大吹牛。,
LAZLJBB-091,坐牢家爸爸给女儿的八十封信,他所有的鹅都是天鹅,016.他所有的鹅都是天鹅.txt,5,5,癞蛤蟆想吃天鹅肉,俗语,俗语,妄想高攀。,
LAZLJBB-092,坐牢家爸爸给女儿的八十封信,他所有的鹅都是天鹅,016.他所有的鹅都是天鹅.txt,7,7,丑小鸭,童话题名,安徒生童话,丑小鸭变天鹅的童话。,
LAZLJBB-093,坐牢家爸爸给女儿的八十封信,他所有的鹅都是天鹅,016.他所有的鹅都是天鹅.txt,13,13,天鹅之歌,英文典故,英语成语,表示最后作品或行动。,
LAZLJBB-094,坐牢家爸爸给女儿的八十封信,麻是麻烦，可是不会生胃病,017.麻是麻烦，可是不会生胃病.txt,7,7,麻是麻烦，可是不会生胃病,妙语,李敖拟语,替反刍动物拟出俏皮回答。,
LAZLJBB-095,坐牢家爸爸给女儿的八十封信,破锅有烂灶、李大有张嫂,018.破锅有烂灶、李大有张嫂.txt,5,5,All work and no play makes Jack a dull boy,英文成语,英语俗语,只用功不玩会使人呆板。,
LAZLJBB-096,坐牢家爸爸给女儿的八十封信,破锅有烂灶、李大有张嫂,018.破锅有烂灶、李大有张嫂.txt,7,7,Every Jack has his Jill,英文成语,英语俗语,物各有偶。,
LAZLJBB-097,坐牢家爸爸给女儿的八十封信,破锅有烂灶、李大有张嫂,018.破锅有烂灶、李大有张嫂.txt,7,7,物各有偶,成语,成语,各有相配之物。,
LAZLJBB-098,坐牢家爸爸给女儿的八十封信,破锅有烂灶、李大有张嫂,018.破锅有烂灶、李大有张嫂.txt,7,7,破锅有烂灶、李大有张嫂,俗语,俗语,形容各有相配。,
LAZLJBB-099,坐牢家爸爸给女儿的八十封信,破锅有烂灶、李大有张嫂,018.破锅有烂灶、李大有张嫂.txt,27,27,上天无路，入地无门,成语,成语,走投无路。,
LAZLJBB-100,坐牢家爸爸给女儿的八十封信,看那熊相,020.看那熊相.txt,9,9,鱼我所欲也，熊掌亦我所欲也,古文引用,《孟子》,鱼与熊掌两者皆欲。,
LAZLJBB-101,坐牢家爸爸给女儿的八十封信,看那熊相,020.看那熊相.txt,17,17,熊熊大火,成语,成语,大火猛烈。,
LAZLJBB-102,坐牢家爸爸给女儿的八十封信,看那熊相,020.看那熊相.txt,29,29,Sell the skin before one has killed the bear,英文谚语,英语俗语,熊未到手先卖皮，过早打算。,
LAZLJBB-103,坐牢家爸爸给女儿的八十封信,看那熊相,020.看那熊相.txt,33,33,Count one's chickens before they are hatched,英文谚语,英语俗语,蛋未孵先数鸡。,
LAZLJBB-104,坐牢家爸爸给女儿的八十封信,看那熊相,020.看那熊相.txt,37,37,熊罴入梦,成语典故,古典典故,祝人生子的吉语。,
LAZLJBB-105,坐牢家爸爸给女儿的八十封信,为什么还叫别人是姥姥？,021.为什么还叫别人是姥姥？.txt,7,7,天才是百分之一的灵感，百分之九十九的流汗,名人格言,爱迪生语,天才主要靠努力。,
LAZLJBB-106,坐牢家爸爸给女儿的八十封信,为什么还叫别人是姥姥？,021.为什么还叫别人是姥姥？.txt,11,11,除了我的天才外还有什么好报的,名人妙语,王尔德语,海关申报时的机智答语。,
LAZLJBB-107,坐牢家爸爸给女儿的八十封信,为什么还叫别人是姥姥？,021.为什么还叫别人是姥姥？.txt,29,29,Nothing doing,英文俗语,英语俗语,不行、我才不干。,
LAZLJBB-108,坐牢家爸爸给女儿的八十封信,苍蝇的老婆最多,022.苍蝇的老婆最多.txt,15,15,见秋毫之末而不见舆薪,古典成语,古语,只见小处不见大处。,
LAZLJBB-109,坐牢家爸爸给女儿的八十封信,英文回文·中文回文,023.英文回文·中文回文.txt,15,15,"Madam, I'm Adam",英文回文,英语回文,亚当自我介绍式回文。,
LAZLJBB-110,坐牢家爸爸给女儿的八十封信,英文回文·中文回文,023.英文回文·中文回文.txt,19,19,Poor Dan is in a droop,英文回文,英语回文,顺读倒读相同的句子。,
LAZLJBB-111,坐牢家爸爸给女儿的八十封信,英文回文·中文回文,023.英文回文·中文回文.txt,23,23,Able was I ere I saw Elba,英文回文,英语回文,拿破仑厄尔巴岛回文句。,
LAZLJBB-112,坐牢家爸爸给女儿的八十封信,英文回文·中文回文,023.英文回文·中文回文.txt,29,29,放狗屁,回文笑话,李敖举例,作文批语回文笑话之一。,
LAZLJBB-113,坐牢家爸爸给女儿的八十封信,英文回文·中文回文,023.英文回文·中文回文.txt,31,31,狗放屁,回文笑话,李敖举例,作文批语回文笑话之一。,
LAZLJBB-114,坐牢家爸爸给女儿的八十封信,英文回文·中文回文,023.英文回文·中文回文.txt,33,33,放屁狗,回文笑话,李敖举例,作文批语回文笑话之一。,
LAZLJBB-115,坐牢家爸爸给女儿的八十封信,英文回文·中文回文,023.英文回文·中文回文.txt,37,45,你爱我不爱,中文回文,李敖自造,李敖所造回文组开头句。,
LAZLJBB-116,坐牢家爸爸给女儿的八十封信,英文回文·中文回文,023.英文回文·中文回文.txt,81,89,可以清心也,中文回文,茶壶回文,茶壶上常见的回文。,
LAZLJBB-117,坐牢家爸爸给女儿的八十封信,英文回文·中文回文,023.英文回文·中文回文.txt,101,101,花落正啼鸦,词句,纳兰性德词句,可倒读为回文的词句。,
LAZLJBB-118,坐牢家爸爸给女儿的八十封信,英文回文·中文回文,023.英文回文·中文回文.txt,101,101,鸦啼正落花,回文词句,纳兰性德词句倒读,倒读亦成句。,
LAZLJBB-119,坐牢家爸爸给女儿的八十封信,关于脖子的种种,024.关于脖子的种种.txt,11,11,班门弄斧,成语,成语,在行家面前卖弄。,
LAZLJBB-120,坐牢家爸爸给女儿的八十封信,关于脖子的种种,024.关于脖子的种种.txt,11,11,小巫见大巫,成语,成语,相形见绌。,
LAZLJBB-121,坐牢家爸爸给女儿的八十封信,关于脖子的种种,024.关于脖子的种种.txt,23,23,neck and neck,英文成语,英语俗语,并驾齐驱。,
LAZLJBB-122,坐牢家爸爸给女儿的八十封信,关于脖子的种种,024.关于脖子的种种.txt,27,27,Neck or nothing,英文成语,英语俗语,冒险一搏。,
LAZLJBB-123,坐牢家爸爸给女儿的八十封信,关于脖子的种种,024.关于脖子的种种.txt,33,33,Don't stick your neck out too far,英文格言,英语俗语,别太冒险。,
LAZLJBB-124,坐牢家爸爸给女儿的八十封信,关于脖子的种种,024.关于脖子的种种.txt,35,35,刎颈之交,成语,成语,可共生死的至交。,
LAZLJBB-125,坐牢家爸爸给女儿的八十封信,眼睛有时候会上当,025.眼睛有时候会上当.txt,15,15,Look before your leap,英文格言,英语俗语,三思而后行。,
LAZLJBB-126,坐牢家爸爸给女儿的八十封信,眼睛有时候会上当,025.眼睛有时候会上当.txt,15,15,三思而后行,成语,成语,行动前要慎思。,
LAZLJBB-127,坐牢家爸爸给女儿的八十封信,眼睛有时候会上当,025.眼睛有时候会上当.txt,17,17,海底捞针,成语,成语,极难寻找。,
LAZLJBB-128,坐牢家爸爸给女儿的八十封信,眼睛有时候会上当,025.眼睛有时候会上当.txt,23,23,旁观者清,成语,成语,旁观的人看得清。,
LAZLJBB-129,坐牢家爸爸给女儿的八十封信,眼睛有时候会上当,025.眼睛有时候会上当.txt,31,31,Seeing is believing,英文格言,英语俗语,眼见为信。,
LAZLJBB-130,坐牢家爸爸给女儿的八十封信,眼睛有时候会上当,025.眼睛有时候会上当.txt,31,31,百闻不如一见,俗语,俗语,听得多不如亲眼见。,
LAZLJBB-131,坐牢家爸爸给女儿的八十封信,眼睛有时候会上当,025.眼睛有时候会上当.txt,51,51,眼睛有时候会上当,妙语,李敖,说明视觉错觉。,
LAZLJBB-132,坐牢家爸爸给女儿的八十封信,“妈妈骑马，马慢，妈妈骂马”,026.“妈妈骑马，马慢，妈妈骂马”.txt,7,7,妈妈骑马，马慢，妈妈骂马,绕口令,中文绕口令,马字绕口令。,
LAZLJBB-133,坐牢家爸爸给女儿的八十封信,“妈妈骑马，马慢，妈妈骂马”,026.“妈妈骑马，马慢，妈妈骂马”.txt,9,9,妞妞骑牛，牛扭，妞妞扭牛,绕口令,中文绕口令,牛字绕口令。,
LAZLJBB-134,坐牢家爸爸给女儿的八十封信,“妈妈骑马，马慢，妈妈骂马”,026.“妈妈骑马，马慢，妈妈骂马”.txt,11,11,门后头的刀，刀倒挂着,绕口令,中文绕口令,刀字绕口令。,
LAZLJBB-135,坐牢家爸爸给女儿的八十封信,“妈妈骑马，马慢，妈妈骂马”,026.“妈妈骑马，马慢，妈妈骂马”.txt,13,13,吃葡萄不吐葡萄皮，不吃葡萄倒吐葡萄皮,绕口令,中文绕口令,葡萄皮绕口令。,
LAZLJBB-136,坐牢家爸爸给女儿的八十封信,“妈妈骑马，马慢，妈妈骂马”,026.“妈妈骑马，马慢，妈妈骂马”.txt,17,17,She sells seashells at the sea-shore,英文绕口令,英语绕口令,海边卖贝壳绕口令。,
LAZLJBB-137,坐牢家爸爸给女儿的八十封信,“妈妈骑马，马慢，妈妈骂马”,026.“妈妈骑马，马慢，妈妈骂马”.txt,21,21,A big black bug bites a big black bear,英文绕口令,英语绕口令,黑虫咬黑熊绕口令。,
LAZLJBB-138,坐牢家爸爸给女儿的八十封信,“妈妈骑马，马慢，妈妈骂马”,026.“妈妈骑马，马慢，妈妈骂马”.txt,29,35,Peter Piper picked a peck of pickled peppers,英文绕口令诗,英语绕口令,Peter Piper 绕口令诗。,
LAZLJBB-139,坐牢家爸爸给女儿的八十封信,“妈妈骑马，马慢，妈妈骂马”,026.“妈妈骑马，马慢，妈妈骂马”.txt,43,43,Bill had a billboard and also a board bill,英文绕口令,李敖举例,Bill/billboard/board bill 绕口令。,
LAZLJBB-140,坐牢家爸爸给女儿的八十封信,“妈妈骑马，马慢，妈妈骂马”,026.“妈妈骑马，马慢，妈妈骂马”.txt,53,55,一粒辣椒也比一篮南瓜好,格言,英语谚语译句,重质不重量。,
LAZLJBB-141,坐牢家爸爸给女儿的八十封信,老鼠不信任一个洞,027.老鼠不信任一个洞.txt,9,9,獐头鼠目,成语,成语,形容相貌猥琐。,
LAZLJBB-142,坐牢家爸爸给女儿的八十封信,老鼠不信任一个洞,027.老鼠不信任一个洞.txt,9,9,贼眉鼠眼,成语,成语,形容神情鬼祟。,
LAZLJBB-143,坐牢家爸爸给女儿的八十封信,老鼠不信任一个洞,027.老鼠不信任一个洞.txt,9,9,耗子过街，人人喊打,俗语,俗语,人人讨厌。,
LAZLJBB-144,坐牢家爸爸给女儿的八十封信,老鼠不信任一个洞,027.老鼠不信任一个洞.txt,11,11,胆小如鼠,成语,成语,胆子很小。,
LAZLJBB-145,坐牢家爸爸给女儿的八十封信,老鼠不信任一个洞,027.老鼠不信任一个洞.txt,23,23,狡兔三窟,成语,成语,多留退路。,
LAZLJBB-146,坐牢家爸爸给女儿的八十封信,老鼠不信任一个洞,027.老鼠不信任一个洞.txt,35,35,犹大之吻,典故,《圣经》典故,表面亲热而内藏出卖。,
LAZLJBB-147,坐牢家爸爸给女儿的八十封信,老鼠不信任一个洞,027.老鼠不信任一个洞.txt,47,47,别打落水狗,俗语,俗语,不要欺负失势者。,
LAZLJBB-148,坐牢家爸爸给女儿的八十封信,老鼠不信任一个洞,027.老鼠不信任一个洞.txt,51,51,墙倒众人推,俗语,俗语,人失势时众人趁机欺压。,
LAZLJBB-149,坐牢家爸爸给女儿的八十封信,老鼠不信任一个洞,027.老鼠不信任一个洞.txt,59,59,英文要一窝一窝的学,学习格言,李敖,主张成组学习语言材料。,
LAZLJBB-150,坐牢家爸爸给女儿的八十封信,猫头鹰为什么跟在智慧女神屁股后面？,029.猫头鹰为什么跟在智慧女神屁股后面？.txt,17,17,Carry water to the river,英文成语,英语俗语,运水到河边，徒劳。,
LAZLJBB-151,坐牢家爸爸给女儿的八十封信,猫头鹰为什么跟在智慧女神屁股后面？,029.猫头鹰为什么跟在智慧女神屁股后面？.txt,17,17,江边卖水,俗语,俗语,多此一举。,
LAZLJBB-152,坐牢家爸爸给女儿的八十封信,猫头鹰为什么跟在智慧女神屁股后面？,029.猫头鹰为什么跟在智慧女神屁股后面？.txt,19,19,Carry owls to Athens,英文成语,英语俗语,运猫头鹰到雅典，徒劳。,
LAZLJBB-153,坐牢家爸爸给女儿的八十封信,猫头鹰为什么跟在智慧女神屁股后面？,029.猫头鹰为什么跟在智慧女神屁股后面？.txt,21,21,智慧的象征,典故,希腊神话,猫头鹰作为智慧象征。,
LAZLJBB-154,坐牢家爸爸给女儿的八十封信,狼来了！狼来了！,030.狼来了！狼来了！.txt,11,11,狼来了！,寓言名句,《伊索寓言》,牧羊小孩喊狼的名句。,
LAZLJBB-155,坐牢家爸爸给女儿的八十封信,狼来了！狼来了！,030.狼来了！狼来了！.txt,11,11,cry wolf,英文成语,《伊索寓言》,发假警报。,
LAZLJBB-156,坐牢家爸爸给女儿的八十封信,狼来了！狼来了！,030.狼来了！狼来了！.txt,15,15,说谎话的惩罚是：即使他说真话时候，人家也不信他,寓言格言,《伊索寓言》,牧羊小孩故事的教训。,
LAZLJBB-157,坐牢家爸爸给女儿的八十封信,狼来了！狼来了！,030.狼来了！狼来了！.txt,15,15,江山易改，本性难移,俗语,俗语,本性不易改。,
LAZLJBB-158,坐牢家爸爸给女儿的八十封信,狼来了！狼来了！,030.狼来了！狼来了！.txt,17,17,Keep the wolf from the door,英文成语,英语俗语,免于饥饿。,
LAZLJBB-159,坐牢家爸爸给女儿的八十封信,狼来了！狼来了！,030.狼来了！狼来了！.txt,23,23,抓住了狼耳朵，抓住固然糟，放了更糟,英文成语译句,英语俗语,形容进退维谷。,
LAZLJBB-160,坐牢家爸爸给女儿的八十封信,狼来了！狼来了！,030.狼来了！狼来了！.txt,25,25,每况愈下,成语,成语,情况越来越坏。,
LAZLJBB-161,坐牢家爸爸给女儿的八十封信,狼来了！狼来了！,030.狼来了！狼来了！.txt,25,25,王小二过年——一年不如一年,俗语,歇后语,一年比一年差。,
LAZLJBB-162,坐牢家爸爸给女儿的八十封信,谁先完蛋？,031.谁先完蛋？.txt,15,15,覆巢之下，安有完卵,成语,成语,整体倾覆，个体难保。,
LAZLJBB-163,坐牢家爸爸给女儿的八十封信,谁先完蛋？,031.谁先完蛋？.txt,15,15,以卵击石,成语,成语,力量悬殊而自取失败。,
LAZLJBB-164,坐牢家爸爸给女儿的八十封信,谁先完蛋？,031.谁先完蛋？.txt,29,29,蛋生鸡，鸡生蛋,寓言俗语,英语寓言,过早打算的故事。,
LAZLJBB-165,坐牢家爸爸给女儿的八十封信,谁先完蛋？,031.谁先完蛋？.txt,37,43,Humpty Dumpty sat on a wall,英文儿歌,英语儿歌,蛋先生儿歌。,
LAZLJBB-166,坐牢家爸爸给女儿的八十封信,猴相,032.猴相.txt,7,7,朝三暮四,成语典故,中国寓言,狙公喂猴故事。,
LAZLJBB-167,坐牢家爸爸给女儿的八十封信,猴相,032.猴相.txt,11,11,教猱升木,成语,成语,教坏人作恶。,
LAZLJBB-168,坐牢家爸爸给女儿的八十封信,猴相,032.猴相.txt,15,15,小家子相,俗语,俗语,气量小。,
LAZLJBB-169,坐牢家爸爸给女儿的八十封信,从人猿到猿人,033.从人猿到猿人.txt,35,35,沐猴而冠,成语,成语,讥讽人徒具外表。,
LAZLJBB-170,坐牢家爸爸给女儿的八十封信,从人猿到猿人,033.从人猿到猿人.txt,39,39,不是你像猴子，而是猴子像你,英文妙语译句,英语俗语,转弯骂人的句子。,
LAZLJBB-171,坐牢家爸爸给女儿的八十封信,从人猿到猿人,033.从人猿到猿人.txt,25,25,怎么打扮，还是它,德国谚语译意,德国谚语,本质不因打扮而变。,
LAZLJBB-172,坐牢家爸爸给女儿的八十封信,蘑菇个没完,034.蘑菇个没完.txt,5,5,蘑菇个没完,俗语,北平话,纠缠不休。,
LAZLJBB-173,坐牢家爸爸给女儿的八十封信,蘑菇个没完,034.蘑菇个没完.txt,25,25,他就像是一种蘑菇，会突然间无中生有,英文比喻译句,英语俗语,用蘑菇比喻暴发。,
LAZLJBB-174,坐牢家爸爸给女儿的八十封信,非驴非马,035.非驴非马.txt,7,7,骑驴觅驴,成语,成语,心不在焉或忘了自身所在。,
LAZLJBB-175,坐牢家爸爸给女儿的八十封信,非驴非马,035.非驴非马.txt,11,11,答非所问,成语,成语,回答与问题无关。,
LAZLJBB-176,坐牢家爸爸给女儿的八十封信,非驴非马,035.非驴非马.txt,11,11,驴唇不对马嘴,俗语,俗语,两件事不相干。,
LAZLJBB-177,坐牢家爸爸给女儿的八十封信,非驴非马,035.非驴非马.txt,13,13,驴年马月,俗语,俗语,永远不会来的时候。,
LAZLJBB-178,坐牢家爸爸给女儿的八十封信,非驴非马,035.非驴非马.txt,21,21,He has made an ass of himself,英文成语,英语俗语,做傻事出洋相。,
LAZLJBB-179,坐牢家爸爸给女儿的八十封信,非驴非马,035.非驴非马.txt,27,27,非驴非马,成语,成语,什么都不像。,
LAZLJBB-180,坐牢家爸爸给女儿的八十封信,非驴非马,035.非驴非马.txt,27,27,四不像,俗语,俗语,不伦不类。,
LAZLJBB-181,坐牢家爸爸给女儿的八十封信,非驴非马,035.非驴非马.txt,31,31,"If a donkey bray at you, don't bray at him",英文格言,英语俗语,别人犯蠢不必跟着犯蠢。,
LAZLJBB-182,坐牢家爸爸给女儿的八十封信,骑小马·回台湾,036.骑小马·回台湾.txt,11,11,拍马屁,俗语,俗语,谄媚奉承。,
LAZLJBB-183,坐牢家爸爸给女儿的八十封信,骑小马·回台湾,036.骑小马·回台湾.txt,13,13,马屁精,俗语,俗语,善于奉承的人。,
LAZLJBB-184,坐牢家爸爸给女儿的八十封信,骑小马·回台湾,036.骑小马·回台湾.txt,15,15,露出马脚,成语,成语,露出破绽。,
LAZLJBB-185,坐牢家爸爸给女儿的八十封信,骑小马·回台湾,036.骑小马·回台湾.txt,17,17,马路如虎口,俗语,俗语,路上危险。,
LAZLJBB-186,坐牢家爸爸给女儿的八十封信,骑小马·回台湾,036.骑小马·回台湾.txt,19,19,车水马龙,成语,成语,交通繁忙。,
LAZLJBB-187,坐牢家爸爸给女儿的八十封信,骑小马·回台湾,036.骑小马·回台湾.txt,21,21,牛头马面,俗语,民间传说,地狱鬼卒形象。,
LAZLJBB-188,坐牢家爸爸给女儿的八十封信,骑小马·回台湾,036.骑小马·回台湾.txt,23,23,盲人骑瞎马，夜半临深池,古典成语,古语,极其危险。,
LAZLJBB-189,坐牢家爸爸给女儿的八十封信,骑小马·回台湾,036.骑小马·回台湾.txt,25,25,马后炮,俗语,俗语,事后无用之举。,
LAZLJBB-190,坐牢家爸爸给女儿的八十封信,骑小马·回台湾,036.骑小马·回台湾.txt,27,27,Ride the high horse,英文成语,英语俗语,趾高气扬。,
LAZLJBB-191,坐牢家爸爸给女儿的八十封信,骑小马·回台湾,036.骑小马·回台湾.txt,35,35,Flog a dead horse,英文成语,英语俗语,白费力气。,
LAZLJBB-192,坐牢家爸爸给女儿的八十封信,骑小马·回台湾,036.骑小马·回台湾.txt,37,37,Put the cart before the horse,英文成语,英语俗语,本末倒置。,
LAZLJBB-193,坐牢家爸爸给女儿的八十封信,骑小马·回台湾,036.骑小马·回台湾.txt,39,39,A good horse has no need of the spur,英文格言,英语俗语,骏马勿鞭。,
LAZLJBB-194,坐牢家爸爸给女儿的八十封信,骑小马·回台湾,036.骑小马·回台湾.txt,51,51,随遇而安,成语,成语,在各种处境中安顿自己。,
LAZLJBB-195,坐牢家爸爸给女儿的八十封信,骑小马·回台湾,036.骑小马·回台湾.txt,71,71,你认识的人愈多，你愈喜欢狗,人生妙语,李敖化用,由英文名句化出的人生观察。,
LAZLJBB-196,坐牢家爸爸给女儿的八十封信,鸽子·囮子·凯子,037.鸽子·囮子·凯子.txt,15,15,stool-pigeon,英文成语,英语俗语,诱饵、告密者。,
LAZLJBB-197,坐牢家爸爸给女儿的八十封信,鸽子·囮子·凯子,037.鸽子·囮子·凯子.txt,21,21,有饵的地方就有陷阱,处事格言,李敖,提醒诱饵背后常有圈套。,
LAZLJBB-198,坐牢家爸爸给女儿的八十封信,鸽子·囮子·凯子,037.鸽子·囮子·凯子.txt,23,23,人山人海,成语,成语,人很多。,
LAZLJBB-199,坐牢家爸爸给女儿的八十封信,斗出自大来,038.斗出自大来.txt,15,15,Like a cock courageous only at home,英文谚语,英语俗语,只在家里勇敢。,
LAZLJBB-200,坐牢家爸爸给女儿的八十封信,斗出自大来,038.斗出自大来.txt,17,17,Every cock crows on its own dunghill,英文谚语,英语俗语,在家个个称雄。,
LAZLJBB-201,坐牢家爸爸给女儿的八十封信,斗出自大来,038.斗出自大来.txt,27,27,cock-a-hoop,英文俗语,英语俗语,洋洋得意。,
LAZLJBB-202,坐牢家爸爸给女儿的八十封信,斗出自大来,038.斗出自大来.txt,35,35,他像个公鸡一样以为太阳升起是为了听他叫,文学妙语译句,George Eliot,讽刺自大。,
LAZLJBB-203,坐牢家爸爸给女儿的八十封信,谁在瞎忙？,039.谁在瞎忙？.txt,5,5,偃鼠饮河，不过满腹,古语,古书语,所需有限。,
LAZLJBB-204,坐牢家爸爸给女儿的八十封信,谁在瞎忙？,039.谁在瞎忙？.txt,11,11,瞎得像鼹鼠,英文成语译句,英语俗语,形容眼盲。,
LAZLJBB-205,坐牢家爸爸给女儿的八十封信,谁在瞎忙？,039.谁在瞎忙？.txt,17,17,Why make a mountain of a molehill,英文成语,英语俗语,不要小题大做。,
LAZLJBB-206,坐牢家爸爸给女儿的八十封信,谁在瞎忙？,039.谁在瞎忙？.txt,25,25,He promises much and gives little,英文格言,英语俗语,承诺多，给得少。,
LAZLJBB-207,坐牢家爸爸给女儿的八十封信,谁在瞎忙？,039.谁在瞎忙？.txt,27,27,"A man apt to promise, is apt to forget",英文格言,英语俗语,容易答应也容易忘。,
LAZLJBB-208,坐牢家爸爸给女儿的八十封信,谁在瞎忙？,039.谁在瞎忙？.txt,29,29,轻诺寡信,成语,成语,轻易许诺而少守信。,
LAZLJBB-209,坐牢家爸爸给女儿的八十封信,谁在瞎忙？,039.谁在瞎忙？.txt,31,31,好听的许愿填不饱肚子,英文格言译句,英语俗语,空许诺无实际用处。,
LAZLJBB-210,坐牢家爸爸给女儿的八十封信,谁在瞎忙？,039.谁在瞎忙？.txt,37,37,无事忙,俗语,《红楼梦》语,假忙或乱忙。,
LAZLJBB-211,坐牢家爸爸给女儿的八十封信,运动道德吗？,040.运动道德吗？.txt,9,9,Call a spade a spade,英文成语,英语俗语,直言其名。,
LAZLJBB-212,坐牢家爸爸给女儿的八十封信,运动道德吗？,040.运动道德吗？.txt,15,15,黑就是黑，白就是白,英文成语译句,英语俗语,是非分明。,
LAZLJBB-213,坐牢家爸爸给女儿的八十封信,运动道德吗？,040.运动道德吗？.txt,17,17,颠倒黑白,成语,成语,混淆是非。,
LAZLJBB-214,坐牢家爸爸给女儿的八十封信,运动道德吗？,040.运动道德吗？.txt,17,17,指鹿为马,成语典故,历史典故,故意颠倒事实。,
LAZLJBB-215,坐牢家爸爸给女儿的八十封信,运动道德吗？,040.运动道德吗？.txt,19,25,觚，不觚。觚哉？觚哉？,古文引用,《论语》,名实不符之叹。,
LAZLJBB-216,坐牢家爸爸给女儿的八十封信,运动道德吗？,040.运动道德吗？.txt,31,31,姑，不姑。姑哉？姑哉？,仿古妙语,李敖仿《论语》,仿“觚不觚”造句。,
LAZLJBB-217,坐牢家爸爸给女儿的八十封信,小文十岁生日歌,041.小文十岁生日歌.txt,3,65,十年前，,诗歌,李敖生日歌,小文十岁生日歌开篇。,
LAZLJBB-218,坐牢家爸爸给女儿的八十封信,小文十岁生日歌,041.小文十岁生日歌.txt,41,43,人生就像骑小马,诗句,李敖生日歌,以骑小马比喻人生。,
LAZLJBB-219,坐牢家爸爸给女儿的八十封信,小文十岁生日歌,041.小文十岁生日歌.txt,49,51,人生二十才开始,诗句,李敖生日歌,祝女儿成长的诗句。,
LAZLJBB-220,坐牢家爸爸给女儿的八十封信,小文十岁生日歌,041.小文十岁生日歌.txt,53,59,十年以后一枝花,诗句,李敖生日歌,写十年后的女儿。,
LAZLJBB-221,坐牢家爸爸给女儿的八十封信,生日与十二宫图,042.生日与十二宫图.txt,13,13,Many happy returns of the day,英文祝辞,英语祝寿语,生日祝福语。,
LAZLJBB-222,坐牢家爸爸给女儿的八十封信,生日与十二宫图,042.生日与十二宫图.txt,13,13,万寿无疆,祝寿成语,成语,祝寿长久。,
LAZLJBB-223,坐牢家爸爸给女儿的八十封信,生日与十二宫图,042.生日与十二宫图.txt,13,13,花甲,典故词语,干支纪年,六十年一轮。,
LAZLJBB-224,坐牢家爸爸给女儿的八十封信,生日与十二宫图,042.生日与十二宫图.txt,67,67,死诸葛（诸葛亮）走生仲达（司马懿）,典故,《三国演义》,死后余威仍能退敌。,
LAZLJBB-225,坐牢家爸爸给女儿的八十封信,林肯·栗子·笑,043.林肯·栗子·笑.txt,25,25,笑里藏刀,成语,成语,外笑内险。,
LAZLJBB-226,坐牢家爸爸给女儿的八十封信,林肯·栗子·笑,043.林肯·栗子·笑.txt,25,25,There's daggers in men's smiles,英文名句,莎士比亚《麦克白》,笑中有刀。,
LAZLJBB-227,坐牢家爸爸给女儿的八十封信,林肯·栗子·笑,043.林肯·栗子·笑.txt,29,29,啼笑皆非,成语,成语,哭笑不得。,
LAZLJBB-228,坐牢家爸爸给女儿的八十封信,林肯·栗子·笑,043.林肯·栗子·笑.txt,29,29,疼得没法笑，又年纪大得不好意思哭,英文妙语译句,林肯轶语,形容失败后的哭笑不得。,
LAZLJBB-229,坐牢家爸爸给女儿的八十封信,林肯·栗子·笑,043.林肯·栗子·笑.txt,41,41,虽死犹生,成语,成语,死后仍有生命或影响。,
LAZLJBB-230,坐牢家爸爸给女儿的八十封信,林肯·栗子·笑,043.林肯·栗子·笑.txt,43,43,cat's paw,英文成语,英语典故,被人利用的工具。,
LAZLJBB-231,坐牢家爸爸给女儿的八十封信,“浪费蜡烛去找针”,044.“浪费蜡烛去找针”.txt,5,5,有备无患,成语,成语,事先准备可免后患。,
LAZLJBB-232,坐牢家爸爸给女儿的八十封信,“浪费蜡烛去找针”,044.“浪费蜡烛去找针”.txt,5,5,防患未然,成语,成语,在祸患发生前预防。,
LAZLJBB-233,坐牢家爸爸给女儿的八十封信,“浪费蜡烛去找针”,044.“浪费蜡烛去找针”.txt,7,7,浪费蜡烛去找针,法国成语译句,法国成语,为小物耗大成本。,
LAZLJBB-234,坐牢家爸爸给女儿的八十封信,“浪费蜡烛去找针”,044.“浪费蜡烛去找针”.txt,9,9,A stitch in time save nine,英文格言,英语俗语,及时一针省九针。,
LAZLJBB-235,坐牢家爸爸给女儿的八十封信,“浪费蜡烛去找针”,044.“浪费蜡烛去找针”.txt,11,11,海底捞针,成语,成语,难以寻找。,
LAZLJBB-236,坐牢家爸爸给女儿的八十封信,“浪费蜡烛去找针”,044.“浪费蜡烛去找针”.txt,11,11,水中捞月,成语,成语,徒劳无功。,
LAZLJBB-237,坐牢家爸爸给女儿的八十封信,“浪费蜡烛去找针”,044.“浪费蜡烛去找针”.txt,11,11,人同此心，心同此理,俗语,俗语,人心事理相通。,
LAZLJBB-238,坐牢家爸爸给女儿的八十封信,水肉·水月·影子戏,046.水肉·水月·影子戏.txt,7,7,水中捞月,成语,成语,追求虚幻，徒劳无功。,
LAZLJBB-239,坐牢家爸爸给女儿的八十封信,水肉·水月·影子戏,046.水肉·水月·影子戏.txt,7,7,镜花水月总成空,诗文成句,古典诗文语,镜中花水中月终属虚幻。,
LAZLJBB-240,坐牢家爸爸给女儿的八十封信,水肉·水月·影子戏,046.水肉·水月·影子戏.txt,9,9,牺牲实在而信虚幻,人生格言,李敖译述,舍弃真实而追逐幻影。,
LAZLJBB-241,坐牢家爸爸给女儿的八十封信,水肉·水月·影子戏,046.水肉·水月·影子戏.txt,9,9,抓紧影子而失掉实在,人生格言,李敖译述,抓幻影而失实物。,
LAZLJBB-242,坐牢家爸爸给女儿的八十封信,水肉·水月·影子戏,046.水肉·水月·影子戏.txt,15,15,是耶？非耶？偏何姗姗其来迟！,古文引用,汉武帝故事,影子戏典故中的句子。,
LAZLJBB-243,坐牢家爸爸给女儿的八十封信,水肉·水月·影子戏,046.水肉·水月·影子戏.txt,15,15,姗姗来迟,成语,成语,来得缓慢。,
LAZLJBB-244,坐牢家爸爸给女儿的八十封信,怪签名,047.怪签名.txt,21,21,庭前桃未发,中文双关句,李鸿章轶事,与下句构成双关。,
LAZLJBB-245,坐牢家爸爸给女儿的八十封信,怪签名,047.怪签名.txt,21,21,阁下李先生,中文双关句,李鸿章轶事,以阁下、李先生双关应对。,
LAZLJBB-246,坐牢家爸爸给女儿的八十封信,天上天堂与人间天堂,049.天上天堂与人间天堂.txt,5,5,失乐园,文学题名,弥尔顿长诗,Paradise Lost。,
LAZLJBB-247,坐牢家爸爸给女儿的八十封信,天上天堂与人间天堂,049.天上天堂与人间天堂.txt,5,5,伊甸园,圣经典故,《圣经》,亚当夏娃被逐之园。,
LAZLJBB-248,坐牢家爸爸给女儿的八十封信,天上天堂与人间天堂,049.天上天堂与人间天堂.txt,7,7,A Heaven on Earth,英文成语,弥尔顿语,人间天堂。,
LAZLJBB-249,坐牢家爸爸给女儿的八十封信,天上天堂与人间天堂,049.天上天堂与人间天堂.txt,11,11,桃花源记,文学题名,陶渊明,中国人间天堂故事。,
LAZLJBB-250,坐牢家爸爸给女儿的八十封信,天上天堂与人间天堂,049.天上天堂与人间天堂.txt,11,11,世外桃源,成语典故,陶渊明《桃花源记》,理想化的避世之地。,
LAZLJBB-251,坐牢家爸爸给女儿的八十封信,天上天堂与人间天堂,049.天上天堂与人间天堂.txt,15,15,乌托邦,概念典故,Thomas More,假设国、理想国。,
LAZLJBB-252,坐牢家爸爸给女儿的八十封信,谈年论孝,051.谈年论孝.txt,5,5,王小二过年，一年不如一年,俗谚,中国俗谚,一年比一年差。,
LAZLJBB-253,坐牢家爸爸给女儿的八十封信,谈年论孝,051.谈年论孝.txt,7,7,一年到头,俗语,俗语,整年。,
LAZLJBB-254,坐牢家爸爸给女儿的八十封信,谈年论孝,051.谈年论孝.txt,7,7,急景凋年,成语,成语,岁暮时光急迫。,
LAZLJBB-255,坐牢家爸爸给女儿的八十封信,谈年论孝,051.谈年论孝.txt,63,63,自反而缩，虽千万人，吾往矣,古文引用,《孟子》,自省无愧便勇往直前。,
LAZLJBB-256,坐牢家爸爸给女儿的八十封信,“爸”·“爹”·“妈”,052.“爸”·“爹”·“妈”.txt,27,27,"Like father, like son",英文成语,英语俗语,有其父必有其子。,
LAZLJBB-257,坐牢家爸爸给女儿的八十封信,“爸”·“爹”·“妈”,052.“爸”·“爹”·“妈”.txt,27,27,虎父无犬子,俗语,俗语,父强子亦强。,
LAZLJBB-258,坐牢家爸爸给女儿的八十封信,“爸”·“爹”·“妈”,052.“爸”·“爹”·“妈”.txt,39,39,假使唱机坏了，别让爹爹去修,儿童妙语,英文笑话译句,孩子规则中的幽默句。,
LAZLJBB-259,坐牢家爸爸给女儿的八十封信,“爸”·“爹”·“妈”,052.“爸”·“爹”·“妈”.txt,43,43,毒蛇在手，壮士断臂,古语,古典格言,必要时果断牺牲小处。,
LAZLJBB-260,坐牢家爸爸给女儿的八十封信,“爸”·“爹”·“妈”,052.“爸”·“爹”·“妈”.txt,43,43,壮士断臂,成语,成语,果断牺牲以保全大局。,
LAZLJBB-261,坐牢家爸爸给女儿的八十封信,木字头的,053.木字头的.txt,15,15,呆若木鸡,成语,《庄子》典故,原指斗鸡训练到家，后指发呆。,
LAZLJBB-262,坐牢家爸爸给女儿的八十封信,木字头的,053.木字头的.txt,15,15,世界是变的呀,妙语,李敖,由木鸡词义变化引出。,
LAZLJBB-263,坐牢家爸爸给女儿的八十封信,木字头的,053.木字头的.txt,17,17,木马屠城记,典故,希腊神话,特洛伊木马故事。,
LAZLJBB-264,坐牢家爸爸给女儿的八十封信,踏脚石与马铃薯,054.踏脚石与马铃薯.txt,17,17,一个人不要老吹自己的祖宗，要自己有本领才好,人生格言,李敖,由五月花祖先炫耀引出。,
LAZLJBB-265,坐牢家爸爸给女儿的八十封信,踏脚石与马铃薯,054.踏脚石与马铃薯.txt,17,17,属于他的好东西都在地底下,英文妙语译句,Thomas Overbury,讽刺只会夸祖宗的人。,
LAZLJBB-266,坐牢家爸爸给女儿的八十封信,踏脚石与马铃薯,054.踏脚石与马铃薯.txt,23,23,hot potato,英文成语,英语俗语,烫手山芋。,
LAZLJBB-267,坐牢家爸爸给女儿的八十封信,从达芬奇到蒲公英,056.从达芬奇到蒲公英.txt,5,5,青出于蓝而胜于蓝,成语,成语,学生胜过老师。,
LAZLJBB-268,坐牢家爸爸给女儿的八十封信,从达芬奇到蒲公英,056.从达芬奇到蒲公英.txt,7,7,mirror writing,英文术语,达芬奇书写习惯,镜子书法。,
LAZLJBB-269,坐牢家爸爸给女儿的八十封信,从达芬奇到蒲公英,056.从达芬奇到蒲公英.txt,9,9,Paint the face in such a way that it will be easy to understand what is going on in the mind,艺术格言,达芬奇语,脸应画到可见内心。,
LAZLJBB-270,坐牢家爸爸给女儿的八十封信,从达芬奇到蒲公英,056.从达芬奇到蒲公英.txt,13,13,相见恨早,妙语,李敖化用,生得太早而不被时代理解。,
LAZLJBB-271,坐牢家爸爸给女儿的八十封信,从达芬奇到蒲公英,056.从达芬奇到蒲公英.txt,13,13,生不逢时,成语,成语,时代不合。,
LAZLJBB-272,坐牢家爸爸给女儿的八十封信,“那么让他们吃饼嘛！”,066.“那么让他们吃饼嘛！”.txt,35,35,空中楼阁,成语,成语,虚幻不实的构想。,
LAZLJBB-273,坐牢家爸爸给女儿的八十封信,瞎子可以摸出象来,057.瞎子可以摸出象来.txt,9,9,草枯鹰眼疾,诗句,古典诗句,写鹰眼锐利。,
LAZLJBB-274,坐牢家爸爸给女儿的八十封信,瞎子可以摸出象来,057.瞎子可以摸出象来.txt,9,9,目光如豆,成语,成语,眼光短浅。,
LAZLJBB-275,坐牢家爸爸给女儿的八十封信,瞎子可以摸出象来,057.瞎子可以摸出象来.txt,9,9,视而不见,成语,成语,看见却当没看见。,
LAZLJBB-276,坐牢家爸爸给女儿的八十封信,瞎子可以摸出象来,057.瞎子可以摸出象来.txt,9,9,打马虎眼,俗语,俗语,装糊涂。,
LAZLJBB-277,坐牢家爸爸给女儿的八十封信,瞎子可以摸出象来,057.瞎子可以摸出象来.txt,9,9,love is blind,英文格言,Chaucer语,爱情使人盲目。,
LAZLJBB-278,坐牢家爸爸给女儿的八十封信,瞎子可以摸出象来,057.瞎子可以摸出象来.txt,11,11,"In the land of the blind, the one-eyed is king",英文谚语,英语俗语,盲人国里独眼为王。,
LAZLJBB-279,坐牢家爸爸给女儿的八十封信,瞎子可以摸出象来,057.瞎子可以摸出象来.txt,17,17,盲人摸象,成语典故,中国笑话,各摸一部分而误认整体。,
LAZLJBB-280,坐牢家爸爸给女儿的八十封信,瞎子可以摸出象来,057.瞎子可以摸出象来.txt,29,29,久而不闻其臭,成语,成语,久处其中不觉其臭。,
LAZLJBB-281,坐牢家爸爸给女儿的八十封信,瞎子可以摸出象来,057.瞎子可以摸出象来.txt,29,29,臭味相投,成语,成语,坏趣味相合。,
LAZLJBB-282,坐牢家爸爸给女儿的八十封信,瞎子可以摸出象来,057.瞎子可以摸出象来.txt,35,35,味同嚼蜡,成语,成语,没有味道或趣味。,
LAZLJBB-283,坐牢家爸爸给女儿的八十封信,瞎子可以摸出象来,057.瞎子可以摸出象来.txt,35,35,索然无味,成语,成语,毫无趣味。,
LAZLJBB-284,坐牢家爸爸给女儿的八十封信,瞎子可以摸出象来,057.瞎子可以摸出象来.txt,35,35,弃之可惜，食之无味,成语,鸡肋典故,舍不得丢，留着无味。,
LAZLJBB-285,坐牢家爸爸给女儿的八十封信,瞎子可以摸出象来,057.瞎子可以摸出象来.txt,43,43,装聋作哑,成语,成语,假装不听不说。,
LAZLJBB-286,坐牢家爸爸给女儿的八十封信,瞎子可以摸出象来,057.瞎子可以摸出象来.txt,43,43,听而不闻,成语,成语,听见却不理会。,
LAZLJBB-287,坐牢家爸爸给女儿的八十封信,瞎子可以摸出象来,057.瞎子可以摸出象来.txt,49,49,充耳不闻,成语,成语,塞住耳朵不听。,
LAZLJBB-288,坐牢家爸爸给女儿的八十封信,彼得·潘·潘彼得,058.彼得·潘·潘彼得.txt,5,5,One of you shall betray me,圣经画题句,《最后的晚餐》,耶稣预告有人出卖他。,
LAZLJBB-289,坐牢家爸爸给女儿的八十封信,彼得·潘·潘彼得,058.彼得·潘·潘彼得.txt,9,9,得人如得鱼一样,圣经语句,耶稣语,fishers of men 的译述。,
LAZLJBB-290,坐牢家爸爸给女儿的八十封信,彼得·潘·潘彼得,058.彼得·潘·潘彼得.txt,9,9,天国的钥匙,圣经典故,耶稣语,给彼得的天国钥匙。,
LAZLJBB-291,坐牢家爸爸给女儿的八十封信,彼得·潘·潘彼得,058.彼得·潘·潘彼得.txt,11,11,Rob Peter to pay Paul,英文成语,英语俗语,拆东墙补西墙。,
LAZLJBB-292,坐牢家爸爸给女儿的八十封信,彼得·潘·潘彼得,058.彼得·潘·潘彼得.txt,23,23,"Peter Pan, the hero of a play by Sir James Barrie, is a boy who refuses to grow up",童话人物语,James Barrie,彼得潘不肯长大。,
LAZLJBB-293,坐牢家爸爸给女儿的八十封信,彼得·潘·潘彼得,058.彼得·潘·潘彼得.txt,27,27,to play hide and seek with angels,文学妙语,James Barrie,把创作概括为同天使捉迷藏。,
LAZLJBB-294,坐牢家爸爸给女儿的八十封信,萨摩亚与自挽诗,060.萨摩亚与自挽诗.txt,31,31,画地为牢,成语,古语,在地上画圈为牢。,
LAZLJBB-295,坐牢家爸爸给女儿的八十封信,萨摩亚与自挽诗,060.萨摩亚与自挽诗.txt,31,31,夜不闭户,成语,古语,社会安定，无需关门。,
LAZLJBB-296,坐牢家爸爸给女儿的八十封信,萨摩亚与自挽诗,060.萨摩亚与自挽诗.txt,37,53,Under the wide and starry sky,英文诗句,R. L. Stevenson《Requiem》,史蒂文森安魂曲开篇。,
LAZLJBB-297,坐牢家爸爸给女儿的八十封信,萨摩亚与自挽诗,060.萨摩亚与自挽诗.txt,47,53,"Home is the sailor, home from sea",英文诗句,R. L. Stevenson《Requiem》,水手自海归来。,
LAZLJBB-298,坐牢家爸爸给女儿的八十封信,萨摩亚与自挽诗,060.萨摩亚与自挽诗.txt,55,71,在星空之下，多么开朗,译诗,李敖译《Requiem》,史蒂文森安魂曲中译开篇。,
LAZLJBB-299,坐牢家爸爸给女儿的八十封信,萨摩亚与自挽诗,060.萨摩亚与自挽诗.txt,57,63,我活得痛快，死得清爽,译诗,李敖译《Requiem》,洒脱面对生死的译句。,
LAZLJBB-300,坐牢家爸爸给女儿的八十封信,萨摩亚与自挽诗,060.萨摩亚与自挽诗.txt,65,71,水手已回来，从那海上,译诗,李敖译《Requiem》,Requiem 结尾译句。,
LAZLJBB-301,坐牢家爸爸给女儿的八十封信,萨摩亚与自挽诗,060.萨摩亚与自挽诗.txt,77,77,英国只有他能写出最好的英文句子,文学评语译句,Henry James评史蒂文森,称赞史蒂文森英文句子。,
LAZLJBB-302,坐牢家爸爸给女儿的八十封信,素食种种,061.素食种种.txt,5,13,It's a very odd thing,英文诗句,Walter de la Mare《Miss T.》,关于食物化为人的小诗。,
LAZLJBB-303,坐牢家爸爸给女儿的八十封信,素食种种,061.素食种种.txt,13,15,不论T小姐吃什么，结果都变成了T小姐,译诗,李敖译Walter de la Mare,营养转化的童趣译句。,
LAZLJBB-304,坐牢家爸爸给女儿的八十封信,素食种种,061.素食种种.txt,55,55,女人是水做的，男人是泥做的,俗语,俗语,男女由水泥喻成。,
LAZLJBB-305,坐牢家爸爸给女儿的八十封信,专门吃大鱼,062.专门吃大鱼.txt,5,5,大鱼吃小鱼，小鱼吃虾米,俗谚,中国俗谚,弱肉强食的俗语。,
LAZLJBB-306,坐牢家爸爸给女儿的八十封信,专门吃大鱼,062.专门吃大鱼.txt,7,7,The great fish eaten up the small,英文谚语,Thomas Draxe,大鱼吃小鱼。,
LAZLJBB-307,坐牢家爸爸给女儿的八十封信,专门吃大鱼,062.专门吃大鱼.txt,13,13,恶人自有恶人磨,俗语,俗语,坏人也会遇到克星。,
LAZLJBB-308,坐牢家爸爸给女儿的八十封信,“海外人鱼”,063.“海外人鱼”.txt,5,5,丑小鸭,童话题名,安徒生童话,安徒生名篇。,
LAZLJBB-309,坐牢家爸爸给女儿的八十封信,“海外人鱼”,063.“海外人鱼”.txt,5,5,国王的新衣,童话题名,安徒生童话,安徒生名篇。,
LAZLJBB-310,坐牢家爸爸给女儿的八十封信,“海外人鱼”,063.“海外人鱼”.txt,5,5,The Little Mermaid,童话题名,安徒生童话,小美人鱼。,
LAZLJBB-311,坐牢家爸爸给女儿的八十封信,“海外人鱼”,063.“海外人鱼”.txt,7,7,上身宛似妇人，下身仍是鱼形,小说引文,《镜花缘》,海外人鱼描写。,
LAZLJBB-312,坐牢家爸爸给女儿的八十封信,他们六个,064.他们六个.txt,21,21,当仁不让于师,古语,儒家语,做合宜之事不让于老师。,
LAZLJBB-313,坐牢家爸爸给女儿的八十封信,他们六个,064.他们六个.txt,21,21,"while both Plato and truth are dear to him, he is bound to prefer truth",哲学格言,亚里士多德语意,吾爱吾师，吾更爱真理。,
LAZLJBB-314,坐牢家爸爸给女儿的八十封信,他们六个,064.他们六个.txt,31,31,Yet it does move,科学史名句,伽利略传说语,地球仍在动。,
LAZLJBB-315,坐牢家爸爸给女儿的八十封信,他们六个,064.他们六个.txt,37,37,生不逢辰,成语,成语,生不逢时。,
LAZLJBB-316,坐牢家爸爸给女儿的八十封信,他们六个,064.他们六个.txt,43,43,周而复始,成语,成语,循环往复。,
LAZLJBB-317,坐牢家爸爸给女儿的八十封信,他们六个,064.他们六个.txt,75,77,Nature and Nature's laws lay hid in night,英文诗句,Alexander Pope咏牛顿,蒲柏咏牛顿诗句。,
LAZLJBB-318,坐牢家爸爸给女儿的八十封信,他们六个,064.他们六个.txt,85,85,the great ocean of truth lay all undiscovered before me,科学家格言,牛顿语,真理大海仍在眼前未被发现。,
LAZLJBB-319,坐牢家爸爸给女儿的八十封信,从鸭嘴兽到水獭,065.从鸭嘴兽到水獭.txt,47,47,羊毛出在羊身上,俗语,俗语,费用终由受益或相关者承担。,
LAZLJBB-320,坐牢家爸爸给女儿的八十封信,从鸭嘴兽到水獭,065.从鸭嘴兽到水獭.txt,53,53,不平则鸣,成语,成语,有不平便会发声。,
LAZLJBB-321,坐牢家爸爸给女儿的八十封信,从鸭嘴兽到水獭,065.从鸭嘴兽到水獭.txt,61,61,狗占马槽,寓言成语,《伊索寓言》,占着不用也不让别人用。,
LAZLJBB-322,坐牢家爸爸给女儿的八十封信,从鸭嘴兽到水獭,065.从鸭嘴兽到水獭.txt,61,61,占着茅坑不拉屎,俗语,俗语,占着位置不做事。,
LAZLJBB-323,坐牢家爸爸给女儿的八十封信,从鸭嘴兽到水獭,065.从鸭嘴兽到水獭.txt,61,61,Let sleeping dogs lie,英文格言,英语俗语,别惹睡狗，别多事。,
LAZLJBB-324,坐牢家爸爸给女儿的八十封信,从鸭嘴兽到水獭,065.从鸭嘴兽到水獭.txt,61,61,Every dogs has his day,英文谚语,英语俗语,每条狗都有得意之日。,
LAZLJBB-325,坐牢家爸爸给女儿的八十封信,从鸭嘴兽到水獭,065.从鸭嘴兽到水獭.txt,73,73,仰不愧天,成语,成语,问心无愧。,
LAZLJBB-326,坐牢家爸爸给女儿的八十封信,从鸭嘴兽到水獭,065.从鸭嘴兽到水獭.txt,77,79,豹死留皮,成语,成语,人死留名。,
LAZLJBB-327,坐牢家爸爸给女儿的八十封信,“那么让他们吃饼嘛！”,066.“那么让他们吃饼嘛！”.txt,5,5,老饕,雅称俗语,饮食词语,讲究吃的人。,
LAZLJBB-328,坐牢家爸爸给女儿的八十封信,“那么让他们吃饼嘛！”,066.“那么让他们吃饼嘛！”.txt,27,27,Philosophers should always have two or three holes under ground against the dogs hunting them,哲人妙语,伏尔泰语,哲学家应留几个洞防追猎。,
LAZLJBB-329,坐牢家爸爸给女儿的八十封信,“那么让他们吃饼嘛！”,066.“那么让他们吃饼嘛！”.txt,27,27,狡兔三窟,成语,成语,留多个退路。,
LAZLJBB-330,坐牢家爸爸给女儿的八十封信,“那么让他们吃饼嘛！”,066.“那么让他们吃饼嘛！”.txt,35,35,castles in Spain,英文成语,英语俗语,空中楼阁。,
LAZLJBB-331,坐牢家爸爸给女儿的八十封信,“那么让他们吃饼嘛！”,066.“那么让他们吃饼嘛！”.txt,43,43,French leave,英文成语,英语俗语,不辞而别。,
LAZLJBB-332,坐牢家爸爸给女儿的八十封信,嘴含一根草,067.嘴含一根草.txt,9,23,我是黑猩猩，,儿歌,李敖儿歌,嘴含一根草组诗之一。,
LAZLJBB-333,坐牢家爸爸给女儿的八十封信,嘴含一根草,067.嘴含一根草.txt,27,41,我是大袋鼠，,儿歌,李敖儿歌,嘴含一根草组诗之一。,
LAZLJBB-334,坐牢家爸爸给女儿的八十封信,嘴含一根草,067.嘴含一根草.txt,45,59,我是场拨鼠，,儿歌,李敖儿歌,嘴含一根草组诗之一。,
LAZLJBB-335,坐牢家爸爸给女儿的八十封信,嘴含一根草,067.嘴含一根草.txt,63,77,我是美人儿，,儿歌,李敖儿歌,嘴含一根草组诗之一。,
LAZLJBB-336,坐牢家爸爸给女儿的八十封信,嘴含一根草,067.嘴含一根草.txt,81,81,守望相助,成语,成语,邻里彼此扶助。,
LAZLJBB-337,坐牢家爸爸给女儿的八十封信,嘴含一根草,067.嘴含一根草.txt,81,81,养生送死,成语,儒家语,奉养生者、送葬死者。,
LAZLJBB-338,坐牢家爸爸给女儿的八十封信,我的本领就是臭,068.我的本领就是臭.txt,5,5,各人自扫门前雪,俗语,俗语,只管自己事。,
LAZLJBB-339,坐牢家爸爸给女儿的八十封信,我的本领就是臭,068.我的本领就是臭.txt,5,5,休管他人瓦上霜,俗语,俗语,别管别人事。,
LAZLJBB-340,坐牢家爸爸给女儿的八十封信,我的本领就是臭,068.我的本领就是臭.txt,7,7,臭气冲天,成语,成语,臭味极大。,
LAZLJBB-341,坐牢家爸爸给女儿的八十封信,我的本领就是臭,068.我的本领就是臭.txt,7,7,臭味相投,成语,成语,坏趣味相合。,
LAZLJBB-342,坐牢家爸爸给女儿的八十封信,我的本领就是臭,068.我的本领就是臭.txt,11,11,所向无敌,成语,成语,没有对手。,
LAZLJBB-343,坐牢家爸爸给女儿的八十封信,我的本领就是臭,068.我的本领就是臭.txt,35,35,无独有偶,成语,成语,并非只有一个，还有类似者。,
LAZLJBB-344,坐牢家爸爸给女儿的八十封信,古国神游,070.古国神游.txt,27,27,"What is four-footed in the morning, two-footed at noon, three-footed in the evening?",谜语,斯芬克斯谜语,希腊神话中的人生谜语。,
LAZLJBB-345,坐牢家爸爸给女儿的八十封信,古国神游,070.古国神游.txt,27,27,"Man, who in childhood creeps on hands and knees, in manhood walks erect, and in old age uses a staff",谜语答案,斯芬克斯谜语,人之幼壮老三阶段。,
LAZLJBB-346,坐牢家爸爸给女儿的八十封信,古国神游,070.古国神游.txt,29,29,琳琅满目,成语,成语,美好事物满眼都是。,
LAZLJBB-347,坐牢家爸爸给女儿的八十封信,“古希腊的辉煌”,071.“古希腊的辉煌”.txt,11,13,古希腊的辉煌,诗句译句,爱伦坡《给海伦》,Poe 诗中名句。,
LAZLJBB-348,坐牢家爸爸给女儿的八十封信,“古希腊的辉煌”,071.“古希腊的辉煌”.txt,27,27,天仙化人,成语,成语,美如天人。,
LAZLJBB-349,坐牢家爸爸给女儿的八十封信,“古希腊的辉煌”,071.“古希腊的辉煌”.txt,29,29,即使他们带礼物来,典故译句,特洛伊木马故事,警惕希腊人赠礼的典故语意。,
LAZLJBB-350,坐牢家爸爸给女儿的八十封信,“古希腊的辉煌”,071.“古希腊的辉煌”.txt,31,31,A cat has nine lives,英文谚语,英语俗语,猫有九命。,
LAZLJBB-351,坐牢家爸爸给女儿的八十封信,“古希腊的辉煌”,071.“古希腊的辉煌”.txt,33,33,人非圣贤，孰能无过？,俗语,古语,人人都会犯错。,
LAZLJBB-352,坐牢家爸爸给女儿的八十封信,“古希腊的辉煌”,071.“古希腊的辉煌”.txt,33,33,Even Homer nods,英文格言,英语典故,连荷马也打瞌睡。,
LAZLJBB-353,坐牢家爸爸给女儿的八十封信,“古希腊的辉煌”,071.“古希腊的辉煌”.txt,53,53,The most un-Greek thing we can do is copy the Greeks,哲学妙语,A. N. Whitehead,最不希腊的事就是照抄希腊人。,
LAZLJBB-354,坐牢家爸爸给女儿的八十封信,“古希腊的辉煌”,071.“古希腊的辉煌”.txt,59,59,快刀斩乱麻,成语,成语,迅速解决复杂问题。,
LAZLJBB-355,坐牢家爸爸给女儿的八十封信,“古希腊的辉煌”,071.“古希腊的辉煌”.txt,63,63,如果我不是亚历山大，我就想做Diogenes,哲人轶语,亚历山大语,羡慕第欧根尼的自由。,
LAZLJBB-356,坐牢家爸爸给女儿的八十封信,“古罗马的壮丽”,072.“古罗马的壮丽”.txt,7,7,条条大路通罗马,英文谚语译句,英语俗语,All roads lead to Rome。,
LAZLJBB-357,坐牢家爸爸给女儿的八十封信,“古罗马的壮丽”,072.“古罗马的壮丽”.txt,9,9,In Rome do as the Romans do,英文谚语,英语俗语,入乡随俗。,
LAZLJBB-358,坐牢家爸爸给女儿的八十封信,“古罗马的壮丽”,072.“古罗马的壮丽”.txt,9,9,过路问禁，入乡问俗,俗语,俗语,到一地要问清习俗禁忌。,
LAZLJBB-359,坐牢家爸爸给女儿的八十封信,“古罗马的壮丽”,072.“古罗马的壮丽”.txt,11,11,Rome was not built in a day,英文谚语,英语俗语,罗马不是一天造成的。,
LAZLJBB-360,坐牢家爸爸给女儿的八十封信,“古罗马的壮丽”,072.“古罗马的壮丽”.txt,37,37,如果Cleopatra的鼻子短一点，整个世界的脸蛋都变了,哲学妙语译句,Pascal,小变化可能改变世界面貌。,
LAZLJBB-361,坐牢家爸爸给女儿的八十封信,“古罗马的壮丽”,072.“古罗马的壮丽”.txt,47,47,It is Greek to me,英文成语,英语俗语,我完全不懂。,
LAZLJBB-362,坐牢家爸爸给女儿的八十封信,波澜N多的波兰,073.波澜N多的波兰.txt,7,7,瓜剖豆分,成语,成语,被分割。,
LAZLJBB-363,坐牢家爸爸给女儿的八十封信,波澜N多的波兰,073.波澜N多的波兰.txt,15,15,失之东隅，收之桑榆,成语,成语,一处失去，另一处得到。,
LAZLJBB-364,坐牢家爸爸给女儿的八十封信,波澜N多的波兰,073.波澜N多的波兰.txt,17,17,慷他人之慨,成语,成语,拿别人的东西做人情。,
LAZLJBB-365,坐牢家爸爸给女儿的八十封信,登天梯,074.登天梯.txt,7,7,mess of pottage,圣经典故,《旧约》,以一碗炖菜换长子名分。,
LAZLJBB-366,坐牢家爸爸给女儿的八十封信,登天梯,074.登天梯.txt,19,19,因小失大,成语,成语,为小利失大利。,
LAZLJBB-367,坐牢家爸爸给女儿的八十封信,登天梯,074.登天梯.txt,19,19,得不偿失,成语,成语,所得抵不上所失。,
LAZLJBB-368,坐牢家爸爸给女儿的八十封信,登天梯,074.登天梯.txt,23,23,"And he dreamed, and behold a ladder set up on the earth",圣经引文,《创世记》,雅各梦见登天梯。,
